case,batch_size,context_length,mode,profile,classification,capacity_domain,capacity_state,spill_bytes,kv_cache_bytes,cache_key,gpu_read_transactions,local_kv_read_transactions,cxl_kv_read_transactions,pim_gwrite_waves,pim_mac_waves,pim_read_waves,tick_ps,local_channels,cxl_channels,gpu_injected_requests,gpu_completed_requests,local_kv_injected_requests,local_kv_completed_requests,cxl_kv_injected_requests,cxl_kv_completed_requests,pim_injected_requests,pim_completed_requests,gpu_completion_cycles,local_kv_completion_cycles,cxl_kv_completion_cycles,pim_completion_cycles,total_completion_cycles,local_read_latency_cycles,cxl_read_latency_cycles,cxl_queue_wait_cycles,cxl_max_queue_wait_cycles,cxl_request_residence_cycles,cxl_max_request_residence_cycles,cxl_link_busy_cycles,cxl_controller_completion_cycles,gpu_injection_rejected_attempts,local_kv_injection_rejected_attempts,cxl_kv_injection_rejected_attempts,total_completion_us,cxl_queue_wait_us,cxl_read_latency_us,cxl_link_busy_ratio,cxl_bandwidth_gb_s,cxl_latency_us
b8_c32k,8,32768,expert-only,conservative-assumption,Ramulator request-level memory-only CXL sensitivity; no A800 timing,a800-80gb,spill,6834745344,25769803776,52a084dfc218ae0b6e84681e05f87ad78c4c4c67dc04d969973d0447ba6f33c2,288,0,0,1,1,1,312,128,4,288,288,0,0,0,0,768,768,121,0,0,192,192,31824,0,0,0,0,0,0,0,0,0,0,0.059904,0.0,0.0,0.0,32.0,0.5
b8_c32k,8,32768,local-kv-only,conservative-assumption,Ramulator request-level memory-only CXL sensitivity; no A800 timing,a800-80gb,spill,6834745344,25769803776,4cf151b8f80c5f3fb86699b243ec154209667ca9d907743316277f453c1f8205,0,4096,0,0,0,0,312,128,4,0,0,4096,4096,0,0,0,0,0,279,0,0,279,761856,0,0,0,0,0,0,0,0,0,0,0.087048,0.0,0.0,0.0,32.0,0.5
b8_c32k,8,32768,cxl-kv-only,conservative-assumption,Ramulator request-level memory-only CXL sensitivity; no A800 timing,a800-80gb,spill,6834745344,25769803776,039d4787eebf4d012888851034728fd48eed2cc4e035edc78c41c13ecb5bbba7,0,0,1087,0,0,0,312,128,4,0,0,0,0,1087,1087,0,0,0,0,5127,0,5127,0,3582577,1840116,3328,3582577,4931,14131,5127,0,0,320,1.599624,574.116192,1117.764024,0.6890481763214356,32.0,0.5
b8_c32k,8,32768,local-kv-plus-expert,conservative-assumption,Ramulator request-level memory-only CXL sensitivity; no A800 timing,a800-80gb,spill,6834745344,25769803776,b1b18db60414f1d12e5dc0bcb898b7aa646faf6b23125a08215f35231a6b7d12,288,3009,0,1,1,1,312,128,4,288,288,3009,3009,0,0,768,768,127,271,0,192,271,562878,0,0,0,0,0,0,0,0,0,0,0.084552,0.0,0.0,0.0,32.0,0.5
b8_c32k,8,32768,cxl-kv-plus-local-kv,conservative-assumption,Ramulator request-level memory-only CXL sensitivity; no A800 timing,a800-80gb,spill,6834745344,25769803776,67fa4e57f83b56e1b2e7836db9f4af0f198029d32aef15f1e3d47d25d38fe1a5,0,3009,1087,0,0,0,312,128,4,0,0,3009,3009,1087,1087,0,0,0,237,5127,0,5127,492735,3582577,1840116,3328,3582577,4931,14131,5127,0,0,320,1.599624,574.116192,1117.764024,0.6890481763214356,32.0,0.5
b8_c32k,8,32768,cxl-kv-plus-local-kv-plus-expert,conservative-assumption,Ramulator request-level memory-only CXL sensitivity; no A800 timing,a800-80gb,spill,6834745344,25769803776,7f97480a244b4a63ede6027daa1361ef49b68fac33e2fee5a539dfa1f19be7e0,288,3009,1087,1,1,1,312,128,4,288,288,3009,3009,1087,1087,768,768,127,271,5127,192,5127,562878,3582577,1840116,3328,3582577,4931,14131,5127,0,0,320,1.599624,574.116192,1117.764024,0.6890481763214356,32.0,0.5
b8_c32k,8,32768,expert-only,nominal-assumption,Ramulator request-level memory-only CXL sensitivity; no A800 timing,a800-80gb,spill,6834745344,25769803776,a56c9396850fa29d51d890b4d7752aff7611639ff431bf701deb2f91e599e0a8,288,0,0,1,1,1,312,128,4,288,288,0,0,0,0,768,768,121,0,0,192,192,31824,0,0,0,0,0,0,0,0,0,0,0.059904,0.0,0.0,0.0,64.0,0.25
b8_c32k,8,32768,local-kv-only,nominal-assumption,Ramulator request-level memory-only CXL sensitivity; no A800 timing,a800-80gb,spill,6834745344,25769803776,0046f86ec5c72f73b787c3a913d7dcecb5229d41ed147af07f1a6d6392065738,0,4096,0,0,0,0,312,128,4,0,0,4096,4096,0,0,0,0,0,279,0,0,279,761856,0,0,0,0,0,0,0,0,0,0,0.087048,0.0,0.0,0.0,64.0,0.25
b8_c32k,8,32768,cxl-kv-only,nominal-assumption,Ramulator request-level memory-only CXL sensitivity; no A800 timing,a800-80gb,spill,6834745344,25769803776,87e1a8d066c698b76a4f3ba97d1fe6f5c960244c1a9829d679cf3a9366a3a3b0,0,0,1087,0,0,0,312,128,4,0,0,0,0,1087,1087,0,0,0,0,2700,0,2700,0,1829627,957853,1763,1829627,2565,7609,2700,0,0,0,0.8424,298.850136,570.843624,0.7045370370370371,64.0,0.25
b8_c32k,8,32768,local-kv-plus-expert,nominal-assumption,Ramulator request-level memory-only CXL sensitivity; no A800 timing,a800-80gb,spill,6834745344,25769803776,5f62e0d3960c749599463c93d9c5ca971b7c5dca3ba74781af85d2ae89288bd6,288,3009,0,1,1,1,312,128,4,288,288,3009,3009,0,0,768,768,127,271,0,192,271,562878,0,0,0,0,0,0,0,0,0,0,0.084552,0.0,0.0,0.0,64.0,0.25
b8_c32k,8,32768,cxl-kv-plus-local-kv,nominal-assumption,Ramulator request-level memory-only CXL sensitivity; no A800 timing,a800-80gb,spill,6834745344,25769803776,9dd2cd9d903eb1458449472cf3ea178b4a45f91b8946c1334f469bd929945e69,0,3009,1087,0,0,0,312,128,4,0,0,3009,3009,1087,1087,0,0,0,237,2700,0,2700,492735,1829627,957853,1763,1829627,2565,7609,2700,0,0,0,0.8424,298.850136,570.843624,0.7045370370370371,64.0,0.25
b8_c32k,8,32768,cxl-kv-plus-local-kv-plus-expert,nominal-assumption,Ramulator request-level memory-only CXL sensitivity; no A800 timing,a800-80gb,spill,6834745344,25769803776,e2042b780e2ea911176d053ea8e6e1912861b67aca0717b5238f406315f74879,288,3009,1087,1,1,1,312,128,4,288,288,3009,3009,1087,1087,768,768,127,271,2700,192,2700,562878,1829627,957853,1763,1829627,2565,7609,2700,0,0,0,0.8424,298.850136,570.843624,0.7045370370370371,64.0,0.25
b8_c32k,8,32768,expert-only,optimistic-assumption,Ramulator request-level memory-only CXL sensitivity; no A800 timing,a800-80gb,spill,6834745344,25769803776,112a48b3ec062db73e6d924241bcf6eb48ebd765d5815e1bd20ae8a7838bfd3b,288,0,0,1,1,1,312,128,4,288,288,0,0,0,0,768,768,121,0,0,192,192,31824,0,0,0,0,0,0,0,0,0,0,0.059904,0.0,0.0,0.0,128.0,0.1
b8_c32k,8,32768,local-kv-only,optimistic-assumption,Ramulator request-level memory-only CXL sensitivity; no A800 timing,a800-80gb,spill,6834745344,25769803776,1e646e5fd2874b7442e1a6a95076ce411233de8f64d8a44facae3f7c1d36de17,0,4096,0,0,0,0,312,128,4,0,0,4096,4096,0,0,0,0,0,279,0,0,279,761856,0,0,0,0,0,0,0,0,0,0,0.087048,0.0,0.0,0.0,128.0,0.1
b8_c32k,8,32768,cxl-kv-only,optimistic-assumption,Ramulator request-level memory-only CXL sensitivity; no A800 timing,a800-80gb,spill,6834745344,25769803776,e27d0e00bd06056da9209cc22823ebba0d9cd70caffffa233ea9b18b5f732704,0,0,1087,0,0,0,312,128,4,0,0,0,0,1087,1087,0,0,0,0,1406,0,1406,0,865321,516394,950,865321,1271,4348,1406,0,0,0,0.438672,161.114928,269.980152,0.7731152204836416,128.0,0.1
b8_c32k,8,32768,local-kv-plus-expert,optimistic-assumption,Ramulator request-level memory-only CXL sensitivity; no A800 timing,a800-80gb,spill,6834745344,25769803776,d5468c46db1d57ef01bd8d0880ee1e4c6b55f275b2661fea05f74bb5093942dc,288,3009,0,1,1,1,312,128,4,288,288,3009,3009,0,0,768,768,127,271,0,192,271,562878,0,0,0,0,0,0,0,0,0,0,0.084552,0.0,0.0,0.0,128.0,0.1
b8_c32k,8,32768,cxl-kv-plus-local-kv,optimistic-assumption,Ramulator request-level memory-only CXL sensitivity; no A800 timing,a800-80gb,spill,6834745344,25769803776,b0fb1d1ba54f0cd3e145aed4336cf9daa21c8925bcb425a80547bec1890fa011,0,3009,1087,0,0,0,312,128,4,0,0,3009,3009,1087,1087,0,0,0,237,1406,0,1406,492735,865321,516394,950,865321,1271,4348,1406,0,0,0,0.438672,161.114928,269.980152,0.7731152204836416,128.0,0.1
b8_c32k,8,32768,cxl-kv-plus-local-kv-plus-expert,optimistic-assumption,Ramulator request-level memory-only CXL sensitivity; no A800 timing,a800-80gb,spill,6834745344,25769803776,53e59c72368c400096c74846f2c3f2e2cc74025e1df0eaa551969034347d7cad,288,3009,1087,1,1,1,312,128,4,288,288,3009,3009,1087,1087,768,768,127,271,1406,192,1406,562878,865321,516394,950,865321,1271,4348,1406,0,0,0,0.438672,161.114928,269.980152,0.7731152204836416,128.0,0.1
b16_c16k,16,16384,expert-only,conservative-assumption,Ramulator request-level memory-only CXL sensitivity; no A800 timing,a800-80gb,spill,6835466240,25769803776,6530ed3570676ee189db0e340b26b1d5057246288147a68df758427f08a1123d,288,0,0,2,1,1,312,128,4,288,288,0,0,0,0,1024,1024,121,0,0,196,196,31824,0,0,0,0,0,0,0,0,0,0,0.061152,0.0,0.0,0.0,32.0,0.5
b16_c16k,16,16384,local-kv-only,conservative-assumption,Ramulator request-level memory-only CXL sensitivity; no A800 timing,a800-80gb,spill,6835466240,25769803776,edcf7b99ca3503be3f9c3d5ce42873d2023777108bd5c825b00164027f96fb4f,0,4096,0,0,0,0,312,128,4,0,0,4096,4096,0,0,0,0,0,279,0,0,279,761856,0,0,0,0,0,0,0,0,0,0,0.087048,0.0,0.0,0.0,32.0,0.5
b16_c16k,16,16384,cxl-kv-only,conservative-assumption,Ramulator request-level memory-only CXL sensitivity; no A800 timing,a800-80gb,spill,6835466240,25769803776,811a7e295cf706bab0fe680796efe29684533b54c91734ffdd42d05bd7bcb4d5,0,0,1087,0,0,0,312,128,4,0,0,0,0,1087,1087,0,0,0,0,5127,0,5127,0,3582577,1840116,3328,3582577,4931,14131,5127,0,0,320,1.599624,574.116192,1117.764024,0.6890481763214356,32.0,0.5
b16_c16k,16,16384,local-kv-plus-expert,conservative-assumption,Ramulator request-level memory-only CXL sensitivity; no A800 timing,a800-80gb,spill,6835466240,25769803776,810516a7d1feb3f80923a4bf112f189b8ade40c50bad27c8340c1de5dcda8734,288,3009,0,2,1,1,312,128,4,288,288,3009,3009,0,0,1024,1024,127,271,0,197,271,562878,0,0,0,0,0,0,0,0,0,0,0.084552,0.0,0.0,0.0,32.0,0.5
b16_c16k,16,16384,cxl-kv-plus-local-kv,conservative-assumption,Ramulator request-level memory-only CXL sensitivity; no A800 timing,a800-80gb,spill,6835466240,25769803776,46df108b17147c30a9979d9decc3470d3ba04b08defe1654de94b8a5000ec896,0,3009,1087,0,0,0,312,128,4,0,0,3009,3009,1087,1087,0,0,0,237,5127,0,5127,492735,3582577,1840116,3328,3582577,4931,14131,5127,0,0,320,1.599624,574.116192,1117.764024,0.6890481763214356,32.0,0.5
b16_c16k,16,16384,cxl-kv-plus-local-kv-plus-expert,conservative-assumption,Ramulator request-level memory-only CXL sensitivity; no A800 timing,a800-80gb,spill,6835466240,25769803776,fb48d2cec1c25fcd71178d70cbbf9cbd8f793b251b401f150818bb5a8c9a6f73,288,3009,1087,2,1,1,312,128,4,288,288,3009,3009,1087,1087,1024,1024,127,271,5127,197,5127,562878,3582577,1840116,3328,3582577,4931,14131,5127,0,0,320,1.599624,574.116192,1117.764024,0.6890481763214356,32.0,0.5
b16_c16k,16,16384,expert-only,nominal-assumption,Ramulator request-level memory-only CXL sensitivity; no A800 timing,a800-80gb,spill,6835466240,25769803776,46037f62db4d958f386ee7e6c1c5d783c65f21bd7b6a5b8e4ed90d3f2c43d3aa,288,0,0,2,1,1,312,128,4,288,288,0,0,0,0,1024,1024,121,0,0,196,196,31824,0,0,0,0,0,0,0,0,0,0,0.061152,0.0,0.0,0.0,64.0,0.25
b16_c16k,16,16384,local-kv-only,nominal-assumption,Ramulator request-level memory-only CXL sensitivity; no A800 timing,a800-80gb,spill,6835466240,25769803776,231926534d1616e935fa75e685726d45ff38c3c7eb6ad4cb89bc95456514d83c,0,4096,0,0,0,0,312,128,4,0,0,4096,4096,0,0,0,0,0,279,0,0,279,761856,0,0,0,0,0,0,0,0,0,0,0.087048,0.0,0.0,0.0,64.0,0.25
b16_c16k,16,16384,cxl-kv-only,nominal-assumption,Ramulator request-level memory-only CXL sensitivity; no A800 timing,a800-80gb,spill,6835466240,25769803776,40995d1614080b7472e07c29b2fbb57d64075e0f8d089eae1aa614d663d235a8,0,0,1087,0,0,0,312,128,4,0,0,0,0,1087,1087,0,0,0,0,2700,0,2700,0,1829627,957853,1763,1829627,2565,7609,2700,0,0,0,0.8424,298.850136,570.843624,0.7045370370370371,64.0,0.25
b16_c16k,16,16384,local-kv-plus-expert,nominal-assumption,Ramulator request-level memory-only CXL sensitivity; no A800 timing,a800-80gb,spill,6835466240,25769803776,e75571b5f1fdf53195c819bd781f48f48e1e0040b724cb22b31b3b1c793034ae,288,3009,0,2,1,1,312,128,4,288,288,3009,3009,0,0,1024,1024,127,271,0,197,271,562878,0,0,0,0,0,0,0,0,0,0,0.084552,0.0,0.0,0.0,64.0,0.25
b16_c16k,16,16384,cxl-kv-plus-local-kv,nominal-assumption,Ramulator request-level memory-only CXL sensitivity; no A800 timing,a800-80gb,spill,6835466240,25769803776,3aac781c728c319eb3f8d05c356f29d27598c772481fecfcfd07a1cb583b9eed,0,3009,1087,0,0,0,312,128,4,0,0,3009,3009,1087,1087,0,0,0,237,2700,0,2700,492735,1829627,957853,1763,1829627,2565,7609,2700,0,0,0,0.8424,298.850136,570.843624,0.7045370370370371,64.0,0.25
b16_c16k,16,16384,cxl-kv-plus-local-kv-plus-expert,nominal-assumption,Ramulator request-level memory-only CXL sensitivity; no A800 timing,a800-80gb,spill,6835466240,25769803776,eec05b1d951d4ec3bc809d39a0c92acbbbe5ef749aac240eac15767a120ade69,288,3009,1087,2,1,1,312,128,4,288,288,3009,3009,1087,1087,1024,1024,127,271,2700,197,2700,562878,1829627,957853,1763,1829627,2565,7609,2700,0,0,0,0.8424,298.850136,570.843624,0.7045370370370371,64.0,0.25
b16_c16k,16,16384,expert-only,optimistic-assumption,Ramulator request-level memory-only CXL sensitivity; no A800 timing,a800-80gb,spill,6835466240,25769803776,7bc627c4469e97e728e5d67d215bea2c89e26864b568d021bb25f7b06fa5d6e4,288,0,0,2,1,1,312,128,4,288,288,0,0,0,0,1024,1024,121,0,0,196,196,31824,0,0,0,0,0,0,0,0,0,0,0.061152,0.0,0.0,0.0,128.0,0.1
b16_c16k,16,16384,local-kv-only,optimistic-assumption,Ramulator request-level memory-only CXL sensitivity; no A800 timing,a800-80gb,spill,6835466240,25769803776,d0ceb7cd4af714c2b4005a476abdce56f5b15f3212fadbd949f42e9377241477,0,4096,0,0,0,0,312,128,4,0,0,4096,4096,0,0,0,0,0,279,0,0,279,761856,0,0,0,0,0,0,0,0,0,0,0.087048,0.0,0.0,0.0,128.0,0.1
b16_c16k,16,16384,cxl-kv-only,optimistic-assumption,Ramulator request-level memory-only CXL sensitivity; no A800 timing,a800-80gb,spill,6835466240,25769803776,b264018ecc855d3d25667c255452abc31d8d3ce8d059feb5d6817f0e51fb723d,0,0,1087,0,0,0,312,128,4,0,0,0,0,1087,1087,0,0,0,0,1406,0,1406,0,865321,516394,950,865321,1271,4348,1406,0,0,0,0.438672,161.114928,269.980152,0.7731152204836416,128.0,0.1
b16_c16k,16,16384,local-kv-plus-expert,optimistic-assumption,Ramulator request-level memory-only CXL sensitivity; no A800 timing,a800-80gb,spill,6835466240,25769803776,c03586646cef278860aa813006449bb2404cc58663449fb740fa486ac1b9355b,288,3009,0,2,1,1,312,128,4,288,288,3009,3009,0,0,1024,1024,127,271,0,197,271,562878,0,0,0,0,0,0,0,0,0,0,0.084552,0.0,0.0,0.0,128.0,0.1
b16_c16k,16,16384,cxl-kv-plus-local-kv,optimistic-assumption,Ramulator request-level memory-only CXL sensitivity; no A800 timing,a800-80gb,spill,6835466240,25769803776,80a82e18041bcd687cbe1bb22e4987d87dfdf81a4b58a696e1e2cecfd5e2cc26,0,3009,1087,0,0,0,312,128,4,0,0,3009,3009,1087,1087,0,0,0,237,1406,0,1406,492735,865321,516394,950,865321,1271,4348,1406,0,0,0,0.438672,161.114928,269.980152,0.7731152204836416,128.0,0.1
b16_c16k,16,16384,cxl-kv-plus-local-kv-plus-expert,optimistic-assumption,Ramulator request-level memory-only CXL sensitivity; no A800 timing,a800-80gb,spill,6835466240,25769803776,dce3a43491ed68378831daac20630b1cd5f3f672b3ad1c3871374e2da3eda0ed,288,3009,1087,2,1,1,312,128,4,288,288,3009,3009,1087,1087,1024,1024,127,271,1406,197,1406,562878,865321,516394,950,865321,1271,4348,1406,0,0,0,0.438672,161.114928,269.980152,0.7731152204836416,128.0,0.1
b16_c32k,16,32768,expert-only,conservative-assumption,Ramulator request-level memory-only CXL sensitivity; no A800 timing,a800-80gb,spill,32605270016,51539607552,393f2e79747027edfe553e51e8a04c11b864bf26386ea5c0ce2869407cb2bb38,288,0,0,2,1,1,312,128,4,288,288,0,0,0,0,1024,1024,121,0,0,196,196,31824,0,0,0,0,0,0,0,0,0,0,0.061152,0.0,0.0,0.0,32.0,0.5
b16_c32k,16,32768,local-kv-only,conservative-assumption,Ramulator request-level memory-only CXL sensitivity; no A800 timing,a800-80gb,spill,32605270016,51539607552,cdadc3d87ca761a86e1fb783c439a7dbfd8652927a84a0eb27298faeb6f1499c,0,8192,0,0,0,0,312,128,4,0,0,8192,8192,0,0,0,0,0,375,0,0,375,1678848,0,0,0,0,0,0,0,0,0,0,0.117,0.0,0.0,0.0,32.0,0.5
b16_c32k,16,32768,cxl-kv-only,conservative-assumption,Ramulator request-level memory-only CXL sensitivity; no A800 timing,a800-80gb,spill,32605270016,51539607552,f15c9311a0c2d4470e434cfa5aebf89b03bddc8401ef411904be1bd4a15f88c3,0,0,5183,0,0,0,312,128,4,0,0,0,0,5183,5183,0,0,0,0,18439,0,18439,0,23779953,15471604,3328,23779953,4931,67379,18439,0,0,76096,5.752968,4827.140448,7419.345336,0.9135392374857638,32.0,0.5
b16_c32k,16,32768,local-kv-plus-expert,conservative-assumption,Ramulator request-level memory-only CXL sensitivity; no A800 timing,a800-80gb,spill,32605270016,51539607552,2bddd9c895792a35d027b4824807913d2d3878f1a7ca93d220086cfbdc215ceb,288,3009,0,2,1,1,312,128,4,288,288,3009,3009,0,0,1024,1024,127,271,0,197,271,562878,0,0,0,0,0,0,0,0,0,0,0.084552,0.0,0.0,0.0,32.0,0.5
b16_c32k,16,32768,cxl-kv-plus-local-kv,conservative-assumption,Ramulator request-level memory-only CXL sensitivity; no A800 timing,a800-80gb,spill,32605270016,51539607552,e837d3c923ba1f7e6d51a8ef2d7748ad388e9473ce5c48463db8dfd817a7e3f2,0,3009,5183,0,0,0,312,128,4,0,0,3009,3009,5183,5183,0,0,0,237,18439,0,18439,492735,23779953,15471604,3328,23779953,4931,67379,18439,0,0,76096,5.752968,4827.140448,7419.345336,0.9135392374857638,32.0,0.5
b16_c32k,16,32768,cxl-kv-plus-local-kv-plus-expert,conservative-assumption,Ramulator request-level memory-only CXL sensitivity; no A800 timing,a800-80gb,spill,32605270016,51539607552,e817a574d4573a53e5bfa90f84d13240f8f400874e6707776f97446dce322b11,288,3009,5183,2,1,1,312,128,4,288,288,3009,3009,5183,5183,1024,1024,127,271,18439,197,18439,562878,23779953,15471604,3328,23779953,4931,67379,18439,0,0,76096,5.752968,4827.140448,7419.345336,0.9135392374857638,32.0,0.5
b16_c32k,16,32768,expert-only,nominal-assumption,Ramulator request-level memory-only CXL sensitivity; no A800 timing,a800-80gb,spill,32605270016,51539607552,2dacd12b745fccafe7e84a78d7da0866a216ab2acdad6819bfaaeef664658fd2,288,0,0,2,1,1,312,128,4,288,288,0,0,0,0,1024,1024,121,0,0,196,196,31824,0,0,0,0,0,0,0,0,0,0,0.061152,0.0,0.0,0.0,64.0,0.25
b16_c32k,16,32768,local-kv-only,nominal-assumption,Ramulator request-level memory-only CXL sensitivity; no A800 timing,a800-80gb,spill,32605270016,51539607552,ed96c347dd375654cdf43a4675d593a2292b249837e99d91981b4ef046d7943d,0,8192,0,0,0,0,312,128,4,0,0,8192,8192,0,0,0,0,0,375,0,0,375,1678848,0,0,0,0,0,0,0,0,0,0,0.117,0.0,0.0,0.0,64.0,0.25
b16_c32k,16,32768,cxl-kv-only,nominal-assumption,Ramulator request-level memory-only CXL sensitivity; no A800 timing,a800-80gb,spill,32605270016,51539607552,2f8698dac6ca7369f016e4b2f4db5d666f29d069c574c94e7985505b2c58e8ee,0,0,5183,0,0,0,312,128,4,0,0,0,0,5183,5183,0,0,0,0,9868,0,9868,0,12454414,8297648,1792,12454414,2594,36281,9868,0,0,38730,3.078816,2588.866176,3885.777168,0.9191578840697203,64.0,0.25
b16_c32k,16,32768,local-kv-plus-expert,nominal-assumption,Ramulator request-level memory-only CXL sensitivity; no A800 timing,a800-80gb,spill,32605270016,51539607552,b7a456273c64dad3737628820665a52a987a2c6fd34553ffaee4e09296dd9b95,288,3009,0,2,1,1,312,128,4,288,288,3009,3009,0,0,1024,1024,127,271,0,197,271,562878,0,0,0,0,0,0,0,0,0,0,0.084552,0.0,0.0,0.0,64.0,0.25
b16_c32k,16,32768,cxl-kv-plus-local-kv,nominal-assumption,Ramulator request-level memory-only CXL sensitivity; no A800 timing,a800-80gb,spill,32605270016,51539607552,9838e91931cf660e18b380ab0b607b05892a93b62acd9a436576c8f74a3c6720,0,3009,5183,0,0,0,312,128,4,0,0,3009,3009,5183,5183,0,0,0,237,9868,0,9868,492735,12454414,8297648,1792,12454414,2594,36281,9868,0,0,38730,3.078816,2588.866176,3885.777168,0.9191578840697203,64.0,0.25
b16_c32k,16,32768,cxl-kv-plus-local-kv-plus-expert,nominal-assumption,Ramulator request-level memory-only CXL sensitivity; no A800 timing,a800-80gb,spill,32605270016,51539607552,79d96d84cfcc5eae92afd32f9958dd2523997c5580a2ac430602e46ace89c196,288,3009,5183,2,1,1,312,128,4,288,288,3009,3009,5183,5183,1024,1024,127,271,9868,197,9868,562878,12454414,8297648,1792,12454414,2594,36281,9868,0,0,38730,3.078816,2588.866176,3885.777168,0.9191578840697203,64.0,0.25
b16_c32k,16,32768,expert-only,optimistic-assumption,Ramulator request-level memory-only CXL sensitivity; no A800 timing,a800-80gb,spill,32605270016,51539607552,d5d84f66b696a5e6eb09cc08e120c99a20ae89faa2fc80068753ead7e59a622c,288,0,0,2,1,1,312,128,4,288,288,0,0,0,0,1024,1024,121,0,0,196,196,31824,0,0,0,0,0,0,0,0,0,0,0.061152,0.0,0.0,0.0,128.0,0.1
b16_c32k,16,32768,local-kv-only,optimistic-assumption,Ramulator request-level memory-only CXL sensitivity; no A800 timing,a800-80gb,spill,32605270016,51539607552,7d0c6199374baa3f0ebe303661700dae2b82fcfbdbf89aabc36e4800dd13afcf,0,8192,0,0,0,0,312,128,4,0,0,8192,8192,0,0,0,0,0,375,0,0,375,1678848,0,0,0,0,0,0,0,0,0,0,0.117,0.0,0.0,0.0,128.0,0.1
b16_c32k,16,32768,cxl-kv-only,optimistic-assumption,Ramulator request-level memory-only CXL sensitivity; no A800 timing,a800-80gb,spill,32605270016,51539607552,c423d53a3f75d77619df76cca66d4cb3c758c7c421466f6eae042e2efbccb4d1,0,0,5183,0,0,0,312,128,4,0,0,0,0,5183,5183,0,0,0,0,5502,0,5502,0,6371363,4707620,1024,6371363,1345,20732,5502,0,0,20045,1.716624,1468.77744,1987.865256,0.9420210832424573,128.0,0.1
b16_c32k,16,32768,local-kv-plus-expert,optimistic-assumption,Ramulator request-level memory-only CXL sensitivity; no A800 timing,a800-80gb,spill,32605270016,51539607552,83c8bfafe041b7429471b39e6f6c63113d51e867c73de2543453ef0bf18ac51c,288,3009,0,2,1,1,312,128,4,288,288,3009,3009,0,0,1024,1024,127,271,0,197,271,562878,0,0,0,0,0,0,0,0,0,0,0.084552,0.0,0.0,0.0,128.0,0.1
b16_c32k,16,32768,cxl-kv-plus-local-kv,optimistic-assumption,Ramulator request-level memory-only CXL sensitivity; no A800 timing,a800-80gb,spill,32605270016,51539607552,8587df7baa1987d6abf80013857e7b6134571344af2a07bda20700f47a913374,0,3009,5183,0,0,0,312,128,4,0,0,3009,3009,5183,5183,0,0,0,237,5502,0,5502,492735,6371363,4707620,1024,6371363,1345,20732,5502,0,0,20045,1.716624,1468.77744,1987.865256,0.9420210832424573,128.0,0.1
b16_c32k,16,32768,cxl-kv-plus-local-kv-plus-expert,optimistic-assumption,Ramulator request-level memory-only CXL sensitivity; no A800 timing,a800-80gb,spill,32605270016,51539607552,54030124c4c1a59ad2c0f952e89e49c06b5c774a1ec98cb5f6b5e9ccf177065b,288,3009,5183,2,1,1,312,128,4,288,288,3009,3009,5183,5183,1024,1024,127,271,5502,197,5502,562878,6371363,4707620,1024,6371363,1345,20732,5502,0,0,20045,1.716624,1468.77744,1987.865256,0.9420210832424573,128.0,0.1
b32_c16k,32,16384,expert-only,conservative-assumption,Ramulator request-level memory-only CXL sensitivity; no A800 timing,a800-80gb,spill,32606711808,51539607552,8b11170bbc30bf8157966d9a563cb510abcea36f01c00630ccbc6d58589e12e0,288,0,0,4,2,1,312,128,4,288,288,0,0,0,0,1792,1792,121,0,0,284,284,31824,0,0,0,0,0,0,0,0,0,0,0.088608,0.0,0.0,0.0,32.0,0.5
b32_c16k,32,16384,local-kv-only,conservative-assumption,Ramulator request-level memory-only CXL sensitivity; no A800 timing,a800-80gb,spill,32606711808,51539607552,a5a078432f3750448ba6b2ce3893864ec8c03d4bac3f907c19388d5874460d44,0,8192,0,0,0,0,312,128,4,0,0,8192,8192,0,0,0,0,0,375,0,0,375,1678848,0,0,0,0,0,0,0,0,0,0,0.117,0.0,0.0,0.0,32.0,0.5
b32_c16k,32,16384,cxl-kv-only,conservative-assumption,Ramulator request-level memory-only CXL sensitivity; no A800 timing,a800-80gb,spill,32606711808,51539607552,8ab95bcbdf128904ad1608b26894374da0b1c7732d8e4d0bda7f94c3fe7c6af2,0,0,5183,0,0,0,312,128,4,0,0,0,0,5183,5183,0,0,0,0,18439,0,18439,0,23779953,15471604,3328,23779953,4931,67379,18439,0,0,76096,5.752968,4827.140448,7419.345336,0.9135392374857638,32.0,0.5
b32_c16k,32,16384,local-kv-plus-expert,conservative-assumption,Ramulator request-level memory-only CXL sensitivity; no A800 timing,a800-80gb,spill,32606711808,51539607552,bafd7085079e6129df099b6f71cdea6b96df476ade89ad1fa86ae3402130585d,288,3009,0,4,2,1,312,128,4,288,288,3009,3009,0,0,1792,1792,127,271,0,285,285,563006,0,0,0,0,0,0,0,0,0,0,0.08892,0.0,0.0,0.0,32.0,0.5
b32_c16k,32,16384,cxl-kv-plus-local-kv,conservative-assumption,Ramulator request-level memory-only CXL sensitivity; no A800 timing,a800-80gb,spill,32606711808,51539607552,e27c8a9fefe326e764a6b6bc7c970c03072605f3efde8d2093bb9c37ffabfaf3,0,3009,5183,0,0,0,312,128,4,0,0,3009,3009,5183,5183,0,0,0,237,18439,0,18439,492735,23779953,15471604,3328,23779953,4931,67379,18439,0,0,76096,5.752968,4827.140448,7419.345336,0.9135392374857638,32.0,0.5
b32_c16k,32,16384,cxl-kv-plus-local-kv-plus-expert,conservative-assumption,Ramulator request-level memory-only CXL sensitivity; no A800 timing,a800-80gb,spill,32606711808,51539607552,fa03ee304f2aee4c8375d62e59885b11e38b60c4c80f668fa1a4850dff8f24c0,288,3009,5183,4,2,1,312,128,4,288,288,3009,3009,5183,5183,1792,1792,127,271,18439,285,18439,563006,23779953,15471604,3328,23779953,4931,67379,18439,0,0,76096,5.752968,4827.140448,7419.345336,0.9135392374857638,32.0,0.5
b32_c16k,32,16384,expert-only,nominal-assumption,Ramulator request-level memory-only CXL sensitivity; no A800 timing,a800-80gb,spill,32606711808,51539607552,4015974d5b1c45185d9e43641a58f1117cd262447657584c3f13ad9677851104,288,0,0,4,2,1,312,128,4,288,288,0,0,0,0,1792,1792,121,0,0,284,284,31824,0,0,0,0,0,0,0,0,0,0,0.088608,0.0,0.0,0.0,64.0,0.25
b32_c16k,32,16384,local-kv-only,nominal-assumption,Ramulator request-level memory-only CXL sensitivity; no A800 timing,a800-80gb,spill,32606711808,51539607552,801b38fb30703242e7ad09e89928329dc402e03f70fe475b39bd022d59cbe4d0,0,8192,0,0,0,0,312,128,4,0,0,8192,8192,0,0,0,0,0,375,0,0,375,1678848,0,0,0,0,0,0,0,0,0,0,0.117,0.0,0.0,0.0,64.0,0.25
b32_c16k,32,16384,cxl-kv-only,nominal-assumption,Ramulator request-level memory-only CXL sensitivity; no A800 timing,a800-80gb,spill,32606711808,51539607552,a12d33c9ebe82c296c6272cde633b8f01d345c749aa7c288ac9deb35d1fe98e7,0,0,5183,0,0,0,312,128,4,0,0,0,0,5183,5183,0,0,0,0,9868,0,9868,0,12454414,8297648,1792,12454414,2594,36281,9868,0,0,38730,3.078816,2588.866176,3885.777168,0.9191578840697203,64.0,0.25
b32_c16k,32,16384,local-kv-plus-expert,nominal-assumption,Ramulator request-level memory-only CXL sensitivity; no A800 timing,a800-80gb,spill,32606711808,51539607552,cfa951e7d9fcf79f6d457cc50b47aca884782428531dab909629dbab45e12a0d,288,3009,0,4,2,1,312,128,4,288,288,3009,3009,0,0,1792,1792,127,271,0,285,285,563006,0,0,0,0,0,0,0,0,0,0,0.08892,0.0,0.0,0.0,64.0,0.25
b32_c16k,32,16384,cxl-kv-plus-local-kv,nominal-assumption,Ramulator request-level memory-only CXL sensitivity; no A800 timing,a800-80gb,spill,32606711808,51539607552,cf4a3f0cd0c25f820f61e3be8260b6742db86cc65dbf03b1e584163b26456dca,0,3009,5183,0,0,0,312,128,4,0,0,3009,3009,5183,5183,0,0,0,237,9868,0,9868,492735,12454414,8297648,1792,12454414,2594,36281,9868,0,0,38730,3.078816,2588.866176,3885.777168,0.9191578840697203,64.0,0.25
b32_c16k,32,16384,cxl-kv-plus-local-kv-plus-expert,nominal-assumption,Ramulator request-level memory-only CXL sensitivity; no A800 timing,a800-80gb,spill,32606711808,51539607552,dd5453b603461f0cf9e9a8a2e027cac38f026cd970d258e705e36ce123bf775a,288,3009,5183,4,2,1,312,128,4,288,288,3009,3009,5183,5183,1792,1792,127,271,9868,285,9868,563006,12454414,8297648,1792,12454414,2594,36281,9868,0,0,38730,3.078816,2588.866176,3885.777168,0.9191578840697203,64.0,0.25
b32_c16k,32,16384,expert-only,optimistic-assumption,Ramulator request-level memory-only CXL sensitivity; no A800 timing,a800-80gb,spill,32606711808,51539607552,92e10260181e99f7401955c6b234ab7d60b8a0d2098776823df70fa242a2e40d,288,0,0,4,2,1,312,128,4,288,288,0,0,0,0,1792,1792,121,0,0,284,284,31824,0,0,0,0,0,0,0,0,0,0,0.088608,0.0,0.0,0.0,128.0,0.1
b32_c16k,32,16384,local-kv-only,optimistic-assumption,Ramulator request-level memory-only CXL sensitivity; no A800 timing,a800-80gb,spill,32606711808,51539607552,dd44c8bdabde750bc2b48f43288a35e2bfbaec6c6d6c1faa74d5244bead9c720,0,8192,0,0,0,0,312,128,4,0,0,8192,8192,0,0,0,0,0,375,0,0,375,1678848,0,0,0,0,0,0,0,0,0,0,0.117,0.0,0.0,0.0,128.0,0.1
b32_c16k,32,16384,cxl-kv-only,optimistic-assumption,Ramulator request-level memory-only CXL sensitivity; no A800 timing,a800-80gb,spill,32606711808,51539607552,1f80daca44d704d399ebf6db095e1f865ce32f26248702c536f423a0ff1f9fe7,0,0,5183,0,0,0,312,128,4,0,0,0,0,5183,5183,0,0,0,0,5502,0,5502,0,6371363,4707620,1024,6371363,1345,20732,5502,0,0,20045,1.716624,1468.77744,1987.865256,0.9420210832424573,128.0,0.1
b32_c16k,32,16384,local-kv-plus-expert,optimistic-assumption,Ramulator request-level memory-only CXL sensitivity; no A800 timing,a800-80gb,spill,32606711808,51539607552,bc6576cc6a972ec132c1ced78eaba371b1e37cecb8af2ae9592110c601c52b96,288,3009,0,4,2,1,312,128,4,288,288,3009,3009,0,0,1792,1792,127,271,0,285,285,563006,0,0,0,0,0,0,0,0,0,0,0.08892,0.0,0.0,0.0,128.0,0.1
b32_c16k,32,16384,cxl-kv-plus-local-kv,optimistic-assumption,Ramulator request-level memory-only CXL sensitivity; no A800 timing,a800-80gb,spill,32606711808,51539607552,6f044f16de8bd9f9d412eb0131739c73d4d12ac7fe583eb7c487970d35d1884c,0,3009,5183,0,0,0,312,128,4,0,0,3009,3009,5183,5183,0,0,0,237,5502,0,5502,492735,6371363,4707620,1024,6371363,1345,20732,5502,0,0,20045,1.716624,1468.77744,1987.865256,0.9420210832424573,128.0,0.1
b32_c16k,32,16384,cxl-kv-plus-local-kv-plus-expert,optimistic-assumption,Ramulator request-level memory-only CXL sensitivity; no A800 timing,a800-80gb,spill,32606711808,51539607552,1009464bb3bdde923d2acb370dd1923890035a592db42218832e7635c91ef56c,288,3009,5183,4,2,1,312,128,4,288,288,3009,3009,5183,5183,1792,1792,127,271,5502,285,5502,563006,6371363,4707620,1024,6371363,1345,20732,5502,0,0,20045,1.716624,1468.77744,1987.865256,0.9420210832424573,128.0,0.1
