attention_critical_path_us,baseline_total_latency_us,case,delta_vs_baseline_us,events_sha256,kv_read_bytes,kv_read_critical_path_us,memory_peak_bytes,mode,policy,run_manifest_sha256,summary_sha256,throughput_request_tokens_per_s,total_latency_us
390.291456,20842.673455105,b8_c4k,0.0,6d6d5b7976438c84986210d04faabcfce647504a9d03ad408bae6f482aad5468,25791823872,3223.977984,64291672064,serial-local-hbm-v1,gpu-only,c27b26253768fba5c97b7bdd83c03dcdf46482012e96c43172953d09820d2b82,3cdaff932863531e2f9b20f03fb8e40ee864502a0843f8d05d251e72fe54cb01,3070.623360187,20842.673455105
23385.318912,43837.700911105,b8_c4k,0.0,961c1d63e86266f6a1e5a783734788aaef7fc603d4bdfca39b19e1b70df432bd,25791823872,3223.977984,64291672064,serial-local-hbm-v1,noexp,c260c01cef4e602f643d393b9ebe354a22ca6b3558d9629414d5ac84bbdeba24,20ada94171a5faf6931a1134d04662b2560fefeb94153397c15643a64aa232ff,1459.930577331,43837.700911105
23385.318912,70556.591615999,b8_c4k,0.0,ef081500f9683efe3c6aedce6d2e56820d95ab4e42f4422aa82d075bb4ca609e,25791823872,3223.977984,64291672064,serial-local-hbm-v1,allexp,8ff8b0aedde9d5de17ce5fe7ee1ed4a293bb6a8e6b352554da526c91c65471df,872b7a3a75d23f7e6129f61b3b9bc357dbb9a16ceae30dcc823759a6431a1571,907.073294418,70556.591615999
23385.318912,42973.730436993,b8_c4k,0.0,653f29d08fb24765e6ea5ad2480c782a9c1189360db1af40185b58c8df17f5aa,25791823872,3223.977984,64291672064,serial-local-hbm-v1,pimoe,3009566f54a04035fc3a3085ab7fc7d9738f1e96785498ac33d5d9eda44479f3,f84623480a3d4e2a75bccffaf1e9fb94c7d5488f1a69acfb99a55e1c9b59de8b,1489.281925241,42973.730436993
23385.318912,51517.700911105,b8_c4k,0.0,a5684ce6ac47f0107d0b3e3bd968244ad55074a4c4cb5d4e112434fbbddfc177,25791823872,3223.977984,64291672064,serial-local-hbm-v1,sieve,5432ddaa7de624b5639644b09405d4e958e79924c357e101621a396c6ff754a8,dd823b5488362f1d4c3d0aafdbfb940da3684065d3d03109bec59c4eaf23743e,1242.291462316,51517.700911105
23385.318912,49435.349508161,b8_c4k,0.0,1c7aadf9becccb21042f7f55e8a2e30ec64b4d09f1ecc6c96f56b4454ed31aa1,25791823872,3223.977984,64291672064,serial-local-hbm-v1,sieve-cycle-v1,059a1a96f46aa756362df0324d0940909c7afe672ddd6a8a3b54ff3b151b6f9c,4c13a6bc140b25877d35930237a887b5cb33d96a4545da6a8f856a3c0c995e19,1294.620158181,49435.349508161
23385.318912,51517.700911105,b8_c4k,0.0,b21a8d094a256f23c86482549e549b71ddca7b0382c8221e6bca66b85e787c32,25791823872,3223.977984,64291672064,serial-local-hbm-v1,sieve-fixed-16-cycle-v1,5c9f6dc53c33a8bda3ee2624d991af07ae3454d4c290c2c94f9f815cd4beef29,3be4b0af6ced3672b183f6848ed87c8c2a1aed755de0a0671f84a04cdefd80ef,1242.291462316,51517.700911105
390.291456,24442.562095105,b8_c8k,0.0,b2d5eaff6ae912e70bf2cf92bb7436a1a7445682a9455d6caaa1d1c6d7c0b1ee,51561627648,6445.203456,67512897536,serial-local-hbm-v1,gpu-only,88d1087dd8e08f6cbfbb4a40a3796f67a39f59d7edeb312e88eb3a36b5e344ae,6134a3a36659025cad0dda68a4db98bb2a3d6134eca2e9a725b9735c13803be1,2618.383447324,24442.562095105
45933.506304,69985.776943104,b8_c8k,0.0,41deb881b27f99f4509b7ed929a8229ba72fce3e030353b7422a8c7ef060a456,51561627648,6445.203456,67512897536,serial-local-hbm-v1,noexp,71793d760fbe59bf06c9340655bc72c5f7dc63ba9708071f29c2897a4612d82f,8603dfd93e3bccdd1337d4c793b243607588f48368514544bcb0775ed2a9c041,914.471522579,69985.776943104
45933.506304,96326.004479998,b8_c8k,-9.89530235528946e-10,a3e4b3cf48612a4d1500c1686609891280c87e917f33096ace267552e1ba991a,51561627648,6445.203456,67512897536,serial-local-hbm-v1,allexp,61d4324764d5584cd9d47d25dd8cd88324d74849638daa425120eb68c8f03ce1,07e1438081a85b0a250b54f778aac81397197a0457e434954da6230ae9bd2d1b,664.410408648,96326.004479997
45933.506304,68835.0605712,b8_c8k,0.0,c6306366d9c7dc79e346998e37686554ec4e465b81fc35bd190e06f25252218a,51561627648,6445.203456,67512897536,serial-local-hbm-v1,pimoe,bade732b25068f27f60f264b5501f5e33a2fb84132e80cd7029fac1b4ec59a8c,ad545a8023e7953e1e96fa9606c8f8bda90387d3215ab239f1557e5a31a65ad0,929.758751847,68835.0605712
45933.506304,77665.776943103,b8_c8k,0.0,dec32821370ffe37e2e6023e139d8d5623731d1ec2b3f30595a0acefcb66e5e1,51561627648,6445.203456,67512897536,serial-local-hbm-v1,sieve,8aa4f59e9b4c3bf88a466ead958f2884a06c26d76423d58e00b3251cbcf2b9c9,3e324e7a40293ba70917f797a3f57b4faf1119a62873b5b6407ac8ed53de112c,824.043774736,77665.776943103
45933.506304,75262.999359103,b8_c8k,0.0,fd2d48107b4faf38f089abc967af43bc718a251b308a3a5459dbfff280071a08,51561627648,6445.203456,67512897536,serial-local-hbm-v1,sieve-cycle-v1,06a68d1572b435c455b396ac9826d5fb7757eb65ff1c210d0abddeaafe7bf040,50b557564f706547676625e46f97aa3f145157987d1b0b7175feb89362f6c251,850.351441545,75262.999359103
45933.506304,77614.655575935,b8_c8k,0.0,ffa8a4f9c96c337ad4920ae8234892f13fd0a36dd3337dd3ce9c7100b0ac9961,51561627648,6445.203456,67512897536,serial-local-hbm-v1,sieve-fixed-16-cycle-v1,2809b538c08ba5a3e96619a6a4984639404ad1370da0663b9989b93bbab18930,daa9fcd48981a3874b7e478dd3f5aea2ea0e03b06a90b6bc807c5bfc354a3814,824.586536204,77614.655575935
390.291456,30497.653807106,b8_c16k,-9.968061931431293e-10,172070f2738969135a1f31b75ac433ba8112efdf92e131a0a2fdf5ef5e6c85b1,103101235200,12887.6544,73955348480,serial-local-hbm-v1,gpu-only,312b99e3e6097e403aba88e277e364a82df9fb2ffb74cdbdc8793d2066c34cb9,13ca15ed36b8f8e8999679954b7b0c7e1a7677beff91113c02238fc2a74281f6,2098.5220832,30497.653807105
91031.064192001,121138.4265431,b8_c16k,0.0,6e5fea52f1664d936e5d74a5fe0b0c217fb2d45ecf6e693b6f4777a93707f223,103101235200,12887.6544,73955348480,serial-local-hbm-v1,noexp,e42562527084290a5015d0ad5fb02d093b82fd8db69e263fbd0eb2b961337728,c53498b3309992a2210c2b45bbb16c7d553dcac3e046d848a5850876d69888e3,528.321209267,121138.4265431
91031.064192001,147866.013311999,b8_c16k,0.0,014fe846ad4ba117f2f7c06bd1ba8ccb00c204564f32ad063a2544ae86d485dc,103101235200,12887.6544,73955348480,serial-local-hbm-v1,allexp,dcfb149ad0f4d5a18e95fab502861a9e36dcb4085be4f35f6f5ccf620ad68900,cb8b6cf338f0c3c9fb58ad2706d0ddc9841201b5cea885540f93956f511bedb6,432.82427494,147866.013311999
91031.064192001,120293.223962363,b8_c16k,1.0040821507573128e-09,96c422d76cf4bcb2ec4c91f1f2f4e5ea954dbd5e8a6a74e8d3e17d1115de8d27,103101235200,12887.6544,73955348480,serial-local-hbm-v1,pimoe,499e03852d87f2defec9ed9e6a21791a0d98ea3efd192f52045c359a0c9bbcc3,fcd1ebc934772c02dce9c2c2e05b7c4958243750d98817e1e606e2468941691a,532.033292416,120293.223962364
91031.064192001,128818.4265431,b8_c16k,0.0,ed5a82a14ae050906ef088e943c028edbd11dc9c78083acb543514677382ea5c,103101235200,12887.6544,73955348480,serial-local-hbm-v1,sieve,728b6eb520743c19db621aaa107a8fdecea81aaee469dcd41b1e140909045910,b76a6ccf02da43333e83e31548ee4da12ba3458d6fe9b08249441b270483aba4,496.823332791,128818.4265431
91031.064192001,126744.499905722,b8_c16k,0.0,cfbbd76cf9f2f6d11652669aad837c850b571e629c29e30e238a8ccd5bc93064,103101235200,12887.6544,73955348480,serial-local-hbm-v1,sieve-cycle-v1,d2d9d3cd1b7bb2f0827918476198423e1cde2cea56e5ea97f32e9f1a4e8ffa31,94c69233cbadee0601c1dff0094c2da2df8ebc5271eed5928dee1b3fe1b0b158,504.952878015,126744.499905722
91031.064192001,128818.4265431,b8_c16k,0.0,b0bcca9738071e883b059497d6a3ca9fddd707c099c46fac53358e77f72a8310,103101235200,12887.6544,73955348480,serial-local-hbm-v1,sieve-fixed-16-cycle-v1,0124b8336b645381f1f824c93c7be9fcc0b4a583457ead081edb3e3d3d6fc3c5,6b3089e41e115daee37169fabf105e94cc5d1ce1ad563b2a833230103c9bfa9a,496.823332791,128818.4265431
396.582912,24531.856478207,b16_c4k,0.0,e49a1fa758b2a6addaa3aa40207fff9acb3c0938668d738abb2a247016696f6f,51583647744,6447.955968,67519123456,serial-local-hbm-v1,gpu-only,dd782ad72a127f4323fff0740d846c8b991086c47103f57cf0cceffb84daae17,62c714a7942979d027595a6fee6253543a6a240a84f2aadee3f4056aa13be596,5217.705399251,24531.856478207
46761.622272,70896.895838212,b16_c4k,-1.0040821507573128e-09,010b43239a7eb7d422704bd58ea92c3f591513e5df33a78e04f863e3b0817fc8,51583647744,6447.955968,67519123456,serial-local-hbm-v1,noexp,7863b1762d4085e44a162028546849f08cc1856388ad78f173feea523f6351fd,a79c92e21e4d7e01718cd5c4c6b04d03ec30cbd3125636e342814824dc2a97b8,1805.438707671,70896.895838211
46761.622272,135044.260608,b16_c4k,0.0,76449288c764d8e3104219885bb6ac13ef0f135a8221f8596444e5e88fb58b7e,51583647744,6447.955968,67519123456,serial-local-hbm-v1,allexp,4f36f0bd7f2337e10476daad206080bc18a04ddcacf5d6cbb98bb77c48439ba9,954307a82d41b22467b11a6952f0190ac48a35ae01d2c003f2dcb297c8655db9,947.837393635,135044.260608
46761.622272,70223.826979523,b16_c4k,0.0,f032596320ae9dabcf871c91b4b76a35d443498c24b888b76327f9e842e658b7,51583647744,6447.955968,67519123456,serial-local-hbm-v1,pimoe,571ea66b2e8efd521d78e5f75432d7931fa859df7740903b19ca769cc25f06aa,6fc89cf139f92ac214d217e3c75cc6fbbf98afd03ed46b4a5bce0b0f7cd0f133,1822.743155786,70223.826979523
46761.622272,78576.895838211,b16_c4k,0.0,006e3beaa8c0475a987178c9a270328cb0d5e6b96d8d639e1e08a988a6693743,51583647744,6447.955968,67519123456,serial-local-hbm-v1,sieve,a80f91beacdc1e5c9b8bd6c385706646ad09bbe7e91937b0d6ace14e3c25c426,e816ca69ed7deafb94d14a592005cf3747b18e76aea7cd00f2d187f8fc8947c5,1628.977559301,78576.895838211
46761.622272,76697.747762179,b16_c4k,0.0,5e80fd8cb88627d3ecb72c374678739bfdee1f73f6720bc200c479988a919652,51583647744,6447.955968,67519123456,serial-local-hbm-v1,sieve-cycle-v1,3531c7fe916b779763c9e5d9df329d5b95da3216fa8c9c233ecaa5c226147f5c,00c7903f7132a75ed812b0bba9f60ed9019f61c6247e37d06c8bd60073f4851d,1668.888640601,76697.747762179
46761.622272,78576.895838211,b16_c4k,0.0,cff592cd93bd34e302c47ffcf3d78683225433c125732ae340402c81868ec1b7,51583647744,6447.955968,67519123456,serial-local-hbm-v1,sieve-fixed-16-cycle-v1,023dfb0a15f73601bc96ce53cfc16ef23e4dfd4f0f11e9f45a5a3b4e7d8f487a,96fe3e0bf7664f7027968c40116df2f2734bfeacebfe5a708964eefab15818a3,1628.977559301,78576.895838211
396.582912,31176.892766207,b16_c8k,1.000444171950221e-09,ce4700cced83d9479c13d8bb92b2263a3c26eff32eb27f206f3a4b187cb809d3,103123255296,12890.406912,73961574400,serial-local-hbm-v1,gpu-only,b9c23377c4a4551458dc7b9d5448b3ed6a76c919fb919a9c5229144133557106,6305a39b249a4c173f71d167db97b3c33f10d45bc6d6617313584a8025c2760b,4105.604781075,31176.892766208
91857.997056001,122638.306910209,b16_c8k,1.0040821507573128e-09,f3fae00012ce86d142f04d3965ddaa244f7e06d00ca6a0d4576af0bad9d54e42,103123255296,12890.406912,73961574400,serial-local-hbm-v1,noexp,45b63e19cd420f275d2421b3220a78c75f6e987f1e655098b2e8032445f78a65,b9809a1eeb8fb7b64fc53f5b1fac7641a226b73cdd8122c4bc4331e5dae757c2,1043.719562222,122638.30691021
91857.997056001,186583.086335994,b16_c8k,0.0,96bbf14d74e5d80e82b27a32f979fc254f74487a35ddc4226c17a17f24627202,103123255296,12890.406912,73961574400,serial-local-hbm-v1,allexp,0c4e08611383ef3af12c07122ebb9ffeac9d98a16e42b4cc9c07c8647834a42f,351ccfe2c28e56a3b4a343df677c2f7b89d91a33bf4702de82399fd884178831,686.021453035,186583.086335994
91857.997056001,121755.307259906,b16_c8k,0.0,ae3957fae524394ea5e6ef23890f63931c84741581450f846d641d581c0f2ea2,103123255296,12890.406912,73961574400,serial-local-hbm-v1,pimoe,180fd60dd0644c92aba22f52b5fbef0282be0651046344b77a0e87dddb5469a8,e7e0e260e081cf71879d6567c63ae406f0500c8ac6a9a1a5029156430c4ca376,1051.288875045,121755.307259906
91857.997056001,130318.306910209,b16_c8k,1.0040821507573128e-09,c01d3c6be73bd0af59ef5c6da0332e47918cd148f0218d282189f9fd04afc7e2,103123255296,12890.406912,73961574400,serial-local-hbm-v1,sieve,2a4285a3a40e38aeaecaaff8fb12f1a7299386c1948a1059358a171bfe68dee6,56900a0c6b82681fc06974c920130da704ff51765cf64d8fafc96e35b465f6a8,982.21042795,130318.30691021
91857.997056001,128294.470507651,b16_c8k,1.0040821507573128e-09,e20693df58bf8ecb886480674c68d29317499858f0c0afec17b9c314c7f04b93,103123255296,12890.406912,73961574400,serial-local-hbm-v1,sieve-cycle-v1,9b4a26019216f05b65e30969f5d4de667b5d8f61e0eba6ee425905b6bc9635a4,c81276918273e9f299d11c765a540de3cac2e0e710957df31b92d1a46d78c830,997.704729545,128294.470507652
91857.997056001,130279.203088257,b16_c8k,1.0040821507573128e-09,5f2894cf5ba1bb1d92db0ad370da4439817a3e453afbffe1a3714ab8d03361b3,103123255296,12890.406912,73961574400,serial-local-hbm-v1,sieve-fixed-16-cycle-v1,4ad61436184cb53db73d644423ed761e4afbc247edf44f41cb9cb6a6c95bf77b,9fb9ceeec51f094fd5ef7d13ff81b72b04bccbba0592f0fccc7bd527b9696bbe,982.505242324,130279.203088258
0.0,20842.673455105,b8_c4k,-390.291455999999,f4f494f7bb2dd24ac97a8f846014c689891ee56ed4a73c1e484e6274ba90ae62,25791823872,3223.977984,64291672064,overlap-local-hbm-v1,gpu-only,1ca6c1e34a206ff52ed4678ca7d8819d33a43bdbbccded17e49f9f34b9f269f2,2c2af81149e20c1eed1a987b2452893c9606551476808357b913afa8d173e06a,3129.219863134,20452.381999105
23385.318912,43837.700911105,b8_c4k,-3223.9779839999974,454fab9a5a2b24940049f5bdc56dda6992d73f0bc2e719ec580169e6ff45f902,25791823872,0.0,64291672064,overlap-local-hbm-v1,noexp,12c11ba7ea4f2653934fff997d1ce622dd811bb610908fb45024e02aaa4b7ada,de96325fd1e0d3238ad082cdca1fddf7b9f30551059a5fc5fbc535c388b35a5b,1575.822047018,40613.722927105
23385.318912,70556.591615999,b8_c4k,-3223.977983999008,4642236867f3de6be3436742a0f67b165f44ae7ca17a1f4d3d71e407f401abd8,25791823872,0.0,64291672064,overlap-local-hbm-v1,allexp,49b134e012ea482e8f52a3f7257ed673ad71e0ce3082babbf0beaa04c1dc26d1,51989605de2f24a623b291a81667b4c193198afc3686ab3e9f35f421f6fca62e,950.505209107,67332.613632
23385.318912,42973.730436993,b8_c4k,-3223.9779839999974,df21cfa29f6c004b2172e01f48d3cb3a2f67895484f2ea05fcc438af2846334d,25791823872,0.0,64291672064,overlap-local-hbm-v1,pimoe,3c64f99b41fb722e3203ac9f3cbf7bb1011a51f2df3b109ae3c897b3b2d7e671,6e30390723e66cd9ec90e1f8f6ebaa38199ecb9f92fcbe56fc60672ce372f4c8,1610.072919968,39749.752452993
23385.318912,51517.700911105,b8_c4k,-3223.9779839999974,a042317609a631ab7a84a8348a24d5494de7467f2987047c8f1df327c76195b9,25791823872,0.0,64291672064,overlap-local-hbm-v1,sieve,5694224db639bacde15badcd30e61a8c3f4699386d67593b181a09c59aec7150,cb51bbe85a5d7cf51b04ec551c2d52e25e9f4df5db1586d22e62f059e2e7c8b3,1325.223986078,48293.722927105
23385.318912,49435.349508161,b8_c4k,-3223.9779840000047,9e4e858f0c7f7714de2557689c57316d98a947e662200715d9bfe6775583b9a2,25791823872,0.0,64291672064,overlap-local-hbm-v1,sieve-cycle-v1,d6d4e4a35475606ebeb545624b03916519bd164f9de09b216996e15043ea6279,68634bb2f3e42e8aa75d567b99a1b1f8e2c861f655407ba26f00dcc9fb83d582,1384.940500338,46211.371524161
23385.318912,51517.700911105,b8_c4k,-3223.9779839999974,5487f66d85c5c6fcc056daa1608e9f8f529caa1f101a3af085e9ec4c937af4f4,25791823872,0.0,64291672064,overlap-local-hbm-v1,sieve-fixed-16-cycle-v1,6d6a4079ee41c293d519a7015d4a356dc614cb24b9a1a04357d8623ad59a29f3,8d31c36713c2bc2079af34723c24ef1784f8fb3c1422927d6bfb2f6756c0ff06,1325.223986078,48293.722927105
0.0,24442.562095105,b8_c8k,-390.291455999999,f143314c73869fb132dc186067f945e9909a055a9fa0a2029255640bf195e7d6,51561627648,6445.203456,67512897536,overlap-local-hbm-v1,gpu-only,78b265883bad1d8b258c3fe6ecffb3dbdc11d118c4f4a741dc7342042f29919b,8abce1bb96f4f727efa1bbb2a5064b6d869de35344979ff57e8a738449130871,2660.871439553,24052.270639105
45933.506304,69985.776943104,b8_c8k,-6445.20345600001,8aa31857ed9871bb7cabc27108f3ab7cdcc3183cdc26d0f29f8fe87aeb671f34,51561627648,0.0,67512897536,overlap-local-hbm-v1,noexp,731bea867bf809691b92ee047d20e9294a0883c859466bc7a5aaee8cf95cc326,8630fb038f740289b15bd2faddd55d807a25b80ad003cf6f7b981bae0e3d82b2,1007.230443285,63540.573487104
45933.506304,96326.004479998,b8_c8k,-6445.203455999988,32dc755f6b038b30fa5cc4cc7ca399eceb63134877482bee86f3c1cf62aab573,51561627648,0.0,67512897536,overlap-local-hbm-v1,allexp,c0d490f2771ff7fa6d1f38ff74f402036397be1852bd29b3ac3652947e5d61a3,6c65d42db75e8afe7e14bfa01718b4cb52a7dc19bb7520267d4d8efa02f6f2b0,712.054179211,89880.801023998
45933.506304,68835.0605712,b8_c8k,-6445.203455999996,a0fa409fefce7f716f0a35834824107514af5b7a2c92394a2038924dad85b780,51561627648,0.0,67512897536,overlap-local-hbm-v1,pimoe,6c2da7edf719dc4b38e4f27e23ccfdf5f71279896d006ecc54283c635541aa16,26f6f89c18123a962e40d9d2762b12072b03f8d5b12be33f27811e576319f509,1025.807766827,62389.8571152
45933.506304,77665.776943103,b8_c8k,-6445.203456000003,6c4cc0510dd08e178ff808dd9db03302325349e16b15f34a7d43c3a99c746f8b,51561627648,0.0,67512897536,overlap-local-hbm-v1,sieve,1d10591357ac486d4f9b0839290e2f47f642ba0ef853896d89203de6f0c2d641,4cd82399f039c4c4ae151ca862b5a61540b32a44017a9ae2ecd3335ab24f40b8,898.616746067,71220.573487103
45933.506304,75262.999359103,b8_c8k,-6445.203455999013,02a3fd417c4d3891d4d78ba2e02ebfe2a41334f24b59a737d5cfb9c19fe5efac,51561627648,0.0,67512897536,overlap-local-hbm-v1,sieve-cycle-v1,35e5a0607c50cd01a237c3782de8d610683874c7ac4948a6f63fb9d94692b23b,0dd456db36173b6e6c580829c72e5aa7f5ea11c015ffa9b35957f9a5c53614d8,929.992005122,68817.795903104
45933.506304,77614.655575935,b8_c8k,-6445.203455998999,3ff748ac1eb5e0490e5c591ac045061dc2ec8771b5528353f4c13f0042ccda11,51561627648,0.0,67512897536,overlap-local-hbm-v1,sieve-fixed-16-cycle-v1,33f3c7fc5890ef78318cd14ceca647c110b64a7426ce3037b91f71cf7ca451d0,04f625bf06d319a6dae9544ee28cb9b959b2cf65a6c578720944d423149e2a55,899.262226891,71169.452119936
0.0,30497.653807106,b8_c16k,-390.29145600099946,99513eba9f0009d9ac3041bc64b043ab4ae32dd97b47dfd090563dc8c3c802e6,103101235200,12887.6544,73955348480,overlap-local-hbm-v1,gpu-only,100e47a37cb6b5d18940253f0bf10e02a18af23eb533bb6afa03d9e853fa5865,c08c87de30cd4dfbd4343fbd070e00116a0272e686c9d6e5f3a16e98689cc56c,2125.725902311,30107.362351105
91031.064192001,121138.4265431,b8_c16k,-12887.654399998995,a8c82cfdd945a363bebac5ff2b6411b00284484e1c9ee2aa39d1e4e8c098d8c3,103101235200,0.0,73955348480,overlap-local-hbm-v1,noexp,918fc37097ab162346111520e7414e7566e31f98272ab868b99fd50cdc8e6061,929e30eb13390e1dab746d17c67d920430c6fddd8cac5db5ca94521dfebc12d8,591.219801328,108250.772143101
91031.064192001,147866.013311999,b8_c16k,-12887.654400002008,eabe1d3f567b9a39f418f8dad364c5566d88e8f6c1c6d385aba535317f19733d,103101235200,0.0,73955348480,overlap-local-hbm-v1,allexp,bcf99fd52f7d2a8164eaa67716b3a2a1296a7ff65421c9c872b57abe70b9dd92,17f61eb3443ff638bf2342daab8fbf81a9a42a0cf8f517bda90d59edd05e757d,474.150082397,134978.358911997
91031.064192001,120293.223962363,b8_c16k,-12887.654399998006,71d2224090272ba6f8ea5319df44c8c3826136457459615bbd44002c778ff5a8,103101235200,0.0,73955348480,overlap-local-hbm-v1,pimoe,6c592c0d6732e1aafe7abb055d13569a4eca8a7c49bc026a8267d627fb1b4e93,fa8d6f04b782126d397d2a2779a6a6c2a4f101a9f9ca3945f3ecff0c4cff5993,595.872264919,107405.569562365
91031.064192001,128818.4265431,b8_c16k,-12887.654399998995,c99e7204a53cfb9ad53ee0f64efb98cfe03964a582913cd1c496e1e4ad481dc7,103101235200,0.0,73955348480,overlap-local-hbm-v1,sieve,199be594646d4206a0e4408b2d4026cb90986aa02a5b28977ce4ee2c641875ff,03d53f92774cbc9de80b94e4951946c1b73a68f6673741abb1e608219721f1ce,552.053599031,115930.772143101
91031.064192001,126744.499905722,b8_c16k,-12887.654399998995,60c3f8693d2ff15436f81c79bd3e3aa395ece294d995f693a599553f66233a9a,103101235200,0.0,73955348480,overlap-local-hbm-v1,sieve-cycle-v1,9fade3de10ab499ee77272e94554f2b41e3e2889c7af6268d8af28fcfd5eaff9,b382b09a59c5be510e8af122d3dd8cd4ea9a2410ae927bf21d4d7b7f8a62b88d,562.109372658,113856.845505723
91031.064192001,128818.4265431,b8_c16k,-12887.654399998995,efcbe88383fd6f3a0148839448e04772ab5319e087d8a2617cf3b3af9fed4726,103101235200,0.0,73955348480,overlap-local-hbm-v1,sieve-fixed-16-cycle-v1,7346e8cfe8854d9228372a888cb27ffdeb23ed0c8608405d67dc0d1406a337a5,7d790d78575ff50c6190603c160e326358986c4adae8b06c4ff2e41ebfcd05ef,552.053599031,115930.772143101
0.0,24531.856478207,b16_c4k,-396.58291199999803,32680b3e68efaba7b71dbef9f81f6fd4f56e5091563e67dc1622797a5a2fe9a5,51583647744,6447.955968,67519123456,overlap-local-hbm-v1,gpu-only,6b95ab23540636b1bb1839438ab32c7a9f78edb543f3c68e092ba70f4f08e0be,61a7c7f07bada734c27b1228319a97e414e22f7f02ec5d70266f404eee9799df,5303.441025803,24135.273566207
46761.622272,70896.895838212,b16_c4k,-6447.955968001006,8ce1db0a433a679cf91134fdb741e4edd9450a5346be691e8c5b8f9bc13038b2,51583647744,0.0,67519123456,overlap-local-hbm-v1,noexp,1ad6548a25e2e2dfb809a291ac783a307d49ab12d6d2743478d32e8ba1a75d6a,e5d4f626a48b73acf011c8193a78d2c59d919563272583db9c87b0add9750e63,1986.068355163,64448.939870211
46761.622272,135044.260608,b16_c4k,-6447.955967999005,ae5a6a98a468ea8df09957699d82c4cd035e88be20072898bde29c7569160876,51583647744,0.0,67519123456,overlap-local-hbm-v1,allexp,3f06c6bad9e9136cdfc418115980c75550f83265d46bce1ba1191625d312de01,b723ecb11b4cdb7655b3683a227b09c1506691ab4db44ef1a89b97d1130eee51,995.362972197,128596.304640001
46761.622272,70223.826979523,b16_c4k,-6447.955968000002,701730c6fe8d97416b9b4370944743d1feaab32f576cb2d96bef08fc582fb4af,51583647744,0.0,67519123456,overlap-local-hbm-v1,pimoe,ed77a19aac83636eb42be8eae0c76c49023f8ebbebed4c9fd581e08078cd1f6e,f0e3bfe78c59afa43a1d8f331b9a85fb5e368d610dd067b2cd7df1e94b35827f,2007.028645314,63775.871011523
46761.622272,78576.895838211,b16_c4k,-6447.955967999995,a6be154fa0b3bc3085316f312369f615dfce07cce50c460b59cecaebe75dade6,51583647744,0.0,67519123456,overlap-local-hbm-v1,sieve,51c0b315368ae5a579dff63c9fb32bce3fd20199b56284233364d08d4ef6bafb,5db4ef05ea5c52287eb1d51e82123d90a8ea09a9dee2f1bb0954ef78a5ee7f60,1774.599768558,72128.939870211
46761.622272,76697.747762179,b16_c4k,-6447.955968000009,bf8d77b750642a76474e807c7f1fd81227d1c3aa8e3beb7292ab7f430c9944a7,51583647744,0.0,67519123456,overlap-local-hbm-v1,sieve-cycle-v1,fba1edbb0b31e4417783f28c742d701caffa326512c8ff435fb21ddd0aa2fd0c,ffa026285b49f25fbe606ad00e081f65f931b60481f5fb125ccf7c9cdcd6b2dd,1822.06945716,70249.791794179
46761.622272,78576.895838211,b16_c4k,-6447.955967999995,012cd97e99def69dda658a3fd10ae49e3fbd32c2bfb9dddab626baef1f525e9a,51583647744,0.0,67519123456,overlap-local-hbm-v1,sieve-fixed-16-cycle-v1,4d85be545bf91ac467767f4e6a1b9d05716f85cd8a4e53b680a08e7cf66aec5e,009af7eb9b2ca231b7cf0191b83d0cb973a169d44c27ace7e1d5389fb056c13f,1774.599768558,72128.939870211
0.0,31176.892766207,b16_c8k,-396.58291199999803,249ecbf6a2cfc7b35ab72ce90c2cc05681541e13e529922bf14909a8077b20ee,103123255296,12890.406912,73961574400,overlap-local-hbm-v1,gpu-only,319a1098397751b9d71378837c67e4fd9ad234f4340d293d1e3bb0b225612cfa,46261433f359ebb99a3f1dfe0d634204bffac5f1707f83ec1f4befad8c547783,4158.502646863,30780.309854207
91857.997056001,122638.306910209,b16_c8k,-12890.406911998987,c05f55c2e4eb0628045d4208891fd285fa04d82d894347717eb0618af1d2a4f8,103123255296,0.0,73961574400,overlap-local-hbm-v1,noexp,2fd2dd58c3caf70f82d73d57ed78f7e3d9d3289f32d49316eb9770812c6557a4,560134e18a8711398183baa3bc7a111982e938f8013d1e9613a47dafa06a03c0,1166.309332589,109747.89999821
91857.997056001,186583.086335994,b16_c8k,-12890.406911999016,49b68e4c875d908ba1d164daae3db4a3caa048605b77ce62b1def32a0f09d1d7,103123255296,0.0,73961574400,overlap-local-hbm-v1,allexp,78890a411c76e5cbc9cfc2e33a829cd477263d4be82f448ad576e6dfad3623a6,3157a0c975e734660995fa73e324fe098e25f8ec5fe17393e7aa0a9d8e78019b,736.933763844,173692.679423995
91857.997056001,121755.307259906,b16_c8k,-12890.406911999991,6507a6877219381af76c04b276021f08dfcaa8dab936899239bf6608e99db231,103123255296,0.0,73961574400,overlap-local-hbm-v1,pimoe,cb0fc4dea0993cb0af29c90d6fcf748ca5ac12797447270b9341279f4be16b00,ec17c0d413a42da1d2ba309766433457633cf29223be37e0851bfb68b7b1f9af,1175.769229485,108864.900347906
91857.997056001,130318.306910209,b16_c8k,-12890.406911998987,9599e7f0d075f7c7bec757a6d40ea91ee50c4d91b090726f406654ce096ddef5,103123255296,0.0,73961574400,overlap-local-hbm-v1,sieve,12a4a1451d710580dc7754075d076cb259c1bf0371e6b7ead8b66afd175f9bd9,74697be05eaf9ea477eb326ffb92f191da5957f6468a8484cd78fbaae13bc437,1090.030563452,117427.89999821
91857.997056001,128294.470507651,b16_c8k,-12890.406912000006,d75f9d7cb6b8976969f2ef03c58234bbe0c7d9170d8807e9c1d715d5448c3886,103123255296,0.0,73961574400,overlap-local-hbm-v1,sieve-cycle-v1,8f4b578b0002e46eff38253f6eaf4a416a3d339e9b5dacea6867fdfbbb940b7b,4b96f1d5f61d27a6b520bb803a4b38bad7ab6647b8ba5d3956a7eea5ccc5cf57,1109.146385421,115404.063595651
91857.997056001,130279.203088257,b16_c8k,-12890.406911999002,53205c278fcc388a81f955ee6dd14f09cd0f161ffea60db354a7dc637d227407,103123255296,0.0,73961574400,overlap-local-hbm-v1,sieve-fixed-16-cycle-v1,f4fc5630078c8f1104e3aa1abd75ef55c489a2b2d6ce507c18d93cf2d3161a43,c4fd47add05056fb59d839cd23fc45f1f62a088e158b71b4bc971b92e547c53b,1090.393667619,117388.796176258
