scenario,design_id,schedule_mode,policy,layer,layer_start_us,layer_end_us,layer_span_us,attention_latency_us,routing_control_latency_us,expert_latency_us,combine_latency_us,cxl_pim_pipeline_us,interpolation
resident-local-counterfactual,none,resident,gpu-only-expert-placement,0,0.0,15125.77663489159,15125.77663489159,12492.566875315139,3.070016,26.557051456,1.036864,0.0,0
resident-local-counterfactual,none,resident,gpu-only-expert-placement,1,15125.77663489159,30251.55326978319,15125.776634891601,12492.566875315139,3.070016,26.557051456,1.036864,0.0,0
resident-local-counterfactual,none,resident,gpu-only-expert-placement,2,30251.55326978319,45377.32990467478,15125.776634891587,12492.566875315139,3.070016,26.557051456,1.036864,0.0,0
resident-local-counterfactual,none,resident,gpu-only-expert-placement,3,45377.32990467478,60503.10653956637,15125.77663489159,12492.566875315139,3.070016,26.557051456,1.036864,0.0,0
resident-local-counterfactual,none,resident,gpu-only-expert-placement,4,60503.10653956637,75628.88317445795,15125.776634891583,12492.566875315139,3.070016,26.557051456,1.036864,0.0,0
resident-local-counterfactual,none,resident,gpu-only-expert-placement,5,75628.88317445795,90754.65980934951,15125.776634891561,12492.566875315139,3.070016,26.557051456,1.036864,0.0,0
resident-local-counterfactual,none,resident,gpu-only-expert-placement,6,90754.65980934951,105880.43644424107,15125.776634891561,12492.566875315139,3.070016,26.557051456,1.036864,0.0,0
resident-local-counterfactual,none,resident,gpu-only-expert-placement,7,105880.43644424107,121006.21307913263,15125.776634891561,12492.566875315139,3.070016,26.557051456,1.036864,0.0,0
resident-local-counterfactual,none,resident,gpu-only-expert-placement,8,121006.21307913263,136131.98971402424,15125.776634891605,12492.566875315139,3.070016,26.557051456,1.036864,0.0,0
resident-local-counterfactual,none,resident,gpu-only-expert-placement,9,136131.98971402424,151257.76634891587,15125.776634891634,12492.566875315139,3.070016,26.557051456,1.036864,0.0,0
resident-local-counterfactual,none,resident,gpu-only-expert-placement,10,151257.76634891587,166383.5429838075,15125.776634891634,12492.566875315139,3.070016,26.557051456,1.036864,0.0,0
resident-local-counterfactual,none,resident,gpu-only-expert-placement,11,166383.5429838075,181509.31961869914,15125.776634891634,12492.566875315139,3.070016,26.557051456,1.036864,0.0,0
resident-local-counterfactual,none,resident,gpu-only-expert-placement,12,181509.31961869914,196635.09625359077,15125.776634891634,12492.566875315139,3.070016,26.557051456,1.036864,0.0,0
resident-local-counterfactual,none,resident,gpu-only-expert-placement,13,196635.09625359077,211760.8728884824,15125.776634891634,12492.566875315139,3.070016,26.557051456,1.036864,0.0,0
resident-local-counterfactual,none,resident,gpu-only-expert-placement,14,211760.8728884824,226886.64952337404,15125.776634891634,12492.566875315139,3.070016,26.557051456,1.036864,0.0,0
resident-local-counterfactual,none,resident,gpu-only-expert-placement,15,226886.64952337404,242012.42615826568,15125.776634891634,12492.566875315139,3.070016,26.557051456,1.036864,0.0,0
resident-local-counterfactual,none,resident,gpu-only-expert-placement,16,242012.42615826568,257138.2027931573,15125.776634891634,12492.566875315139,3.070016,26.557051456,1.036864,0.0,0
resident-local-counterfactual,none,resident,gpu-only-expert-placement,17,257138.2027931573,272263.97942804894,15125.776634891634,12492.566875315139,3.070016,26.557051456,1.036864,0.0,0
resident-local-counterfactual,none,resident,gpu-only-expert-placement,18,272263.97942804894,287389.7560629405,15125.776634891576,12492.566875315139,3.070016,26.557051456,1.036864,0.0,0
resident-local-counterfactual,none,resident,gpu-only-expert-placement,19,287389.7560629405,302515.5326978321,15125.776634891576,12492.566875315139,3.070016,26.557051456,1.036864,0.0,0
resident-local-counterfactual,none,resident,gpu-only-expert-placement,20,302515.5326978321,317641.3093327237,15125.776634891576,12492.566875315139,3.070016,26.557051456,1.036864,0.0,0
resident-local-counterfactual,none,resident,gpu-only-expert-placement,21,317641.3093327237,332767.08596761525,15125.776634891576,12492.566875315139,3.070016,26.557051456,1.036864,0.0,0
resident-local-counterfactual,none,resident,gpu-only-expert-placement,22,332767.08596761525,347892.8626025068,15125.776634891576,12492.566875315139,3.070016,26.557051456,1.036864,0.0,0
resident-local-counterfactual,none,resident,gpu-only-expert-placement,23,347892.8626025068,363018.6392373984,15125.776634891576,12492.566875315139,3.070016,26.557051456,1.036864,0.0,0
resident-local-counterfactual,none,resident,gpu-only-expert-placement,24,363018.6392373984,378144.41587229,15125.776634891576,12492.566875315139,3.070016,26.557051456,1.036864,0.0,0
resident-local-counterfactual,none,resident,gpu-only-expert-placement,25,378144.41587229,393270.19250718155,15125.776634891576,12492.566875315139,3.070016,26.557051456,1.036864,0.0,0
resident-local-counterfactual,none,resident,gpu-only-expert-placement,26,393270.19250718155,408395.9691420731,15125.776634891576,12492.566875315139,3.070016,26.557051456,1.036864,0.0,0
resident-local-counterfactual,none,resident,gpu-only-expert-placement,27,408395.9691420731,423521.7457769647,15125.776634891576,12492.566875315139,3.070016,26.557051456,1.036864,0.0,0
resident-local-counterfactual,none,resident,gpu-only-expert-placement,28,423521.7457769647,438647.5224118563,15125.776634891576,12492.566875315139,3.070016,26.557051456,1.036864,0.0,0
resident-local-counterfactual,none,resident,gpu-only-expert-placement,29,438647.5224118563,453773.29904674785,15125.776634891576,12492.566875315139,3.070016,26.557051456,1.036864,0.0,0
resident-local-counterfactual,none,resident,gpu-only-expert-placement,30,453773.29904674785,468899.0756816394,15125.776634891576,12492.566875315139,3.070016,26.557051456,1.036864,0.0,0
resident-local-counterfactual,none,resident,gpu-only-expert-placement,31,468899.0756816394,484024.852316531,15125.776634891576,12492.566875315139,3.070016,26.557051456,1.036864,0.0,0
resident-local-counterfactual,none,resident,gpu-only-expert-placement,32,484024.852316531,499150.6289514226,15125.776634891576,12492.566875315139,3.070016,26.557051456,1.036864,0.0,0
resident-local-counterfactual,none,resident,gpu-only-expert-placement,33,499150.6289514226,514276.40558631415,15125.776634891576,12492.566875315139,3.070016,26.557051456,1.036864,0.0,0
resident-local-counterfactual,none,resident,gpu-only-expert-placement,34,514276.40558631415,529402.1822212057,15125.776634891517,12492.566875315139,3.070016,26.557051456,1.036864,0.0,0
resident-local-counterfactual,none,resident,gpu-only-expert-placement,35,529402.1822212057,544527.9588560972,15125.776634891517,12492.566875315139,3.070016,26.557051456,1.036864,0.0,0
resident-local-counterfactual,none,resident,gpu-only-expert-placement,36,544527.9588560972,559653.7354909887,15125.776634891517,12492.566875315139,3.070016,26.557051456,1.036864,0.0,0
resident-local-counterfactual,none,resident,gpu-only-expert-placement,37,559653.7354909887,574779.5121258802,15125.776634891517,12492.566875315139,3.070016,26.557051456,1.036864,0.0,0
resident-local-counterfactual,none,resident,gpu-only-expert-placement,38,574779.5121258802,589905.2887607717,15125.776634891517,12492.566875315139,3.070016,26.557051456,1.036864,0.0,0
resident-local-counterfactual,none,resident,gpu-only-expert-placement,39,589905.2887607717,605031.0653956633,15125.776634891517,12492.566875315139,3.070016,26.557051456,1.036864,0.0,0
resident-local-counterfactual,none,resident,gpu-only-expert-placement,40,605031.0653956633,620156.8420305548,15125.776634891517,12492.566875315139,3.070016,26.557051456,1.036864,0.0,0
resident-local-counterfactual,none,resident,gpu-only-expert-placement,41,620156.8420305548,635282.6186654463,15125.776634891517,12492.566875315139,3.070016,26.557051456,1.036864,0.0,0
resident-local-counterfactual,none,resident,gpu-only-expert-placement,42,635282.6186654463,650408.3953003378,15125.776634891517,12492.566875315139,3.070016,26.557051456,1.036864,0.0,0
resident-local-counterfactual,none,resident,gpu-only-expert-placement,43,650408.3953003378,665534.1719352293,15125.776634891517,12492.566875315139,3.070016,26.557051456,1.036864,0.0,0
resident-local-counterfactual,none,resident,gpu-only-expert-placement,44,665534.1719352293,680659.9485701208,15125.776634891517,12492.566875315139,3.070016,26.557051456,1.036864,0.0,0
resident-local-counterfactual,none,resident,gpu-only-expert-placement,45,680659.9485701208,695785.7252050124,15125.776634891517,12492.566875315139,3.070016,26.557051456,1.036864,0.0,0
resident-local-counterfactual,none,resident,gpu-only-expert-placement,46,695785.7252050124,710911.5018399039,15125.776634891517,12492.566875315139,3.070016,26.557051456,1.036864,0.0,0
resident-local-counterfactual,none,resident,gpu-only-expert-placement,47,710911.5018399039,726037.2784747954,15125.776634891517,12492.566875315139,3.070016,26.557051456,1.036864,0.0,0
memory-only-cxl,memory-only-64GBps,paired-memory-delta,gpu-only-expert-placement,0,0.0,17386.54704289159,17386.54704289159,14753.337283315137,3.070016,26.557051456,1.036864,0.0,0
memory-only-cxl,memory-only-64GBps,paired-memory-delta,gpu-only-expert-placement,1,17386.54704289159,34773.09408578319,17386.547042891598,14753.337283315137,3.070016,26.557051456,1.036864,0.0,0
memory-only-cxl,memory-only-64GBps,paired-memory-delta,gpu-only-expert-placement,2,34773.09408578319,52159.641128674775,17386.547042891587,14753.337283315137,3.070016,26.557051456,1.036864,0.0,0
memory-only-cxl,memory-only-64GBps,paired-memory-delta,gpu-only-expert-placement,3,52159.641128674775,69546.18817156636,17386.547042891587,14753.337283315137,3.070016,26.557051456,1.036864,0.0,0
memory-only-cxl,memory-only-64GBps,paired-memory-delta,gpu-only-expert-placement,4,69546.18817156636,86932.73521445792,17386.547042891558,14753.337283315137,3.070016,26.557051456,1.036864,0.0,0
memory-only-cxl,memory-only-64GBps,paired-memory-delta,gpu-only-expert-placement,5,86932.73521445792,104319.28225734948,17386.547042891558,14753.337283315137,3.070016,26.557051456,1.036864,0.0,0
memory-only-cxl,memory-only-64GBps,paired-memory-delta,gpu-only-expert-placement,6,104319.28225734948,121705.82930024104,17386.547042891558,14753.337283315137,3.070016,26.557051456,1.036864,0.0,0
memory-only-cxl,memory-only-64GBps,paired-memory-delta,gpu-only-expert-placement,7,121705.82930024104,139092.37634313264,17386.5470428916,14753.337283315137,3.070016,26.557051456,1.036864,0.0,0
memory-only-cxl,memory-only-64GBps,paired-memory-delta,gpu-only-expert-placement,8,139092.37634313264,156478.92338602428,17386.547042891645,14753.337283315137,3.070016,26.557051456,1.036864,0.0,0
memory-only-cxl,memory-only-64GBps,paired-memory-delta,gpu-only-expert-placement,9,156478.92338602428,173865.47042891593,17386.547042891645,14753.337283315137,3.070016,26.557051456,1.036864,0.0,0
memory-only-cxl,memory-only-64GBps,paired-memory-delta,gpu-only-expert-placement,10,173865.47042891593,191252.01747180757,17386.547042891645,14753.337283315137,3.070016,26.557051456,1.036864,0.0,0
memory-only-cxl,memory-only-64GBps,paired-memory-delta,gpu-only-expert-placement,11,191252.01747180757,208638.56451469922,17386.547042891645,14753.337283315137,3.070016,26.557051456,1.036864,0.0,0
memory-only-cxl,memory-only-64GBps,paired-memory-delta,gpu-only-expert-placement,12,208638.56451469922,226025.11155759086,17386.547042891645,14753.337283315137,3.070016,26.557051456,1.036864,0.0,0
memory-only-cxl,memory-only-64GBps,paired-memory-delta,gpu-only-expert-placement,13,226025.11155759086,243411.6586004825,17386.547042891645,14753.337283315137,3.070016,26.557051456,1.036864,0.0,0
memory-only-cxl,memory-only-64GBps,paired-memory-delta,gpu-only-expert-placement,14,243411.6586004825,260798.20564337415,17386.547042891645,14753.337283315137,3.070016,26.557051456,1.036864,0.0,0
memory-only-cxl,memory-only-64GBps,paired-memory-delta,gpu-only-expert-placement,15,260798.20564337415,278184.7526862658,17386.547042891645,14753.337283315137,3.070016,26.557051456,1.036864,0.0,0
memory-only-cxl,memory-only-64GBps,paired-memory-delta,gpu-only-expert-placement,16,278184.7526862658,295571.29972915736,17386.547042891558,14753.337283315137,3.070016,26.557051456,1.036864,0.0,0
memory-only-cxl,memory-only-64GBps,paired-memory-delta,gpu-only-expert-placement,17,295571.29972915736,312957.8467720489,17386.547042891558,14753.337283315137,3.070016,26.557051456,1.036864,0.0,0
memory-only-cxl,memory-only-64GBps,paired-memory-delta,gpu-only-expert-placement,18,312957.8467720489,330344.3938149405,17386.547042891558,14753.337283315137,3.070016,26.557051456,1.036864,0.0,0
memory-only-cxl,memory-only-64GBps,paired-memory-delta,gpu-only-expert-placement,19,330344.3938149405,347730.940857832,17386.547042891558,14753.337283315137,3.070016,26.557051456,1.036864,0.0,0
memory-only-cxl,memory-only-64GBps,paired-memory-delta,gpu-only-expert-placement,20,347730.940857832,365117.4879007236,17386.547042891558,14753.337283315137,3.070016,26.557051456,1.036864,0.0,0
memory-only-cxl,memory-only-64GBps,paired-memory-delta,gpu-only-expert-placement,21,365117.4879007236,382504.03494361514,17386.547042891558,14753.337283315137,3.070016,26.557051456,1.036864,0.0,0
memory-only-cxl,memory-only-64GBps,paired-memory-delta,gpu-only-expert-placement,22,382504.03494361514,399890.5819865067,17386.547042891558,14753.337283315137,3.070016,26.557051456,1.036864,0.0,0
memory-only-cxl,memory-only-64GBps,paired-memory-delta,gpu-only-expert-placement,23,399890.5819865067,417277.12902939826,17386.547042891558,14753.337283315137,3.070016,26.557051456,1.036864,0.0,0
memory-only-cxl,memory-only-64GBps,paired-memory-delta,gpu-only-expert-placement,24,417277.12902939826,434663.6760722898,17386.547042891558,14753.337283315137,3.070016,26.557051456,1.036864,0.0,0
memory-only-cxl,memory-only-64GBps,paired-memory-delta,gpu-only-expert-placement,25,434663.6760722898,452050.2231151814,17386.547042891558,14753.337283315137,3.070016,26.557051456,1.036864,0.0,0
memory-only-cxl,memory-only-64GBps,paired-memory-delta,gpu-only-expert-placement,26,452050.2231151814,469436.77015807293,17386.547042891558,14753.337283315137,3.070016,26.557051456,1.036864,0.0,0
memory-only-cxl,memory-only-64GBps,paired-memory-delta,gpu-only-expert-placement,27,469436.77015807293,486823.3172009645,17386.547042891558,14753.337283315137,3.070016,26.557051456,1.036864,0.0,0
memory-only-cxl,memory-only-64GBps,paired-memory-delta,gpu-only-expert-placement,28,486823.3172009645,504209.86424385605,17386.547042891558,14753.337283315137,3.070016,26.557051456,1.036864,0.0,0
memory-only-cxl,memory-only-64GBps,paired-memory-delta,gpu-only-expert-placement,29,504209.86424385605,521596.4112867476,17386.547042891558,14753.337283315137,3.070016,26.557051456,1.036864,0.0,0
memory-only-cxl,memory-only-64GBps,paired-memory-delta,gpu-only-expert-placement,30,521596.4112867476,538982.9583296392,17386.547042891558,14753.337283315137,3.070016,26.557051456,1.036864,0.0,0
memory-only-cxl,memory-only-64GBps,paired-memory-delta,gpu-only-expert-placement,31,538982.9583296392,556369.5053725307,17386.5470428915,14753.337283315137,3.070016,26.557051456,1.036864,0.0,0
memory-only-cxl,memory-only-64GBps,paired-memory-delta,gpu-only-expert-placement,32,556369.5053725307,573756.0524154222,17386.5470428915,14753.337283315137,3.070016,26.557051456,1.036864,0.0,0
memory-only-cxl,memory-only-64GBps,paired-memory-delta,gpu-only-expert-placement,33,573756.0524154222,591142.5994583137,17386.5470428915,14753.337283315137,3.070016,26.557051456,1.036864,0.0,0
memory-only-cxl,memory-only-64GBps,paired-memory-delta,gpu-only-expert-placement,34,591142.5994583137,608529.1465012052,17386.5470428915,14753.337283315137,3.070016,26.557051456,1.036864,0.0,0
memory-only-cxl,memory-only-64GBps,paired-memory-delta,gpu-only-expert-placement,35,608529.1465012052,625915.6935440967,17386.5470428915,14753.337283315137,3.070016,26.557051456,1.036864,0.0,0
memory-only-cxl,memory-only-64GBps,paired-memory-delta,gpu-only-expert-placement,36,625915.6935440967,643302.2405869882,17386.5470428915,14753.337283315137,3.070016,26.557051456,1.036864,0.0,0
memory-only-cxl,memory-only-64GBps,paired-memory-delta,gpu-only-expert-placement,37,643302.2405869882,660688.7876298797,17386.5470428915,14753.337283315137,3.070016,26.557051456,1.036864,0.0,0
memory-only-cxl,memory-only-64GBps,paired-memory-delta,gpu-only-expert-placement,38,660688.7876298797,678075.3346727712,17386.5470428915,14753.337283315137,3.070016,26.557051456,1.036864,0.0,0
memory-only-cxl,memory-only-64GBps,paired-memory-delta,gpu-only-expert-placement,39,678075.3346727712,695461.8817156627,17386.5470428915,14753.337283315137,3.070016,26.557051456,1.036864,0.0,0
memory-only-cxl,memory-only-64GBps,paired-memory-delta,gpu-only-expert-placement,40,695461.8817156627,712848.4287585542,17386.5470428915,14753.337283315137,3.070016,26.557051456,1.036864,0.0,0
memory-only-cxl,memory-only-64GBps,paired-memory-delta,gpu-only-expert-placement,41,712848.4287585542,730234.9758014457,17386.5470428915,14753.337283315137,3.070016,26.557051456,1.036864,0.0,0
memory-only-cxl,memory-only-64GBps,paired-memory-delta,gpu-only-expert-placement,42,730234.9758014457,747621.5228443372,17386.5470428915,14753.337283315137,3.070016,26.557051456,1.036864,0.0,0
memory-only-cxl,memory-only-64GBps,paired-memory-delta,gpu-only-expert-placement,43,747621.5228443372,765008.0698872287,17386.5470428915,14753.337283315137,3.070016,26.557051456,1.036864,0.0,0
memory-only-cxl,memory-only-64GBps,paired-memory-delta,gpu-only-expert-placement,44,765008.0698872287,782394.6169301202,17386.5470428915,14753.337283315137,3.070016,26.557051456,1.036864,0.0,0
memory-only-cxl,memory-only-64GBps,paired-memory-delta,gpu-only-expert-placement,45,782394.6169301202,799781.1639730117,17386.5470428915,14753.337283315137,3.070016,26.557051456,1.036864,0.0,0
memory-only-cxl,memory-only-64GBps,paired-memory-delta,gpu-only-expert-placement,46,799781.1639730117,817167.7110159032,17386.5470428915,14753.337283315137,3.070016,26.557051456,1.036864,0.0,0
memory-only-cxl,memory-only-64GBps,paired-memory-delta,gpu-only-expert-placement,47,817167.7110159032,834554.2580587947,17386.5470428915,14753.337283315137,3.070016,26.557051456,1.036864,0.0,0
cxl-pim-attention,c2_mac49152_p4,ideal-overlap-bound,gpu-only-expert-placement,0,0.0,11943.98540366492,11943.98540366492,9310.775644088468,3.070016,26.557051456,1.036864,9130.145856000005,0
cxl-pim-attention,c2_mac49152_p4,ideal-overlap-bound,gpu-only-expert-placement,1,11943.98540366492,23887.97080732985,11943.98540366493,9310.775644088468,3.070016,26.557051456,1.036864,9130.145856000005,0
cxl-pim-attention,c2_mac49152_p4,ideal-overlap-bound,gpu-only-expert-placement,2,23887.97080732985,35831.956210994766,11943.985403664916,9310.775644088468,3.070016,26.557051456,1.036864,9130.145856000005,0
cxl-pim-attention,c2_mac49152_p4,ideal-overlap-bound,gpu-only-expert-placement,3,35831.956210994766,47775.941614659685,11943.98540366492,9310.775644088468,3.070016,26.557051456,1.036864,9130.145856000005,0
cxl-pim-attention,c2_mac49152_p4,ideal-overlap-bound,gpu-only-expert-placement,4,47775.941614659685,59719.927018324604,11943.98540366492,9310.775644088468,3.070016,26.557051456,1.036864,9130.145856000005,0
cxl-pim-attention,c2_mac49152_p4,ideal-overlap-bound,gpu-only-expert-placement,5,59719.927018324604,71663.91242198952,11943.985403664912,9310.775644088468,3.070016,26.557051456,1.036864,9130.145856000005,0
cxl-pim-attention,c2_mac49152_p4,ideal-overlap-bound,gpu-only-expert-placement,6,71663.91242198952,83607.8978256544,11943.98540366489,9310.775644088468,3.070016,26.557051456,1.036864,9130.145856000005,0
cxl-pim-attention,c2_mac49152_p4,ideal-overlap-bound,gpu-only-expert-placement,7,83607.8978256544,95551.8832293193,11943.98540366489,9310.775644088468,3.070016,26.557051456,1.036864,9130.145856000005,0
cxl-pim-attention,c2_mac49152_p4,ideal-overlap-bound,gpu-only-expert-placement,8,95551.8832293193,107495.86863298419,11943.98540366489,9310.775644088468,3.070016,26.557051456,1.036864,9130.145856000005,0
cxl-pim-attention,c2_mac49152_p4,ideal-overlap-bound,gpu-only-expert-placement,9,107495.86863298419,119439.85403664908,11943.98540366489,9310.775644088468,3.070016,26.557051456,1.036864,9130.145856000005,0
cxl-pim-attention,c2_mac49152_p4,ideal-overlap-bound,gpu-only-expert-placement,10,119439.85403664908,131383.83944031398,11943.985403664905,9310.775644088468,3.070016,26.557051456,1.036864,9130.145856000005,0
cxl-pim-attention,c2_mac49152_p4,ideal-overlap-bound,gpu-only-expert-placement,11,131383.83944031398,143327.82484397895,11943.985403664963,9310.775644088468,3.070016,26.557051456,1.036864,9130.145856000005,0
cxl-pim-attention,c2_mac49152_p4,ideal-overlap-bound,gpu-only-expert-placement,12,143327.82484397895,155271.8102476439,11943.985403664963,9310.775644088468,3.070016,26.557051456,1.036864,9130.145856000005,0
cxl-pim-attention,c2_mac49152_p4,ideal-overlap-bound,gpu-only-expert-placement,13,155271.8102476439,167215.79565130887,11943.985403664963,9310.775644088468,3.070016,26.557051456,1.036864,9130.145856000005,0
cxl-pim-attention,c2_mac49152_p4,ideal-overlap-bound,gpu-only-expert-placement,14,167215.79565130887,179159.78105497384,11943.985403664963,9310.775644088468,3.070016,26.557051456,1.036864,9130.145856000005,0
cxl-pim-attention,c2_mac49152_p4,ideal-overlap-bound,gpu-only-expert-placement,15,179159.78105497384,191103.7664586388,11943.985403664963,9310.775644088468,3.070016,26.557051456,1.036864,9130.145856000005,0
cxl-pim-attention,c2_mac49152_p4,ideal-overlap-bound,gpu-only-expert-placement,16,191103.7664586388,203047.75186230376,11943.985403664963,9310.775644088468,3.070016,26.557051456,1.036864,9130.145856000005,0
cxl-pim-attention,c2_mac49152_p4,ideal-overlap-bound,gpu-only-expert-placement,17,203047.75186230376,214991.73726596872,11943.985403664963,9310.775644088468,3.070016,26.557051456,1.036864,9130.145856000005,0
cxl-pim-attention,c2_mac49152_p4,ideal-overlap-bound,gpu-only-expert-placement,18,214991.73726596872,226935.7226696337,11943.985403664963,9310.775644088468,3.070016,26.557051456,1.036864,9130.145856000005,0
cxl-pim-attention,c2_mac49152_p4,ideal-overlap-bound,gpu-only-expert-placement,19,226935.7226696337,238879.70807329865,11943.985403664963,9310.775644088468,3.070016,26.557051456,1.036864,9130.145856000005,0
cxl-pim-attention,c2_mac49152_p4,ideal-overlap-bound,gpu-only-expert-placement,20,238879.70807329865,250823.6934769636,11943.985403664963,9310.775644088468,3.070016,26.557051456,1.036864,9130.145856000005,0
cxl-pim-attention,c2_mac49152_p4,ideal-overlap-bound,gpu-only-expert-placement,21,250823.6934769636,262767.6788806286,11943.985403664992,9310.775644088468,3.070016,26.557051456,1.036864,9130.145856000005,0
cxl-pim-attention,c2_mac49152_p4,ideal-overlap-bound,gpu-only-expert-placement,22,262767.6788806286,274711.66428429354,11943.985403664934,9310.775644088468,3.070016,26.557051456,1.036864,9130.145856000005,0
cxl-pim-attention,c2_mac49152_p4,ideal-overlap-bound,gpu-only-expert-placement,23,274711.66428429354,286655.6496879585,11943.985403664934,9310.775644088468,3.070016,26.557051456,1.036864,9130.145856000005,0
cxl-pim-attention,c2_mac49152_p4,ideal-overlap-bound,gpu-only-expert-placement,24,286655.6496879585,298599.6350916234,11943.985403664934,9310.775644088468,3.070016,26.557051456,1.036864,9130.145856000005,0
cxl-pim-attention,c2_mac49152_p4,ideal-overlap-bound,gpu-only-expert-placement,25,298599.6350916234,310543.62049528834,11943.985403664934,9310.775644088468,3.070016,26.557051456,1.036864,9130.145856000005,0
cxl-pim-attention,c2_mac49152_p4,ideal-overlap-bound,gpu-only-expert-placement,26,310543.62049528834,322487.6058989533,11943.985403664934,9310.775644088468,3.070016,26.557051456,1.036864,9130.145856000005,0
cxl-pim-attention,c2_mac49152_p4,ideal-overlap-bound,gpu-only-expert-placement,27,322487.6058989533,334431.5913026182,11943.985403664934,9310.775644088468,3.070016,26.557051456,1.036864,9130.145856000005,0
cxl-pim-attention,c2_mac49152_p4,ideal-overlap-bound,gpu-only-expert-placement,28,334431.5913026182,346375.57670628314,11943.985403664934,9310.775644088468,3.070016,26.557051456,1.036864,9130.145856000005,0
cxl-pim-attention,c2_mac49152_p4,ideal-overlap-bound,gpu-only-expert-placement,29,346375.57670628314,358319.5621099481,11943.985403664934,9310.775644088468,3.070016,26.557051456,1.036864,9130.145856000005,0
cxl-pim-attention,c2_mac49152_p4,ideal-overlap-bound,gpu-only-expert-placement,30,358319.5621099481,370263.547513613,11943.985403664934,9310.775644088468,3.070016,26.557051456,1.036864,9130.145856000005,0
cxl-pim-attention,c2_mac49152_p4,ideal-overlap-bound,gpu-only-expert-placement,31,370263.547513613,382207.53291727795,11943.985403664934,9310.775644088468,3.070016,26.557051456,1.036864,9130.145856000005,0
cxl-pim-attention,c2_mac49152_p4,ideal-overlap-bound,gpu-only-expert-placement,32,382207.53291727795,394151.5183209429,11943.985403664934,9310.775644088468,3.070016,26.557051456,1.036864,9130.145856000005,0
cxl-pim-attention,c2_mac49152_p4,ideal-overlap-bound,gpu-only-expert-placement,33,394151.5183209429,406095.5037246078,11943.985403664934,9310.775644088468,3.070016,26.557051456,1.036864,9130.145856000005,0
cxl-pim-attention,c2_mac49152_p4,ideal-overlap-bound,gpu-only-expert-placement,34,406095.5037246078,418039.48912827275,11943.985403664934,9310.775644088468,3.070016,26.557051456,1.036864,9130.145856000005,0
cxl-pim-attention,c2_mac49152_p4,ideal-overlap-bound,gpu-only-expert-placement,35,418039.48912827275,429983.4745319377,11943.985403664934,9310.775644088468,3.070016,26.557051456,1.036864,9130.145856000005,0
cxl-pim-attention,c2_mac49152_p4,ideal-overlap-bound,gpu-only-expert-placement,36,429983.4745319377,441927.4599356026,11943.985403664934,9310.775644088468,3.070016,26.557051456,1.036864,9130.145856000005,0
cxl-pim-attention,c2_mac49152_p4,ideal-overlap-bound,gpu-only-expert-placement,37,441927.4599356026,453871.44533926755,11943.985403664934,9310.775644088468,3.070016,26.557051456,1.036864,9130.145856000005,0
cxl-pim-attention,c2_mac49152_p4,ideal-overlap-bound,gpu-only-expert-placement,38,453871.44533926755,465815.4307429325,11943.985403664934,9310.775644088468,3.070016,26.557051456,1.036864,9130.145856000005,0
cxl-pim-attention,c2_mac49152_p4,ideal-overlap-bound,gpu-only-expert-placement,39,465815.4307429325,477759.4161465974,11943.985403664934,9310.775644088468,3.070016,26.557051456,1.036864,9130.145856000005,0
cxl-pim-attention,c2_mac49152_p4,ideal-overlap-bound,gpu-only-expert-placement,40,477759.4161465974,489703.40155026235,11943.985403664934,9310.775644088468,3.070016,26.557051456,1.036864,9130.145856000005,0
cxl-pim-attention,c2_mac49152_p4,ideal-overlap-bound,gpu-only-expert-placement,41,489703.40155026235,501647.3869539273,11943.985403664934,9310.775644088468,3.070016,26.557051456,1.036864,9130.145856000005,0
cxl-pim-attention,c2_mac49152_p4,ideal-overlap-bound,gpu-only-expert-placement,42,501647.3869539273,513591.3723575922,11943.985403664934,9310.775644088468,3.070016,26.557051456,1.036864,9130.145856000005,0
cxl-pim-attention,c2_mac49152_p4,ideal-overlap-bound,gpu-only-expert-placement,43,513591.3723575922,525535.3577612571,11943.985403664876,9310.775644088468,3.070016,26.557051456,1.036864,9130.145856000005,0
cxl-pim-attention,c2_mac49152_p4,ideal-overlap-bound,gpu-only-expert-placement,44,525535.3577612571,537479.3431649219,11943.98540366476,9310.775644088468,3.070016,26.557051456,1.036864,9130.145856000005,0
cxl-pim-attention,c2_mac49152_p4,ideal-overlap-bound,gpu-only-expert-placement,45,537479.3431649219,549423.3285685866,11943.98540366476,9310.775644088468,3.070016,26.557051456,1.036864,9130.145856000005,0
cxl-pim-attention,c2_mac49152_p4,ideal-overlap-bound,gpu-only-expert-placement,46,549423.3285685866,561367.3139722514,11943.98540366476,9310.775644088468,3.070016,26.557051456,1.036864,9130.145856000005,0
cxl-pim-attention,c2_mac49152_p4,ideal-overlap-bound,gpu-only-expert-placement,47,561367.3139722514,573311.2993759161,11943.98540366476,9310.775644088468,3.070016,26.557051456,1.036864,9130.145856000005,0
cxl-pim-attention,c2_mac49152_p4,fully-serialized-bound,gpu-only-expert-placement,0,0.0,21074.13125966493,21074.13125966493,18440.921500088465,3.070016,26.557051456,1.036864,9130.145856000005,0
cxl-pim-attention,c2_mac49152_p4,fully-serialized-bound,gpu-only-expert-placement,1,21074.13125966493,42148.26251932985,21074.131259664922,18440.921500088465,3.070016,26.557051456,1.036864,9130.145856000005,0
cxl-pim-attention,c2_mac49152_p4,fully-serialized-bound,gpu-only-expert-placement,2,42148.26251932985,63222.393778994774,21074.131259664922,18440.921500088465,3.070016,26.557051456,1.036864,9130.145856000005,0
cxl-pim-attention,c2_mac49152_p4,fully-serialized-bound,gpu-only-expert-placement,3,63222.393778994774,84296.52503865969,21074.131259664915,18440.921500088465,3.070016,26.557051456,1.036864,9130.145856000005,0
cxl-pim-attention,c2_mac49152_p4,fully-serialized-bound,gpu-only-expert-placement,4,84296.52503865969,105370.65629832458,21074.131259664893,18440.921500088465,3.070016,26.557051456,1.036864,9130.145856000005,0
cxl-pim-attention,c2_mac49152_p4,fully-serialized-bound,gpu-only-expert-placement,5,105370.65629832458,126444.78755798948,21074.131259664893,18440.921500088465,3.070016,26.557051456,1.036864,9130.145856000005,0
cxl-pim-attention,c2_mac49152_p4,fully-serialized-bound,gpu-only-expert-placement,6,126444.78755798948,147518.9188176544,21074.131259664922,18440.921500088465,3.070016,26.557051456,1.036864,9130.145856000005,0
cxl-pim-attention,c2_mac49152_p4,fully-serialized-bound,gpu-only-expert-placement,7,147518.9188176544,168593.05007731935,21074.13125966495,18440.921500088465,3.070016,26.557051456,1.036864,9130.145856000005,0
cxl-pim-attention,c2_mac49152_p4,fully-serialized-bound,gpu-only-expert-placement,8,168593.05007731935,189667.1813369843,21074.13125966495,18440.921500088465,3.070016,26.557051456,1.036864,9130.145856000005,0
cxl-pim-attention,c2_mac49152_p4,fully-serialized-bound,gpu-only-expert-placement,9,189667.1813369843,210741.31259664925,21074.13125966495,18440.921500088465,3.070016,26.557051456,1.036864,9130.145856000005,0
cxl-pim-attention,c2_mac49152_p4,fully-serialized-bound,gpu-only-expert-placement,10,210741.31259664925,231815.4438563142,21074.13125966495,18440.921500088465,3.070016,26.557051456,1.036864,9130.145856000005,0
cxl-pim-attention,c2_mac49152_p4,fully-serialized-bound,gpu-only-expert-placement,11,231815.4438563142,252889.57511597915,21074.13125966495,18440.921500088465,3.070016,26.557051456,1.036864,9130.145856000005,0
cxl-pim-attention,c2_mac49152_p4,fully-serialized-bound,gpu-only-expert-placement,12,252889.57511597915,273963.70637564413,21074.13125966498,18440.921500088465,3.070016,26.557051456,1.036864,9130.145856000005,0
cxl-pim-attention,c2_mac49152_p4,fully-serialized-bound,gpu-only-expert-placement,13,273963.70637564413,295037.8376353091,21074.13125966495,18440.921500088465,3.070016,26.557051456,1.036864,9130.145856000005,0
cxl-pim-attention,c2_mac49152_p4,fully-serialized-bound,gpu-only-expert-placement,14,295037.8376353091,316111.96889497404,21074.13125966495,18440.921500088465,3.070016,26.557051456,1.036864,9130.145856000005,0
cxl-pim-attention,c2_mac49152_p4,fully-serialized-bound,gpu-only-expert-placement,15,316111.96889497404,337186.100154639,21074.13125966495,18440.921500088465,3.070016,26.557051456,1.036864,9130.145856000005,0
cxl-pim-attention,c2_mac49152_p4,fully-serialized-bound,gpu-only-expert-placement,16,337186.100154639,358260.23141430394,21074.13125966495,18440.921500088465,3.070016,26.557051456,1.036864,9130.145856000005,0
cxl-pim-attention,c2_mac49152_p4,fully-serialized-bound,gpu-only-expert-placement,17,358260.23141430394,379334.3626739689,21074.13125966495,18440.921500088465,3.070016,26.557051456,1.036864,9130.145856000005,0
cxl-pim-attention,c2_mac49152_p4,fully-serialized-bound,gpu-only-expert-placement,18,379334.3626739689,400408.49393363384,21074.13125966495,18440.921500088465,3.070016,26.557051456,1.036864,9130.145856000005,0
cxl-pim-attention,c2_mac49152_p4,fully-serialized-bound,gpu-only-expert-placement,19,400408.49393363384,421482.6251932988,21074.13125966495,18440.921500088465,3.070016,26.557051456,1.036864,9130.145856000005,0
cxl-pim-attention,c2_mac49152_p4,fully-serialized-bound,gpu-only-expert-placement,20,421482.6251932988,442556.75645296375,21074.13125966495,18440.921500088465,3.070016,26.557051456,1.036864,9130.145856000005,0
cxl-pim-attention,c2_mac49152_p4,fully-serialized-bound,gpu-only-expert-placement,21,442556.75645296375,463630.8877126287,21074.13125966495,18440.921500088465,3.070016,26.557051456,1.036864,9130.145856000005,0
cxl-pim-attention,c2_mac49152_p4,fully-serialized-bound,gpu-only-expert-placement,22,463630.8877126287,484705.01897229365,21074.13125966495,18440.921500088465,3.070016,26.557051456,1.036864,9130.145856000005,0
cxl-pim-attention,c2_mac49152_p4,fully-serialized-bound,gpu-only-expert-placement,23,484705.01897229365,505779.1502319586,21074.13125966495,18440.921500088465,3.070016,26.557051456,1.036864,9130.145856000005,0
cxl-pim-attention,c2_mac49152_p4,fully-serialized-bound,gpu-only-expert-placement,24,505779.1502319586,526853.2814916235,21074.131259664893,18440.921500088465,3.070016,26.557051456,1.036864,9130.145856000005,0
cxl-pim-attention,c2_mac49152_p4,fully-serialized-bound,gpu-only-expert-placement,25,526853.2814916235,547927.4127512883,21074.131259664777,18440.921500088465,3.070016,26.557051456,1.036864,9130.145856000005,0
cxl-pim-attention,c2_mac49152_p4,fully-serialized-bound,gpu-only-expert-placement,26,547927.4127512883,569001.544010953,21074.131259664777,18440.921500088465,3.070016,26.557051456,1.036864,9130.145856000005,0
cxl-pim-attention,c2_mac49152_p4,fully-serialized-bound,gpu-only-expert-placement,27,569001.544010953,590075.6752706178,21074.131259664777,18440.921500088465,3.070016,26.557051456,1.036864,9130.145856000005,0
cxl-pim-attention,c2_mac49152_p4,fully-serialized-bound,gpu-only-expert-placement,28,590075.6752706178,611149.8065302826,21074.131259664777,18440.921500088465,3.070016,26.557051456,1.036864,9130.145856000005,0
cxl-pim-attention,c2_mac49152_p4,fully-serialized-bound,gpu-only-expert-placement,29,611149.8065302826,632223.9377899474,21074.131259664777,18440.921500088465,3.070016,26.557051456,1.036864,9130.145856000005,0
cxl-pim-attention,c2_mac49152_p4,fully-serialized-bound,gpu-only-expert-placement,30,632223.9377899474,653298.0690496122,21074.131259664777,18440.921500088465,3.070016,26.557051456,1.036864,9130.145856000005,0
cxl-pim-attention,c2_mac49152_p4,fully-serialized-bound,gpu-only-expert-placement,31,653298.0690496122,674372.2003092769,21074.131259664777,18440.921500088465,3.070016,26.557051456,1.036864,9130.145856000005,0
cxl-pim-attention,c2_mac49152_p4,fully-serialized-bound,gpu-only-expert-placement,32,674372.2003092769,695446.3315689417,21074.131259664777,18440.921500088465,3.070016,26.557051456,1.036864,9130.145856000005,0
cxl-pim-attention,c2_mac49152_p4,fully-serialized-bound,gpu-only-expert-placement,33,695446.3315689417,716520.4628286065,21074.131259664777,18440.921500088465,3.070016,26.557051456,1.036864,9130.145856000005,0
cxl-pim-attention,c2_mac49152_p4,fully-serialized-bound,gpu-only-expert-placement,34,716520.4628286065,737594.5940882713,21074.131259664777,18440.921500088465,3.070016,26.557051456,1.036864,9130.145856000005,0
cxl-pim-attention,c2_mac49152_p4,fully-serialized-bound,gpu-only-expert-placement,35,737594.5940882713,758668.725347936,21074.131259664777,18440.921500088465,3.070016,26.557051456,1.036864,9130.145856000005,0
cxl-pim-attention,c2_mac49152_p4,fully-serialized-bound,gpu-only-expert-placement,36,758668.725347936,779742.8566076008,21074.131259664777,18440.921500088465,3.070016,26.557051456,1.036864,9130.145856000005,0
cxl-pim-attention,c2_mac49152_p4,fully-serialized-bound,gpu-only-expert-placement,37,779742.8566076008,800816.9878672656,21074.131259664777,18440.921500088465,3.070016,26.557051456,1.036864,9130.145856000005,0
cxl-pim-attention,c2_mac49152_p4,fully-serialized-bound,gpu-only-expert-placement,38,800816.9878672656,821891.1191269304,21074.131259664777,18440.921500088465,3.070016,26.557051456,1.036864,9130.145856000005,0
cxl-pim-attention,c2_mac49152_p4,fully-serialized-bound,gpu-only-expert-placement,39,821891.1191269304,842965.2503865951,21074.131259664777,18440.921500088465,3.070016,26.557051456,1.036864,9130.145856000005,0
cxl-pim-attention,c2_mac49152_p4,fully-serialized-bound,gpu-only-expert-placement,40,842965.2503865951,864039.3816462599,21074.131259664777,18440.921500088465,3.070016,26.557051456,1.036864,9130.145856000005,0
cxl-pim-attention,c2_mac49152_p4,fully-serialized-bound,gpu-only-expert-placement,41,864039.3816462599,885113.5129059247,21074.131259664777,18440.921500088465,3.070016,26.557051456,1.036864,9130.145856000005,0
cxl-pim-attention,c2_mac49152_p4,fully-serialized-bound,gpu-only-expert-placement,42,885113.5129059247,906187.6441655895,21074.131259664777,18440.921500088465,3.070016,26.557051456,1.036864,9130.145856000005,0
cxl-pim-attention,c2_mac49152_p4,fully-serialized-bound,gpu-only-expert-placement,43,906187.6441655895,927261.7754252543,21074.131259664777,18440.921500088465,3.070016,26.557051456,1.036864,9130.145856000005,0
cxl-pim-attention,c2_mac49152_p4,fully-serialized-bound,gpu-only-expert-placement,44,927261.7754252543,948335.906684919,21074.131259664777,18440.921500088465,3.070016,26.557051456,1.036864,9130.145856000005,0
cxl-pim-attention,c2_mac49152_p4,fully-serialized-bound,gpu-only-expert-placement,45,948335.906684919,969410.0379445838,21074.131259664777,18440.921500088465,3.070016,26.557051456,1.036864,9130.145856000005,0
cxl-pim-attention,c2_mac49152_p4,fully-serialized-bound,gpu-only-expert-placement,46,969410.0379445838,990484.1692042486,21074.131259664777,18440.921500088465,3.070016,26.557051456,1.036864,9130.145856000005,0
cxl-pim-attention,c2_mac49152_p4,fully-serialized-bound,gpu-only-expert-placement,47,990484.1692042486,1011558.3004639134,21074.131259664777,18440.921500088465,3.070016,26.557051456,1.036864,9130.145856000005,0
cxl-pim-attention,c4_mac24576_p4,ideal-overlap-bound,gpu-only-expert-placement,0,0.0,11943.98540366492,11943.98540366492,9310.775644088468,3.070016,26.557051456,1.036864,2304.4245119999987,0
cxl-pim-attention,c4_mac24576_p4,ideal-overlap-bound,gpu-only-expert-placement,1,11943.98540366492,23887.97080732985,11943.98540366493,9310.775644088468,3.070016,26.557051456,1.036864,2304.4245119999987,0
cxl-pim-attention,c4_mac24576_p4,ideal-overlap-bound,gpu-only-expert-placement,2,23887.97080732985,35831.956210994766,11943.985403664916,9310.775644088468,3.070016,26.557051456,1.036864,2304.4245119999987,0
cxl-pim-attention,c4_mac24576_p4,ideal-overlap-bound,gpu-only-expert-placement,3,35831.956210994766,47775.941614659685,11943.98540366492,9310.775644088468,3.070016,26.557051456,1.036864,2304.4245119999987,0
cxl-pim-attention,c4_mac24576_p4,ideal-overlap-bound,gpu-only-expert-placement,4,47775.941614659685,59719.927018324604,11943.98540366492,9310.775644088468,3.070016,26.557051456,1.036864,2304.4245119999987,0
cxl-pim-attention,c4_mac24576_p4,ideal-overlap-bound,gpu-only-expert-placement,5,59719.927018324604,71663.91242198952,11943.985403664912,9310.775644088468,3.070016,26.557051456,1.036864,2304.4245119999987,0
cxl-pim-attention,c4_mac24576_p4,ideal-overlap-bound,gpu-only-expert-placement,6,71663.91242198952,83607.8978256544,11943.98540366489,9310.775644088468,3.070016,26.557051456,1.036864,2304.4245119999987,0
cxl-pim-attention,c4_mac24576_p4,ideal-overlap-bound,gpu-only-expert-placement,7,83607.8978256544,95551.8832293193,11943.98540366489,9310.775644088468,3.070016,26.557051456,1.036864,2304.4245119999987,0
cxl-pim-attention,c4_mac24576_p4,ideal-overlap-bound,gpu-only-expert-placement,8,95551.8832293193,107495.86863298419,11943.98540366489,9310.775644088468,3.070016,26.557051456,1.036864,2304.4245119999987,0
cxl-pim-attention,c4_mac24576_p4,ideal-overlap-bound,gpu-only-expert-placement,9,107495.86863298419,119439.85403664908,11943.98540366489,9310.775644088468,3.070016,26.557051456,1.036864,2304.4245119999987,0
cxl-pim-attention,c4_mac24576_p4,ideal-overlap-bound,gpu-only-expert-placement,10,119439.85403664908,131383.83944031398,11943.985403664905,9310.775644088468,3.070016,26.557051456,1.036864,2304.4245119999987,0
cxl-pim-attention,c4_mac24576_p4,ideal-overlap-bound,gpu-only-expert-placement,11,131383.83944031398,143327.82484397895,11943.985403664963,9310.775644088468,3.070016,26.557051456,1.036864,2304.4245119999987,0
cxl-pim-attention,c4_mac24576_p4,ideal-overlap-bound,gpu-only-expert-placement,12,143327.82484397895,155271.8102476439,11943.985403664963,9310.775644088468,3.070016,26.557051456,1.036864,2304.4245119999987,0
cxl-pim-attention,c4_mac24576_p4,ideal-overlap-bound,gpu-only-expert-placement,13,155271.8102476439,167215.79565130887,11943.985403664963,9310.775644088468,3.070016,26.557051456,1.036864,2304.4245119999987,0
cxl-pim-attention,c4_mac24576_p4,ideal-overlap-bound,gpu-only-expert-placement,14,167215.79565130887,179159.78105497384,11943.985403664963,9310.775644088468,3.070016,26.557051456,1.036864,2304.4245119999987,0
cxl-pim-attention,c4_mac24576_p4,ideal-overlap-bound,gpu-only-expert-placement,15,179159.78105497384,191103.7664586388,11943.985403664963,9310.775644088468,3.070016,26.557051456,1.036864,2304.4245119999987,0
cxl-pim-attention,c4_mac24576_p4,ideal-overlap-bound,gpu-only-expert-placement,16,191103.7664586388,203047.75186230376,11943.985403664963,9310.775644088468,3.070016,26.557051456,1.036864,2304.4245119999987,0
cxl-pim-attention,c4_mac24576_p4,ideal-overlap-bound,gpu-only-expert-placement,17,203047.75186230376,214991.73726596872,11943.985403664963,9310.775644088468,3.070016,26.557051456,1.036864,2304.4245119999987,0
cxl-pim-attention,c4_mac24576_p4,ideal-overlap-bound,gpu-only-expert-placement,18,214991.73726596872,226935.7226696337,11943.985403664963,9310.775644088468,3.070016,26.557051456,1.036864,2304.4245119999987,0
cxl-pim-attention,c4_mac24576_p4,ideal-overlap-bound,gpu-only-expert-placement,19,226935.7226696337,238879.70807329865,11943.985403664963,9310.775644088468,3.070016,26.557051456,1.036864,2304.4245119999987,0
cxl-pim-attention,c4_mac24576_p4,ideal-overlap-bound,gpu-only-expert-placement,20,238879.70807329865,250823.6934769636,11943.985403664963,9310.775644088468,3.070016,26.557051456,1.036864,2304.4245119999987,0
cxl-pim-attention,c4_mac24576_p4,ideal-overlap-bound,gpu-only-expert-placement,21,250823.6934769636,262767.6788806286,11943.985403664992,9310.775644088468,3.070016,26.557051456,1.036864,2304.4245119999987,0
cxl-pim-attention,c4_mac24576_p4,ideal-overlap-bound,gpu-only-expert-placement,22,262767.6788806286,274711.66428429354,11943.985403664934,9310.775644088468,3.070016,26.557051456,1.036864,2304.4245119999987,0
cxl-pim-attention,c4_mac24576_p4,ideal-overlap-bound,gpu-only-expert-placement,23,274711.66428429354,286655.6496879585,11943.985403664934,9310.775644088468,3.070016,26.557051456,1.036864,2304.4245119999987,0
cxl-pim-attention,c4_mac24576_p4,ideal-overlap-bound,gpu-only-expert-placement,24,286655.6496879585,298599.6350916234,11943.985403664934,9310.775644088468,3.070016,26.557051456,1.036864,2304.4245119999987,0
cxl-pim-attention,c4_mac24576_p4,ideal-overlap-bound,gpu-only-expert-placement,25,298599.6350916234,310543.62049528834,11943.985403664934,9310.775644088468,3.070016,26.557051456,1.036864,2304.4245119999987,0
cxl-pim-attention,c4_mac24576_p4,ideal-overlap-bound,gpu-only-expert-placement,26,310543.62049528834,322487.6058989533,11943.985403664934,9310.775644088468,3.070016,26.557051456,1.036864,2304.4245119999987,0
cxl-pim-attention,c4_mac24576_p4,ideal-overlap-bound,gpu-only-expert-placement,27,322487.6058989533,334431.5913026182,11943.985403664934,9310.775644088468,3.070016,26.557051456,1.036864,2304.4245119999987,0
cxl-pim-attention,c4_mac24576_p4,ideal-overlap-bound,gpu-only-expert-placement,28,334431.5913026182,346375.57670628314,11943.985403664934,9310.775644088468,3.070016,26.557051456,1.036864,2304.4245119999987,0
cxl-pim-attention,c4_mac24576_p4,ideal-overlap-bound,gpu-only-expert-placement,29,346375.57670628314,358319.5621099481,11943.985403664934,9310.775644088468,3.070016,26.557051456,1.036864,2304.4245119999987,0
cxl-pim-attention,c4_mac24576_p4,ideal-overlap-bound,gpu-only-expert-placement,30,358319.5621099481,370263.547513613,11943.985403664934,9310.775644088468,3.070016,26.557051456,1.036864,2304.4245119999987,0
cxl-pim-attention,c4_mac24576_p4,ideal-overlap-bound,gpu-only-expert-placement,31,370263.547513613,382207.53291727795,11943.985403664934,9310.775644088468,3.070016,26.557051456,1.036864,2304.4245119999987,0
cxl-pim-attention,c4_mac24576_p4,ideal-overlap-bound,gpu-only-expert-placement,32,382207.53291727795,394151.5183209429,11943.985403664934,9310.775644088468,3.070016,26.557051456,1.036864,2304.4245119999987,0
cxl-pim-attention,c4_mac24576_p4,ideal-overlap-bound,gpu-only-expert-placement,33,394151.5183209429,406095.5037246078,11943.985403664934,9310.775644088468,3.070016,26.557051456,1.036864,2304.4245119999987,0
cxl-pim-attention,c4_mac24576_p4,ideal-overlap-bound,gpu-only-expert-placement,34,406095.5037246078,418039.48912827275,11943.985403664934,9310.775644088468,3.070016,26.557051456,1.036864,2304.4245119999987,0
cxl-pim-attention,c4_mac24576_p4,ideal-overlap-bound,gpu-only-expert-placement,35,418039.48912827275,429983.4745319377,11943.985403664934,9310.775644088468,3.070016,26.557051456,1.036864,2304.4245119999987,0
cxl-pim-attention,c4_mac24576_p4,ideal-overlap-bound,gpu-only-expert-placement,36,429983.4745319377,441927.4599356026,11943.985403664934,9310.775644088468,3.070016,26.557051456,1.036864,2304.4245119999987,0
cxl-pim-attention,c4_mac24576_p4,ideal-overlap-bound,gpu-only-expert-placement,37,441927.4599356026,453871.44533926755,11943.985403664934,9310.775644088468,3.070016,26.557051456,1.036864,2304.4245119999987,0
cxl-pim-attention,c4_mac24576_p4,ideal-overlap-bound,gpu-only-expert-placement,38,453871.44533926755,465815.4307429325,11943.985403664934,9310.775644088468,3.070016,26.557051456,1.036864,2304.4245119999987,0
cxl-pim-attention,c4_mac24576_p4,ideal-overlap-bound,gpu-only-expert-placement,39,465815.4307429325,477759.4161465974,11943.985403664934,9310.775644088468,3.070016,26.557051456,1.036864,2304.4245119999987,0
cxl-pim-attention,c4_mac24576_p4,ideal-overlap-bound,gpu-only-expert-placement,40,477759.4161465974,489703.40155026235,11943.985403664934,9310.775644088468,3.070016,26.557051456,1.036864,2304.4245119999987,0
cxl-pim-attention,c4_mac24576_p4,ideal-overlap-bound,gpu-only-expert-placement,41,489703.40155026235,501647.3869539273,11943.985403664934,9310.775644088468,3.070016,26.557051456,1.036864,2304.4245119999987,0
cxl-pim-attention,c4_mac24576_p4,ideal-overlap-bound,gpu-only-expert-placement,42,501647.3869539273,513591.3723575922,11943.985403664934,9310.775644088468,3.070016,26.557051456,1.036864,2304.4245119999987,0
cxl-pim-attention,c4_mac24576_p4,ideal-overlap-bound,gpu-only-expert-placement,43,513591.3723575922,525535.3577612571,11943.985403664876,9310.775644088468,3.070016,26.557051456,1.036864,2304.4245119999987,0
cxl-pim-attention,c4_mac24576_p4,ideal-overlap-bound,gpu-only-expert-placement,44,525535.3577612571,537479.3431649219,11943.98540366476,9310.775644088468,3.070016,26.557051456,1.036864,2304.4245119999987,0
cxl-pim-attention,c4_mac24576_p4,ideal-overlap-bound,gpu-only-expert-placement,45,537479.3431649219,549423.3285685866,11943.98540366476,9310.775644088468,3.070016,26.557051456,1.036864,2304.4245119999987,0
cxl-pim-attention,c4_mac24576_p4,ideal-overlap-bound,gpu-only-expert-placement,46,549423.3285685866,561367.3139722514,11943.98540366476,9310.775644088468,3.070016,26.557051456,1.036864,2304.4245119999987,0
cxl-pim-attention,c4_mac24576_p4,ideal-overlap-bound,gpu-only-expert-placement,47,561367.3139722514,573311.2993759161,11943.98540366476,9310.775644088468,3.070016,26.557051456,1.036864,2304.4245119999987,0
cxl-pim-attention,c4_mac24576_p4,fully-serialized-bound,gpu-only-expert-placement,0,0.0,14248.409915664919,14248.409915664919,11615.200156088467,3.070016,26.557051456,1.036864,2304.4245119999987,0
cxl-pim-attention,c4_mac24576_p4,fully-serialized-bound,gpu-only-expert-placement,1,14248.409915664919,28496.819831329853,14248.409915664934,11615.200156088467,3.070016,26.557051456,1.036864,2304.4245119999987,0
cxl-pim-attention,c4_mac24576_p4,fully-serialized-bound,gpu-only-expert-placement,2,28496.819831329853,42745.229746994766,14248.409915664914,11615.200156088467,3.070016,26.557051456,1.036864,2304.4245119999987,0
cxl-pim-attention,c4_mac24576_p4,fully-serialized-bound,gpu-only-expert-placement,3,42745.229746994766,56993.63966265968,14248.409915664917,11615.200156088467,3.070016,26.557051456,1.036864,2304.4245119999987,0
cxl-pim-attention,c4_mac24576_p4,fully-serialized-bound,gpu-only-expert-placement,4,56993.63966265968,71242.04957832459,14248.409915664903,11615.200156088467,3.070016,26.557051456,1.036864,2304.4245119999987,0
cxl-pim-attention,c4_mac24576_p4,fully-serialized-bound,gpu-only-expert-placement,5,71242.04957832459,85490.45949398947,14248.409915664888,11615.200156088467,3.070016,26.557051456,1.036864,2304.4245119999987,0
cxl-pim-attention,c4_mac24576_p4,fully-serialized-bound,gpu-only-expert-placement,6,85490.45949398947,99738.86940965436,14248.409915664888,11615.200156088467,3.070016,26.557051456,1.036864,2304.4245119999987,0
cxl-pim-attention,c4_mac24576_p4,fully-serialized-bound,gpu-only-expert-placement,7,99738.86940965436,113987.27932531925,14248.409915664888,11615.200156088467,3.070016,26.557051456,1.036864,2304.4245119999987,0
cxl-pim-attention,c4_mac24576_p4,fully-serialized-bound,gpu-only-expert-placement,8,113987.27932531925,128235.68924098414,14248.409915664888,11615.200156088467,3.070016,26.557051456,1.036864,2304.4245119999987,0
cxl-pim-attention,c4_mac24576_p4,fully-serialized-bound,gpu-only-expert-placement,9,128235.68924098414,142484.09915664906,14248.409915664917,11615.200156088467,3.070016,26.557051456,1.036864,2304.4245119999987,0
cxl-pim-attention,c4_mac24576_p4,fully-serialized-bound,gpu-only-expert-placement,10,142484.09915664906,156732.50907231402,14248.40991566496,11615.200156088467,3.070016,26.557051456,1.036864,2304.4245119999987,0
cxl-pim-attention,c4_mac24576_p4,fully-serialized-bound,gpu-only-expert-placement,11,156732.50907231402,170980.91898797898,14248.40991566496,11615.200156088467,3.070016,26.557051456,1.036864,2304.4245119999987,0
cxl-pim-attention,c4_mac24576_p4,fully-serialized-bound,gpu-only-expert-placement,12,170980.91898797898,185229.32890364394,14248.40991566496,11615.200156088467,3.070016,26.557051456,1.036864,2304.4245119999987,0
cxl-pim-attention,c4_mac24576_p4,fully-serialized-bound,gpu-only-expert-placement,13,185229.32890364394,199477.7388193089,14248.40991566496,11615.200156088467,3.070016,26.557051456,1.036864,2304.4245119999987,0
cxl-pim-attention,c4_mac24576_p4,fully-serialized-bound,gpu-only-expert-placement,14,199477.7388193089,213726.14873497386,14248.40991566496,11615.200156088467,3.070016,26.557051456,1.036864,2304.4245119999987,0
cxl-pim-attention,c4_mac24576_p4,fully-serialized-bound,gpu-only-expert-placement,15,213726.14873497386,227974.55865063882,14248.40991566496,11615.200156088467,3.070016,26.557051456,1.036864,2304.4245119999987,0
cxl-pim-attention,c4_mac24576_p4,fully-serialized-bound,gpu-only-expert-placement,16,227974.55865063882,242222.96856630378,14248.40991566496,11615.200156088467,3.070016,26.557051456,1.036864,2304.4245119999987,0
cxl-pim-attention,c4_mac24576_p4,fully-serialized-bound,gpu-only-expert-placement,17,242222.96856630378,256471.37848196874,14248.40991566496,11615.200156088467,3.070016,26.557051456,1.036864,2304.4245119999987,0
cxl-pim-attention,c4_mac24576_p4,fully-serialized-bound,gpu-only-expert-placement,18,256471.37848196874,270719.7883976337,14248.40991566496,11615.200156088467,3.070016,26.557051456,1.036864,2304.4245119999987,0
cxl-pim-attention,c4_mac24576_p4,fully-serialized-bound,gpu-only-expert-placement,19,270719.7883976337,284968.19831329864,14248.409915664932,11615.200156088467,3.070016,26.557051456,1.036864,2304.4245119999987,0
cxl-pim-attention,c4_mac24576_p4,fully-serialized-bound,gpu-only-expert-placement,20,284968.19831329864,299216.60822896357,14248.409915664932,11615.200156088467,3.070016,26.557051456,1.036864,2304.4245119999987,0
cxl-pim-attention,c4_mac24576_p4,fully-serialized-bound,gpu-only-expert-placement,21,299216.60822896357,313465.0181446285,14248.409915664932,11615.200156088467,3.070016,26.557051456,1.036864,2304.4245119999987,0
cxl-pim-attention,c4_mac24576_p4,fully-serialized-bound,gpu-only-expert-placement,22,313465.0181446285,327713.42806029343,14248.409915664932,11615.200156088467,3.070016,26.557051456,1.036864,2304.4245119999987,0
cxl-pim-attention,c4_mac24576_p4,fully-serialized-bound,gpu-only-expert-placement,23,327713.42806029343,341961.83797595836,14248.409915664932,11615.200156088467,3.070016,26.557051456,1.036864,2304.4245119999987,0
cxl-pim-attention,c4_mac24576_p4,fully-serialized-bound,gpu-only-expert-placement,24,341961.83797595836,356210.2478916233,14248.409915664932,11615.200156088467,3.070016,26.557051456,1.036864,2304.4245119999987,0
cxl-pim-attention,c4_mac24576_p4,fully-serialized-bound,gpu-only-expert-placement,25,356210.2478916233,370458.6578072882,14248.409915664932,11615.200156088467,3.070016,26.557051456,1.036864,2304.4245119999987,0
cxl-pim-attention,c4_mac24576_p4,fully-serialized-bound,gpu-only-expert-placement,26,370458.6578072882,384707.06772295316,14248.409915664932,11615.200156088467,3.070016,26.557051456,1.036864,2304.4245119999987,0
cxl-pim-attention,c4_mac24576_p4,fully-serialized-bound,gpu-only-expert-placement,27,384707.06772295316,398955.4776386181,14248.409915664932,11615.200156088467,3.070016,26.557051456,1.036864,2304.4245119999987,0
cxl-pim-attention,c4_mac24576_p4,fully-serialized-bound,gpu-only-expert-placement,28,398955.4776386181,413203.887554283,14248.409915664932,11615.200156088467,3.070016,26.557051456,1.036864,2304.4245119999987,0
cxl-pim-attention,c4_mac24576_p4,fully-serialized-bound,gpu-only-expert-placement,29,413203.887554283,427452.29746994795,14248.409915664932,11615.200156088467,3.070016,26.557051456,1.036864,2304.4245119999987,0
cxl-pim-attention,c4_mac24576_p4,fully-serialized-bound,gpu-only-expert-placement,30,427452.29746994795,441700.7073856129,14248.409915664932,11615.200156088467,3.070016,26.557051456,1.036864,2304.4245119999987,0
cxl-pim-attention,c4_mac24576_p4,fully-serialized-bound,gpu-only-expert-placement,31,441700.7073856129,455949.1173012778,14248.409915664932,11615.200156088467,3.070016,26.557051456,1.036864,2304.4245119999987,0
cxl-pim-attention,c4_mac24576_p4,fully-serialized-bound,gpu-only-expert-placement,32,455949.1173012778,470197.52721694275,14248.409915664932,11615.200156088467,3.070016,26.557051456,1.036864,2304.4245119999987,0
cxl-pim-attention,c4_mac24576_p4,fully-serialized-bound,gpu-only-expert-placement,33,470197.52721694275,484445.9371326077,14248.409915664932,11615.200156088467,3.070016,26.557051456,1.036864,2304.4245119999987,0
cxl-pim-attention,c4_mac24576_p4,fully-serialized-bound,gpu-only-expert-placement,34,484445.9371326077,498694.3470482726,14248.409915664932,11615.200156088467,3.070016,26.557051456,1.036864,2304.4245119999987,0
cxl-pim-attention,c4_mac24576_p4,fully-serialized-bound,gpu-only-expert-placement,35,498694.3470482726,512942.75696393754,14248.409915664932,11615.200156088467,3.070016,26.557051456,1.036864,2304.4245119999987,0
cxl-pim-attention,c4_mac24576_p4,fully-serialized-bound,gpu-only-expert-placement,36,512942.75696393754,527191.1668796025,14248.409915664932,11615.200156088467,3.070016,26.557051456,1.036864,2304.4245119999987,0
cxl-pim-attention,c4_mac24576_p4,fully-serialized-bound,gpu-only-expert-placement,37,527191.1668796025,541439.5767952673,14248.409915664815,11615.200156088467,3.070016,26.557051456,1.036864,2304.4245119999987,0
cxl-pim-attention,c4_mac24576_p4,fully-serialized-bound,gpu-only-expert-placement,38,541439.5767952673,555687.9867109321,14248.409915664815,11615.200156088467,3.070016,26.557051456,1.036864,2304.4245119999987,0
cxl-pim-attention,c4_mac24576_p4,fully-serialized-bound,gpu-only-expert-placement,39,555687.9867109321,569936.3966265969,14248.409915664815,11615.200156088467,3.070016,26.557051456,1.036864,2304.4245119999987,0
cxl-pim-attention,c4_mac24576_p4,fully-serialized-bound,gpu-only-expert-placement,40,569936.3966265969,584184.8065422617,14248.409915664815,11615.200156088467,3.070016,26.557051456,1.036864,2304.4245119999987,0
cxl-pim-attention,c4_mac24576_p4,fully-serialized-bound,gpu-only-expert-placement,41,584184.8065422617,598433.2164579266,14248.409915664815,11615.200156088467,3.070016,26.557051456,1.036864,2304.4245119999987,0
cxl-pim-attention,c4_mac24576_p4,fully-serialized-bound,gpu-only-expert-placement,42,598433.2164579266,612681.6263735914,14248.409915664815,11615.200156088467,3.070016,26.557051456,1.036864,2304.4245119999987,0
cxl-pim-attention,c4_mac24576_p4,fully-serialized-bound,gpu-only-expert-placement,43,612681.6263735914,626930.0362892562,14248.409915664815,11615.200156088467,3.070016,26.557051456,1.036864,2304.4245119999987,0
cxl-pim-attention,c4_mac24576_p4,fully-serialized-bound,gpu-only-expert-placement,44,626930.0362892562,641178.446204921,14248.409915664815,11615.200156088467,3.070016,26.557051456,1.036864,2304.4245119999987,0
cxl-pim-attention,c4_mac24576_p4,fully-serialized-bound,gpu-only-expert-placement,45,641178.446204921,655426.8561205858,14248.409915664815,11615.200156088467,3.070016,26.557051456,1.036864,2304.4245119999987,0
cxl-pim-attention,c4_mac24576_p4,fully-serialized-bound,gpu-only-expert-placement,46,655426.8561205858,669675.2660362506,14248.409915664815,11615.200156088467,3.070016,26.557051456,1.036864,2304.4245119999987,0
cxl-pim-attention,c4_mac24576_p4,fully-serialized-bound,gpu-only-expert-placement,47,669675.2660362506,683923.6759519154,14248.409915664815,11615.200156088467,3.070016,26.557051456,1.036864,2304.4245119999987,0
cxl-pim-attention,c8_mac24576_p4,ideal-overlap-bound,gpu-only-expert-placement,0,0.0,11943.98540366492,11943.98540366492,9310.775644088468,3.070016,26.557051456,1.036864,1183.4734079999996,0
cxl-pim-attention,c8_mac24576_p4,ideal-overlap-bound,gpu-only-expert-placement,1,11943.98540366492,23887.97080732985,11943.98540366493,9310.775644088468,3.070016,26.557051456,1.036864,1183.4734079999996,0
cxl-pim-attention,c8_mac24576_p4,ideal-overlap-bound,gpu-only-expert-placement,2,23887.97080732985,35831.956210994766,11943.985403664916,9310.775644088468,3.070016,26.557051456,1.036864,1183.4734079999996,0
cxl-pim-attention,c8_mac24576_p4,ideal-overlap-bound,gpu-only-expert-placement,3,35831.956210994766,47775.941614659685,11943.98540366492,9310.775644088468,3.070016,26.557051456,1.036864,1183.4734079999996,0
cxl-pim-attention,c8_mac24576_p4,ideal-overlap-bound,gpu-only-expert-placement,4,47775.941614659685,59719.927018324604,11943.98540366492,9310.775644088468,3.070016,26.557051456,1.036864,1183.4734079999996,0
cxl-pim-attention,c8_mac24576_p4,ideal-overlap-bound,gpu-only-expert-placement,5,59719.927018324604,71663.91242198952,11943.985403664912,9310.775644088468,3.070016,26.557051456,1.036864,1183.4734079999996,0
cxl-pim-attention,c8_mac24576_p4,ideal-overlap-bound,gpu-only-expert-placement,6,71663.91242198952,83607.8978256544,11943.98540366489,9310.775644088468,3.070016,26.557051456,1.036864,1183.4734079999996,0
cxl-pim-attention,c8_mac24576_p4,ideal-overlap-bound,gpu-only-expert-placement,7,83607.8978256544,95551.8832293193,11943.98540366489,9310.775644088468,3.070016,26.557051456,1.036864,1183.4734079999996,0
cxl-pim-attention,c8_mac24576_p4,ideal-overlap-bound,gpu-only-expert-placement,8,95551.8832293193,107495.86863298419,11943.98540366489,9310.775644088468,3.070016,26.557051456,1.036864,1183.4734079999996,0
cxl-pim-attention,c8_mac24576_p4,ideal-overlap-bound,gpu-only-expert-placement,9,107495.86863298419,119439.85403664908,11943.98540366489,9310.775644088468,3.070016,26.557051456,1.036864,1183.4734079999996,0
cxl-pim-attention,c8_mac24576_p4,ideal-overlap-bound,gpu-only-expert-placement,10,119439.85403664908,131383.83944031398,11943.985403664905,9310.775644088468,3.070016,26.557051456,1.036864,1183.4734079999996,0
cxl-pim-attention,c8_mac24576_p4,ideal-overlap-bound,gpu-only-expert-placement,11,131383.83944031398,143327.82484397895,11943.985403664963,9310.775644088468,3.070016,26.557051456,1.036864,1183.4734079999996,0
cxl-pim-attention,c8_mac24576_p4,ideal-overlap-bound,gpu-only-expert-placement,12,143327.82484397895,155271.8102476439,11943.985403664963,9310.775644088468,3.070016,26.557051456,1.036864,1183.4734079999996,0
cxl-pim-attention,c8_mac24576_p4,ideal-overlap-bound,gpu-only-expert-placement,13,155271.8102476439,167215.79565130887,11943.985403664963,9310.775644088468,3.070016,26.557051456,1.036864,1183.4734079999996,0
cxl-pim-attention,c8_mac24576_p4,ideal-overlap-bound,gpu-only-expert-placement,14,167215.79565130887,179159.78105497384,11943.985403664963,9310.775644088468,3.070016,26.557051456,1.036864,1183.4734079999996,0
cxl-pim-attention,c8_mac24576_p4,ideal-overlap-bound,gpu-only-expert-placement,15,179159.78105497384,191103.7664586388,11943.985403664963,9310.775644088468,3.070016,26.557051456,1.036864,1183.4734079999996,0
cxl-pim-attention,c8_mac24576_p4,ideal-overlap-bound,gpu-only-expert-placement,16,191103.7664586388,203047.75186230376,11943.985403664963,9310.775644088468,3.070016,26.557051456,1.036864,1183.4734079999996,0
cxl-pim-attention,c8_mac24576_p4,ideal-overlap-bound,gpu-only-expert-placement,17,203047.75186230376,214991.73726596872,11943.985403664963,9310.775644088468,3.070016,26.557051456,1.036864,1183.4734079999996,0
cxl-pim-attention,c8_mac24576_p4,ideal-overlap-bound,gpu-only-expert-placement,18,214991.73726596872,226935.7226696337,11943.985403664963,9310.775644088468,3.070016,26.557051456,1.036864,1183.4734079999996,0
cxl-pim-attention,c8_mac24576_p4,ideal-overlap-bound,gpu-only-expert-placement,19,226935.7226696337,238879.70807329865,11943.985403664963,9310.775644088468,3.070016,26.557051456,1.036864,1183.4734079999996,0
cxl-pim-attention,c8_mac24576_p4,ideal-overlap-bound,gpu-only-expert-placement,20,238879.70807329865,250823.6934769636,11943.985403664963,9310.775644088468,3.070016,26.557051456,1.036864,1183.4734079999996,0
cxl-pim-attention,c8_mac24576_p4,ideal-overlap-bound,gpu-only-expert-placement,21,250823.6934769636,262767.6788806286,11943.985403664992,9310.775644088468,3.070016,26.557051456,1.036864,1183.4734079999996,0
cxl-pim-attention,c8_mac24576_p4,ideal-overlap-bound,gpu-only-expert-placement,22,262767.6788806286,274711.66428429354,11943.985403664934,9310.775644088468,3.070016,26.557051456,1.036864,1183.4734079999996,0
cxl-pim-attention,c8_mac24576_p4,ideal-overlap-bound,gpu-only-expert-placement,23,274711.66428429354,286655.6496879585,11943.985403664934,9310.775644088468,3.070016,26.557051456,1.036864,1183.4734079999996,0
cxl-pim-attention,c8_mac24576_p4,ideal-overlap-bound,gpu-only-expert-placement,24,286655.6496879585,298599.6350916234,11943.985403664934,9310.775644088468,3.070016,26.557051456,1.036864,1183.4734079999996,0
cxl-pim-attention,c8_mac24576_p4,ideal-overlap-bound,gpu-only-expert-placement,25,298599.6350916234,310543.62049528834,11943.985403664934,9310.775644088468,3.070016,26.557051456,1.036864,1183.4734079999996,0
cxl-pim-attention,c8_mac24576_p4,ideal-overlap-bound,gpu-only-expert-placement,26,310543.62049528834,322487.6058989533,11943.985403664934,9310.775644088468,3.070016,26.557051456,1.036864,1183.4734079999996,0
cxl-pim-attention,c8_mac24576_p4,ideal-overlap-bound,gpu-only-expert-placement,27,322487.6058989533,334431.5913026182,11943.985403664934,9310.775644088468,3.070016,26.557051456,1.036864,1183.4734079999996,0
cxl-pim-attention,c8_mac24576_p4,ideal-overlap-bound,gpu-only-expert-placement,28,334431.5913026182,346375.57670628314,11943.985403664934,9310.775644088468,3.070016,26.557051456,1.036864,1183.4734079999996,0
cxl-pim-attention,c8_mac24576_p4,ideal-overlap-bound,gpu-only-expert-placement,29,346375.57670628314,358319.5621099481,11943.985403664934,9310.775644088468,3.070016,26.557051456,1.036864,1183.4734079999996,0
cxl-pim-attention,c8_mac24576_p4,ideal-overlap-bound,gpu-only-expert-placement,30,358319.5621099481,370263.547513613,11943.985403664934,9310.775644088468,3.070016,26.557051456,1.036864,1183.4734079999996,0
cxl-pim-attention,c8_mac24576_p4,ideal-overlap-bound,gpu-only-expert-placement,31,370263.547513613,382207.53291727795,11943.985403664934,9310.775644088468,3.070016,26.557051456,1.036864,1183.4734079999996,0
cxl-pim-attention,c8_mac24576_p4,ideal-overlap-bound,gpu-only-expert-placement,32,382207.53291727795,394151.5183209429,11943.985403664934,9310.775644088468,3.070016,26.557051456,1.036864,1183.4734079999996,0
cxl-pim-attention,c8_mac24576_p4,ideal-overlap-bound,gpu-only-expert-placement,33,394151.5183209429,406095.5037246078,11943.985403664934,9310.775644088468,3.070016,26.557051456,1.036864,1183.4734079999996,0
cxl-pim-attention,c8_mac24576_p4,ideal-overlap-bound,gpu-only-expert-placement,34,406095.5037246078,418039.48912827275,11943.985403664934,9310.775644088468,3.070016,26.557051456,1.036864,1183.4734079999996,0
cxl-pim-attention,c8_mac24576_p4,ideal-overlap-bound,gpu-only-expert-placement,35,418039.48912827275,429983.4745319377,11943.985403664934,9310.775644088468,3.070016,26.557051456,1.036864,1183.4734079999996,0
cxl-pim-attention,c8_mac24576_p4,ideal-overlap-bound,gpu-only-expert-placement,36,429983.4745319377,441927.4599356026,11943.985403664934,9310.775644088468,3.070016,26.557051456,1.036864,1183.4734079999996,0
cxl-pim-attention,c8_mac24576_p4,ideal-overlap-bound,gpu-only-expert-placement,37,441927.4599356026,453871.44533926755,11943.985403664934,9310.775644088468,3.070016,26.557051456,1.036864,1183.4734079999996,0
cxl-pim-attention,c8_mac24576_p4,ideal-overlap-bound,gpu-only-expert-placement,38,453871.44533926755,465815.4307429325,11943.985403664934,9310.775644088468,3.070016,26.557051456,1.036864,1183.4734079999996,0
cxl-pim-attention,c8_mac24576_p4,ideal-overlap-bound,gpu-only-expert-placement,39,465815.4307429325,477759.4161465974,11943.985403664934,9310.775644088468,3.070016,26.557051456,1.036864,1183.4734079999996,0
cxl-pim-attention,c8_mac24576_p4,ideal-overlap-bound,gpu-only-expert-placement,40,477759.4161465974,489703.40155026235,11943.985403664934,9310.775644088468,3.070016,26.557051456,1.036864,1183.4734079999996,0
cxl-pim-attention,c8_mac24576_p4,ideal-overlap-bound,gpu-only-expert-placement,41,489703.40155026235,501647.3869539273,11943.985403664934,9310.775644088468,3.070016,26.557051456,1.036864,1183.4734079999996,0
cxl-pim-attention,c8_mac24576_p4,ideal-overlap-bound,gpu-only-expert-placement,42,501647.3869539273,513591.3723575922,11943.985403664934,9310.775644088468,3.070016,26.557051456,1.036864,1183.4734079999996,0
cxl-pim-attention,c8_mac24576_p4,ideal-overlap-bound,gpu-only-expert-placement,43,513591.3723575922,525535.3577612571,11943.985403664876,9310.775644088468,3.070016,26.557051456,1.036864,1183.4734079999996,0
cxl-pim-attention,c8_mac24576_p4,ideal-overlap-bound,gpu-only-expert-placement,44,525535.3577612571,537479.3431649219,11943.98540366476,9310.775644088468,3.070016,26.557051456,1.036864,1183.4734079999996,0
cxl-pim-attention,c8_mac24576_p4,ideal-overlap-bound,gpu-only-expert-placement,45,537479.3431649219,549423.3285685866,11943.98540366476,9310.775644088468,3.070016,26.557051456,1.036864,1183.4734079999996,0
cxl-pim-attention,c8_mac24576_p4,ideal-overlap-bound,gpu-only-expert-placement,46,549423.3285685866,561367.3139722514,11943.98540366476,9310.775644088468,3.070016,26.557051456,1.036864,1183.4734079999996,0
cxl-pim-attention,c8_mac24576_p4,ideal-overlap-bound,gpu-only-expert-placement,47,561367.3139722514,573311.2993759161,11943.98540366476,9310.775644088468,3.070016,26.557051456,1.036864,1183.4734079999996,0
cxl-pim-attention,c8_mac24576_p4,fully-serialized-bound,gpu-only-expert-placement,0,0.0,13127.45881166492,13127.45881166492,10494.249052088468,3.070016,26.557051456,1.036864,1183.4734079999996,0
cxl-pim-attention,c8_mac24576_p4,fully-serialized-bound,gpu-only-expert-placement,1,13127.45881166492,26254.917623329853,13127.458811664934,10494.249052088468,3.070016,26.557051456,1.036864,1183.4734079999996,0
cxl-pim-attention,c8_mac24576_p4,fully-serialized-bound,gpu-only-expert-placement,2,26254.917623329853,39382.37643499477,13127.458811664914,10494.249052088468,3.070016,26.557051456,1.036864,1183.4734079999996,0
cxl-pim-attention,c8_mac24576_p4,fully-serialized-bound,gpu-only-expert-placement,3,39382.37643499477,52509.835246659684,13127.458811664917,10494.249052088468,3.070016,26.557051456,1.036864,1183.4734079999996,0
cxl-pim-attention,c8_mac24576_p4,fully-serialized-bound,gpu-only-expert-placement,4,52509.835246659684,65637.2940583246,13127.45881166491,10494.249052088468,3.070016,26.557051456,1.036864,1183.4734079999996,0
cxl-pim-attention,c8_mac24576_p4,fully-serialized-bound,gpu-only-expert-placement,5,65637.2940583246,78764.75286998949,13127.458811664896,10494.249052088468,3.070016,26.557051456,1.036864,1183.4734079999996,0
cxl-pim-attention,c8_mac24576_p4,fully-serialized-bound,gpu-only-expert-placement,6,78764.75286998949,91892.21168165439,13127.458811664896,10494.249052088468,3.070016,26.557051456,1.036864,1183.4734079999996,0
cxl-pim-attention,c8_mac24576_p4,fully-serialized-bound,gpu-only-expert-placement,7,91892.21168165439,105019.67049331928,13127.458811664896,10494.249052088468,3.070016,26.557051456,1.036864,1183.4734079999996,0
cxl-pim-attention,c8_mac24576_p4,fully-serialized-bound,gpu-only-expert-placement,8,105019.67049331928,118147.12930498418,13127.458811664896,10494.249052088468,3.070016,26.557051456,1.036864,1183.4734079999996,0
cxl-pim-attention,c8_mac24576_p4,fully-serialized-bound,gpu-only-expert-placement,9,118147.12930498418,131274.58811664907,13127.458811664896,10494.249052088468,3.070016,26.557051456,1.036864,1183.4734079999996,0
cxl-pim-attention,c8_mac24576_p4,fully-serialized-bound,gpu-only-expert-placement,10,131274.58811664907,144402.04692831403,13127.458811664954,10494.249052088468,3.070016,26.557051456,1.036864,1183.4734079999996,0
cxl-pim-attention,c8_mac24576_p4,fully-serialized-bound,gpu-only-expert-placement,11,144402.04692831403,157529.50573997898,13127.458811664954,10494.249052088468,3.070016,26.557051456,1.036864,1183.4734079999996,0
cxl-pim-attention,c8_mac24576_p4,fully-serialized-bound,gpu-only-expert-placement,12,157529.50573997898,170656.96455164393,13127.458811664954,10494.249052088468,3.070016,26.557051456,1.036864,1183.4734079999996,0
cxl-pim-attention,c8_mac24576_p4,fully-serialized-bound,gpu-only-expert-placement,13,170656.96455164393,183784.4233633089,13127.458811664954,10494.249052088468,3.070016,26.557051456,1.036864,1183.4734079999996,0
cxl-pim-attention,c8_mac24576_p4,fully-serialized-bound,gpu-only-expert-placement,14,183784.4233633089,196911.88217497384,13127.458811664954,10494.249052088468,3.070016,26.557051456,1.036864,1183.4734079999996,0
cxl-pim-attention,c8_mac24576_p4,fully-serialized-bound,gpu-only-expert-placement,15,196911.88217497384,210039.3409866388,13127.458811664954,10494.249052088468,3.070016,26.557051456,1.036864,1183.4734079999996,0
cxl-pim-attention,c8_mac24576_p4,fully-serialized-bound,gpu-only-expert-placement,16,210039.3409866388,223166.79979830375,13127.458811664954,10494.249052088468,3.070016,26.557051456,1.036864,1183.4734079999996,0
cxl-pim-attention,c8_mac24576_p4,fully-serialized-bound,gpu-only-expert-placement,17,223166.79979830375,236294.2586099687,13127.458811664954,10494.249052088468,3.070016,26.557051456,1.036864,1183.4734079999996,0
cxl-pim-attention,c8_mac24576_p4,fully-serialized-bound,gpu-only-expert-placement,18,236294.2586099687,249421.71742163366,13127.458811664954,10494.249052088468,3.070016,26.557051456,1.036864,1183.4734079999996,0
cxl-pim-attention,c8_mac24576_p4,fully-serialized-bound,gpu-only-expert-placement,19,249421.71742163366,262549.17623329867,13127.458811665012,10494.249052088468,3.070016,26.557051456,1.036864,1183.4734079999996,0
cxl-pim-attention,c8_mac24576_p4,fully-serialized-bound,gpu-only-expert-placement,20,262549.17623329867,275676.6350449636,13127.458811664954,10494.249052088468,3.070016,26.557051456,1.036864,1183.4734079999996,0
cxl-pim-attention,c8_mac24576_p4,fully-serialized-bound,gpu-only-expert-placement,21,275676.6350449636,288804.0938566286,13127.458811664954,10494.249052088468,3.070016,26.557051456,1.036864,1183.4734079999996,0
cxl-pim-attention,c8_mac24576_p4,fully-serialized-bound,gpu-only-expert-placement,22,288804.0938566286,301931.55266829353,13127.458811664954,10494.249052088468,3.070016,26.557051456,1.036864,1183.4734079999996,0
cxl-pim-attention,c8_mac24576_p4,fully-serialized-bound,gpu-only-expert-placement,23,301931.55266829353,315059.0114799585,13127.458811664954,10494.249052088468,3.070016,26.557051456,1.036864,1183.4734079999996,0
cxl-pim-attention,c8_mac24576_p4,fully-serialized-bound,gpu-only-expert-placement,24,315059.0114799585,328186.47029162344,13127.458811664954,10494.249052088468,3.070016,26.557051456,1.036864,1183.4734079999996,0
cxl-pim-attention,c8_mac24576_p4,fully-serialized-bound,gpu-only-expert-placement,25,328186.47029162344,341313.9291032884,13127.458811664954,10494.249052088468,3.070016,26.557051456,1.036864,1183.4734079999996,0
cxl-pim-attention,c8_mac24576_p4,fully-serialized-bound,gpu-only-expert-placement,26,341313.9291032884,354441.38791495335,13127.458811664954,10494.249052088468,3.070016,26.557051456,1.036864,1183.4734079999996,0
cxl-pim-attention,c8_mac24576_p4,fully-serialized-bound,gpu-only-expert-placement,27,354441.38791495335,367568.8467266183,13127.458811664954,10494.249052088468,3.070016,26.557051456,1.036864,1183.4734079999996,0
cxl-pim-attention,c8_mac24576_p4,fully-serialized-bound,gpu-only-expert-placement,28,367568.8467266183,380696.30553828325,13127.458811664954,10494.249052088468,3.070016,26.557051456,1.036864,1183.4734079999996,0
cxl-pim-attention,c8_mac24576_p4,fully-serialized-bound,gpu-only-expert-placement,29,380696.30553828325,393823.7643499482,13127.458811664954,10494.249052088468,3.070016,26.557051456,1.036864,1183.4734079999996,0
cxl-pim-attention,c8_mac24576_p4,fully-serialized-bound,gpu-only-expert-placement,30,393823.7643499482,406951.22316161316,13127.458811664954,10494.249052088468,3.070016,26.557051456,1.036864,1183.4734079999996,0
cxl-pim-attention,c8_mac24576_p4,fully-serialized-bound,gpu-only-expert-placement,31,406951.22316161316,420078.6819732781,13127.458811664954,10494.249052088468,3.070016,26.557051456,1.036864,1183.4734079999996,0
cxl-pim-attention,c8_mac24576_p4,fully-serialized-bound,gpu-only-expert-placement,32,420078.6819732781,433206.14078494307,13127.458811664954,10494.249052088468,3.070016,26.557051456,1.036864,1183.4734079999996,0
cxl-pim-attention,c8_mac24576_p4,fully-serialized-bound,gpu-only-expert-placement,33,433206.14078494307,446333.599596608,13127.458811664954,10494.249052088468,3.070016,26.557051456,1.036864,1183.4734079999996,0
cxl-pim-attention,c8_mac24576_p4,fully-serialized-bound,gpu-only-expert-placement,34,446333.599596608,459461.058408273,13127.458811664954,10494.249052088468,3.070016,26.557051456,1.036864,1183.4734079999996,0
cxl-pim-attention,c8_mac24576_p4,fully-serialized-bound,gpu-only-expert-placement,35,459461.058408273,472588.51721993793,13127.458811664954,10494.249052088468,3.070016,26.557051456,1.036864,1183.4734079999996,0
cxl-pim-attention,c8_mac24576_p4,fully-serialized-bound,gpu-only-expert-placement,36,472588.51721993793,485715.9760316029,13127.458811664954,10494.249052088468,3.070016,26.557051456,1.036864,1183.4734079999996,0
cxl-pim-attention,c8_mac24576_p4,fully-serialized-bound,gpu-only-expert-placement,37,485715.9760316029,498843.43484326784,13127.458811664954,10494.249052088468,3.070016,26.557051456,1.036864,1183.4734079999996,0
cxl-pim-attention,c8_mac24576_p4,fully-serialized-bound,gpu-only-expert-placement,38,498843.43484326784,511970.8936549328,13127.458811664954,10494.249052088468,3.070016,26.557051456,1.036864,1183.4734079999996,0
cxl-pim-attention,c8_mac24576_p4,fully-serialized-bound,gpu-only-expert-placement,39,511970.8936549328,525098.3524665977,13127.458811664896,10494.249052088468,3.070016,26.557051456,1.036864,1183.4734079999996,0
cxl-pim-attention,c8_mac24576_p4,fully-serialized-bound,gpu-only-expert-placement,40,525098.3524665977,538225.8112782624,13127.458811664721,10494.249052088468,3.070016,26.557051456,1.036864,1183.4734079999996,0
cxl-pim-attention,c8_mac24576_p4,fully-serialized-bound,gpu-only-expert-placement,41,538225.8112782624,551353.2700899271,13127.458811664721,10494.249052088468,3.070016,26.557051456,1.036864,1183.4734079999996,0
cxl-pim-attention,c8_mac24576_p4,fully-serialized-bound,gpu-only-expert-placement,42,551353.2700899271,564480.7289015919,13127.458811664721,10494.249052088468,3.070016,26.557051456,1.036864,1183.4734079999996,0
cxl-pim-attention,c8_mac24576_p4,fully-serialized-bound,gpu-only-expert-placement,43,564480.7289015919,577608.1877132566,13127.458811664721,10494.249052088468,3.070016,26.557051456,1.036864,1183.4734079999996,0
cxl-pim-attention,c8_mac24576_p4,fully-serialized-bound,gpu-only-expert-placement,44,577608.1877132566,590735.6465249213,13127.458811664721,10494.249052088468,3.070016,26.557051456,1.036864,1183.4734079999996,0
cxl-pim-attention,c8_mac24576_p4,fully-serialized-bound,gpu-only-expert-placement,45,590735.6465249213,603863.105336586,13127.458811664721,10494.249052088468,3.070016,26.557051456,1.036864,1183.4734079999996,0
cxl-pim-attention,c8_mac24576_p4,fully-serialized-bound,gpu-only-expert-placement,46,603863.105336586,616990.5641482507,13127.458811664721,10494.249052088468,3.070016,26.557051456,1.036864,1183.4734079999996,0
cxl-pim-attention,c8_mac24576_p4,fully-serialized-bound,gpu-only-expert-placement,47,616990.5641482507,630118.0229599155,13127.458811664721,10494.249052088468,3.070016,26.557051456,1.036864,1183.4734079999996,0
