case,policy,layer,batch_size,context_length,request_scale,capacity_state,layer_start_us,layer_end_us,layer_span_us,attention_latency_us,local_kv_latency_us,cxl_kv_latency_us,attention_critical_path_us,expert_critical_path_us,cxl_critical_path_us,gpu_request_completion_us,local_kv_request_completion_us,cxl_kv_request_completion_us,pim_request_completion_us,cxl_queue_wait_us_all_requests,cxl_link_busy_ratio
b8_c32k,gpu-only,0,8,32768,4096,spill,0.0,20.245915456000002,20.245915456000002,1.0163840000000022,0.094536,0.8424,1.0163840000000022,3.3180434560000003,0.0,0.049608,0.094536,0.8424,0.0,298.850136,0.7045370370370371
b8_c32k,gpu-only,1,8,32768,4096,spill,20.245915456000002,40.491830912,20.245915455999995,1.0163840000000022,0.094536,0.8424,1.0163840000000022,3.3180434560000003,0.0,0.049608,0.094536,0.8424,0.0,298.850136,0.7045370370370371
b8_c32k,gpu-only,2,8,32768,4096,spill,40.491830912,60.73774636799999,20.24591545599999,1.0163840000000022,0.094536,0.8424,1.0163840000000022,3.3180434560000003,0.0,0.049608,0.094536,0.8424,0.0,298.850136,0.7045370370370371
b8_c32k,gpu-only,3,8,32768,4096,spill,60.73774636799999,80.98366182400001,20.24591545600002,1.0163840000000022,0.094536,0.8424,1.0163840000000022,3.3180434560000003,0.0,0.049608,0.094536,0.8424,0.0,298.850136,0.7045370370370371
b8_c32k,gpu-only,4,8,32768,4096,spill,80.98366182400001,101.22957728000002,20.245915456000006,1.0163840000000022,0.094536,0.8424,1.0163840000000022,3.3180434560000003,0.0,0.049608,0.094536,0.8424,0.0,298.850136,0.7045370370370371
b8_c32k,gpu-only,5,8,32768,4096,spill,101.22957728000002,121.47549273600002,20.245915456000006,1.0163840000000022,0.094536,0.8424,1.0163840000000022,3.3180434560000003,0.0,0.049608,0.094536,0.8424,0.0,298.850136,0.7045370370370371
b8_c32k,gpu-only,6,8,32768,4096,spill,121.47549273600002,141.72140819200004,20.24591545600002,1.0163840000000022,0.094536,0.8424,1.0163840000000022,3.3180434560000003,0.0,0.049608,0.094536,0.8424,0.0,298.850136,0.7045370370370371
b8_c32k,gpu-only,7,8,32768,4096,spill,141.72140819200004,161.96732364800005,20.245915456000006,1.0163840000000022,0.094536,0.8424,1.0163840000000022,3.3180434560000003,0.0,0.049608,0.094536,0.8424,0.0,298.850136,0.7045370370370371
b8_c32k,gpu-only,8,8,32768,4096,spill,161.96732364800005,182.21323910400008,20.245915456000034,1.0163840000000022,0.094536,0.8424,1.0163840000000022,3.3180434560000003,0.0,0.049608,0.094536,0.8424,0.0,298.850136,0.7045370370370371
b8_c32k,gpu-only,9,8,32768,4096,spill,182.21323910400008,202.45915456000012,20.245915456000034,1.0163840000000022,0.094536,0.8424,1.0163840000000022,3.3180434560000003,0.0,0.049608,0.094536,0.8424,0.0,298.850136,0.7045370370370371
b8_c32k,gpu-only,10,8,32768,4096,spill,202.45915456000012,222.70507001600015,20.245915456000034,1.0163840000000022,0.094536,0.8424,1.0163840000000022,3.3180434560000003,0.0,0.049608,0.094536,0.8424,0.0,298.850136,0.7045370370370371
b8_c32k,gpu-only,11,8,32768,4096,spill,222.70507001600015,242.95098547200018,20.245915456000034,1.0163840000000022,0.094536,0.8424,1.0163840000000022,3.3180434560000003,0.0,0.049608,0.094536,0.8424,0.0,298.850136,0.7045370370370371
b8_c32k,gpu-only,12,8,32768,4096,spill,242.95098547200018,263.1969009280002,20.245915456000034,1.0163840000000022,0.094536,0.8424,1.0163840000000022,3.3180434560000003,0.0,0.049608,0.094536,0.8424,0.0,298.850136,0.7045370370370371
b8_c32k,gpu-only,13,8,32768,4096,spill,263.1969009280002,283.4428163840003,20.24591545600009,1.0163840000000022,0.094536,0.8424,1.0163840000000022,3.3180434560000003,0.0,0.049608,0.094536,0.8424,0.0,298.850136,0.7045370370370371
b8_c32k,gpu-only,14,8,32768,4096,spill,283.4428163840003,303.6887318400004,20.24591545600009,1.0163840000000022,0.094536,0.8424,1.0163840000000022,3.3180434560000003,0.0,0.049608,0.094536,0.8424,0.0,298.850136,0.7045370370370371
b8_c32k,gpu-only,15,8,32768,4096,spill,303.6887318400004,323.9346472960005,20.24591545600009,1.0163840000000022,0.094536,0.8424,1.0163840000000022,3.3180434560000003,0.0,0.049608,0.094536,0.8424,0.0,298.850136,0.7045370370370371
b8_c32k,gpu-only,16,8,32768,4096,spill,323.9346472960005,344.1805627520006,20.24591545600009,1.0163840000000022,0.094536,0.8424,1.0163840000000022,3.3180434560000003,0.0,0.049608,0.094536,0.8424,0.0,298.850136,0.7045370370370371
b8_c32k,gpu-only,17,8,32768,4096,spill,344.1805627520006,364.4264782080007,20.24591545600009,1.0163840000000022,0.094536,0.8424,1.0163840000000022,3.3180434560000003,0.0,0.049608,0.094536,0.8424,0.0,298.850136,0.7045370370370371
b8_c32k,gpu-only,18,8,32768,4096,spill,364.4264782080007,384.67239366400077,20.24591545600009,1.0163840000000022,0.094536,0.8424,1.0163840000000022,3.3180434560000003,0.0,0.049608,0.094536,0.8424,0.0,298.850136,0.7045370370370371
b8_c32k,gpu-only,19,8,32768,4096,spill,384.67239366400077,404.91830912000086,20.24591545600009,1.0163840000000022,0.094536,0.8424,1.0163840000000022,3.3180434560000003,0.0,0.049608,0.094536,0.8424,0.0,298.850136,0.7045370370370371
b8_c32k,gpu-only,20,8,32768,4096,spill,404.91830912000086,425.16422457600095,20.24591545600009,1.0163840000000022,0.094536,0.8424,1.0163840000000022,3.3180434560000003,0.0,0.049608,0.094536,0.8424,0.0,298.850136,0.7045370370370371
b8_c32k,gpu-only,21,8,32768,4096,spill,425.16422457600095,445.41014003200104,20.24591545600009,1.0163840000000022,0.094536,0.8424,1.0163840000000022,3.3180434560000003,0.0,0.049608,0.094536,0.8424,0.0,298.850136,0.7045370370370371
b8_c32k,gpu-only,22,8,32768,4096,spill,445.41014003200104,465.65605548800113,20.24591545600009,1.0163840000000022,0.094536,0.8424,1.0163840000000022,3.3180434560000003,0.0,0.049608,0.094536,0.8424,0.0,298.850136,0.7045370370370371
b8_c32k,gpu-only,23,8,32768,4096,spill,465.65605548800113,485.9019709440012,20.24591545600009,1.0163840000000022,0.094536,0.8424,1.0163840000000022,3.3180434560000003,0.0,0.049608,0.094536,0.8424,0.0,298.850136,0.7045370370370371
b8_c32k,gpu-only,24,8,32768,4096,spill,485.9019709440012,506.1478864000013,20.24591545600009,1.0163840000000022,0.094536,0.8424,1.0163840000000022,3.3180434560000003,0.0,0.049608,0.094536,0.8424,0.0,298.850136,0.7045370370370371
b8_c32k,gpu-only,25,8,32768,4096,spill,506.1478864000013,526.3938018560015,20.245915456000148,1.0163840000000022,0.094536,0.8424,1.0163840000000022,3.3180434560000003,0.0,0.049608,0.094536,0.8424,0.0,298.850136,0.7045370370370371
b8_c32k,gpu-only,26,8,32768,4096,spill,526.3938018560015,546.6397173120015,20.245915456000034,1.0163840000000022,0.094536,0.8424,1.0163840000000022,3.3180434560000003,0.0,0.049608,0.094536,0.8424,0.0,298.850136,0.7045370370370371
b8_c32k,gpu-only,27,8,32768,4096,spill,546.6397173120015,566.8856327680015,20.245915456000034,1.0163840000000022,0.094536,0.8424,1.0163840000000022,3.3180434560000003,0.0,0.049608,0.094536,0.8424,0.0,298.850136,0.7045370370370371
b8_c32k,gpu-only,28,8,32768,4096,spill,566.8856327680015,587.1315482240016,20.245915456000034,1.0163840000000022,0.094536,0.8424,1.0163840000000022,3.3180434560000003,0.0,0.049608,0.094536,0.8424,0.0,298.850136,0.7045370370370371
b8_c32k,gpu-only,29,8,32768,4096,spill,587.1315482240016,607.3774636800016,20.245915456000034,1.0163840000000022,0.094536,0.8424,1.0163840000000022,3.3180434560000003,0.0,0.049608,0.094536,0.8424,0.0,298.850136,0.7045370370370371
b8_c32k,gpu-only,30,8,32768,4096,spill,607.3774636800016,627.6233791360016,20.245915456000034,1.0163840000000022,0.094536,0.8424,1.0163840000000022,3.3180434560000003,0.0,0.049608,0.094536,0.8424,0.0,298.850136,0.7045370370370371
b8_c32k,gpu-only,31,8,32768,4096,spill,627.6233791360016,647.8692945920017,20.245915456000034,1.0163840000000022,0.094536,0.8424,1.0163840000000022,3.3180434560000003,0.0,0.049608,0.094536,0.8424,0.0,298.850136,0.7045370370370371
b8_c32k,gpu-only,32,8,32768,4096,spill,647.8692945920017,668.1152100480017,20.245915456000034,1.0163840000000022,0.094536,0.8424,1.0163840000000022,3.3180434560000003,0.0,0.049608,0.094536,0.8424,0.0,298.850136,0.7045370370370371
b8_c32k,gpu-only,33,8,32768,4096,spill,668.1152100480017,688.3611255040017,20.245915456000034,1.0163840000000022,0.094536,0.8424,1.0163840000000022,3.3180434560000003,0.0,0.049608,0.094536,0.8424,0.0,298.850136,0.7045370370370371
b8_c32k,gpu-only,34,8,32768,4096,spill,688.3611255040017,708.6070409600018,20.245915456000034,1.0163840000000022,0.094536,0.8424,1.0163840000000022,3.3180434560000003,0.0,0.049608,0.094536,0.8424,0.0,298.850136,0.7045370370370371
b8_c32k,gpu-only,35,8,32768,4096,spill,708.6070409600018,728.8529564160018,20.245915456000034,1.0163840000000022,0.094536,0.8424,1.0163840000000022,3.3180434560000003,0.0,0.049608,0.094536,0.8424,0.0,298.850136,0.7045370370370371
b8_c32k,gpu-only,36,8,32768,4096,spill,728.8529564160018,749.0988718720018,20.245915456000034,1.0163840000000022,0.094536,0.8424,1.0163840000000022,3.3180434560000003,0.0,0.049608,0.094536,0.8424,0.0,298.850136,0.7045370370370371
b8_c32k,gpu-only,37,8,32768,4096,spill,749.0988718720018,769.3447873280019,20.245915456000034,1.0163840000000022,0.094536,0.8424,1.0163840000000022,3.3180434560000003,0.0,0.049608,0.094536,0.8424,0.0,298.850136,0.7045370370370371
b8_c32k,gpu-only,38,8,32768,4096,spill,769.3447873280019,789.5907027840019,20.245915456000034,1.0163840000000022,0.094536,0.8424,1.0163840000000022,3.3180434560000003,0.0,0.049608,0.094536,0.8424,0.0,298.850136,0.7045370370370371
b8_c32k,gpu-only,39,8,32768,4096,spill,789.5907027840019,809.8366182400019,20.245915456000034,1.0163840000000022,0.094536,0.8424,1.0163840000000022,3.3180434560000003,0.0,0.049608,0.094536,0.8424,0.0,298.850136,0.7045370370370371
b8_c32k,gpu-only,40,8,32768,4096,spill,809.8366182400019,830.082533696002,20.245915456000034,1.0163840000000022,0.094536,0.8424,1.0163840000000022,3.3180434560000003,0.0,0.049608,0.094536,0.8424,0.0,298.850136,0.7045370370370371
b8_c32k,gpu-only,41,8,32768,4096,spill,830.082533696002,850.328449152002,20.245915456000034,1.0163840000000022,0.094536,0.8424,1.0163840000000022,3.3180434560000003,0.0,0.049608,0.094536,0.8424,0.0,298.850136,0.7045370370370371
b8_c32k,gpu-only,42,8,32768,4096,spill,850.328449152002,870.574364608002,20.245915456000034,1.0163840000000022,0.094536,0.8424,1.0163840000000022,3.3180434560000003,0.0,0.049608,0.094536,0.8424,0.0,298.850136,0.7045370370370371
b8_c32k,gpu-only,43,8,32768,4096,spill,870.574364608002,890.8202800640021,20.245915456000034,1.0163840000000022,0.094536,0.8424,1.0163840000000022,3.3180434560000003,0.0,0.049608,0.094536,0.8424,0.0,298.850136,0.7045370370370371
b8_c32k,gpu-only,44,8,32768,4096,spill,890.8202800640021,911.0661955200021,20.245915456000034,1.0163840000000022,0.094536,0.8424,1.0163840000000022,3.3180434560000003,0.0,0.049608,0.094536,0.8424,0.0,298.850136,0.7045370370370371
b8_c32k,gpu-only,45,8,32768,4096,spill,911.0661955200021,931.3121109760021,20.245915456000034,1.0163840000000022,0.094536,0.8424,1.0163840000000022,3.3180434560000003,0.0,0.049608,0.094536,0.8424,0.0,298.850136,0.7045370370370371
b8_c32k,gpu-only,46,8,32768,4096,spill,931.3121109760021,951.5580264320022,20.245915456000034,1.0163840000000022,0.094536,0.8424,1.0163840000000022,3.3180434560000003,0.0,0.049608,0.094536,0.8424,0.0,298.850136,0.7045370370370371
b8_c32k,gpu-only,47,8,32768,4096,spill,951.5580264320022,971.8039418880022,20.245915456000034,1.0163840000000022,0.094536,0.8424,1.0163840000000022,3.3180434560000003,0.0,0.049608,0.094536,0.8424,0.0,298.850136,0.7045370370370371
b8_c32k,sieve,0,8,32768,4096,spill,0.0,509.79157945599997,509.79157945599997,470.56204799999995,0.094536,0.8424,470.56204799999995,3.3180434560000003,0.0,0.049608,0.094536,0.8424,0.0,298.850136,0.7045370370370371
b8_c32k,sieve,1,8,32768,4096,spill,509.79157945599997,1019.5831589119999,509.79157945599997,470.56204799999995,0.094536,0.8424,470.56204799999995,3.3180434560000003,0.0,0.049608,0.094536,0.8424,0.0,298.850136,0.7045370370370371
b8_c32k,sieve,2,8,32768,4096,spill,1019.5831589119999,1529.3747383679995,509.79157945599957,470.56204799999995,0.094536,0.8424,470.56204799999995,3.3180434560000003,0.0,0.049608,0.094536,0.8424,0.0,298.850136,0.7045370370370371
b8_c32k,sieve,3,8,32768,4096,spill,1529.3747383679995,2039.1663178239992,509.7915794559997,470.56204799999995,0.094536,0.8424,470.56204799999995,3.3180434560000003,0.0,0.049608,0.094536,0.8424,0.0,298.850136,0.7045370370370371
b8_c32k,sieve,4,8,32768,4096,spill,2039.1663178239992,2548.957897279999,509.7915794559999,470.56204799999995,0.094536,0.8424,470.56204799999995,3.3180434560000003,0.0,0.049608,0.094536,0.8424,0.0,298.850136,0.7045370370370371
b8_c32k,sieve,5,8,32768,4096,spill,2548.957897279999,3058.7494767359985,509.79157945599945,470.56204799999995,0.094536,0.8424,470.56204799999995,3.3180434560000003,0.0,0.049608,0.094536,0.8424,0.0,298.850136,0.7045370370370371
b8_c32k,sieve,6,8,32768,4096,spill,3058.7494767359985,3568.541056191998,509.79157945599945,470.56204799999995,0.094536,0.8424,470.56204799999995,3.3180434560000003,0.0,0.049608,0.094536,0.8424,0.0,298.850136,0.7045370370370371
b8_c32k,sieve,7,8,32768,4096,spill,3568.541056191998,4078.3326356479974,509.79157945599945,470.56204799999995,0.094536,0.8424,470.56204799999995,3.3180434560000003,0.0,0.049608,0.094536,0.8424,0.0,298.850136,0.7045370370370371
b8_c32k,sieve,8,8,32768,4096,spill,4078.3326356479974,4588.124215103997,509.79157945599945,470.56204799999995,0.094536,0.8424,470.56204799999995,3.3180434560000003,0.0,0.049608,0.094536,0.8424,0.0,298.850136,0.7045370370370371
b8_c32k,sieve,9,8,32768,4096,spill,4588.124215103997,5097.915794559996,509.79157945599945,470.56204799999995,0.094536,0.8424,470.56204799999995,3.3180434560000003,0.0,0.049608,0.094536,0.8424,0.0,298.850136,0.7045370370370371
b8_c32k,sieve,10,8,32768,4096,spill,5097.915794559996,5607.707374015996,509.79157945599945,470.56204799999995,0.094536,0.8424,470.56204799999995,3.3180434560000003,0.0,0.049608,0.094536,0.8424,0.0,298.850136,0.7045370370370371
b8_c32k,sieve,11,8,32768,4096,spill,5607.707374015996,6117.498953471995,509.79157945599945,470.56204799999995,0.094536,0.8424,470.56204799999995,3.3180434560000003,0.0,0.049608,0.094536,0.8424,0.0,298.850136,0.7045370370370371
b8_c32k,sieve,12,8,32768,4096,spill,6117.498953471995,6627.290532927995,509.79157945599945,470.56204799999995,0.094536,0.8424,470.56204799999995,3.3180434560000003,0.0,0.049608,0.094536,0.8424,0.0,298.850136,0.7045370370370371
b8_c32k,sieve,13,8,32768,4096,spill,6627.290532927995,7137.082112383994,509.79157945599945,470.56204799999995,0.094536,0.8424,470.56204799999995,3.3180434560000003,0.0,0.049608,0.094536,0.8424,0.0,298.850136,0.7045370370370371
b8_c32k,sieve,14,8,32768,4096,spill,7137.082112383994,7646.873691839994,509.79157945599945,470.56204799999995,0.094536,0.8424,470.56204799999995,3.3180434560000003,0.0,0.049608,0.094536,0.8424,0.0,298.850136,0.7045370370370371
b8_c32k,sieve,15,8,32768,4096,spill,7646.873691839994,8156.665271295993,509.79157945599945,470.56204799999995,0.094536,0.8424,470.56204799999995,3.3180434560000003,0.0,0.049608,0.094536,0.8424,0.0,298.850136,0.7045370370370371
b8_c32k,sieve,16,8,32768,4096,spill,8156.665271295993,8666.456850751993,509.79157945599945,470.56204799999995,0.094536,0.8424,470.56204799999995,3.3180434560000003,0.0,0.049608,0.094536,0.8424,0.0,298.850136,0.7045370370370371
b8_c32k,sieve,17,8,32768,4096,spill,8666.456850751993,9176.24843020799,509.79157945599763,470.56204799999995,0.094536,0.8424,470.56204799999995,3.3180434560000003,0.0,0.049608,0.094536,0.8424,0.0,298.850136,0.7045370370370371
b8_c32k,sieve,18,8,32768,4096,spill,9176.24843020799,9686.040009663988,509.79157945599763,470.56204799999995,0.094536,0.8424,470.56204799999995,3.3180434560000003,0.0,0.049608,0.094536,0.8424,0.0,298.850136,0.7045370370370371
b8_c32k,sieve,19,8,32768,4096,spill,9686.040009663988,10195.831589119985,509.79157945599763,470.56204799999995,0.094536,0.8424,470.56204799999995,3.3180434560000003,0.0,0.049608,0.094536,0.8424,0.0,298.850136,0.7045370370370371
b8_c32k,sieve,20,8,32768,4096,spill,10195.831589119985,10705.623168575983,509.79157945599763,470.56204799999995,0.094536,0.8424,470.56204799999995,3.3180434560000003,0.0,0.049608,0.094536,0.8424,0.0,298.850136,0.7045370370370371
b8_c32k,sieve,21,8,32768,4096,spill,10705.623168575983,11215.41474803198,509.79157945599763,470.56204799999995,0.094536,0.8424,470.56204799999995,3.3180434560000003,0.0,0.049608,0.094536,0.8424,0.0,298.850136,0.7045370370370371
b8_c32k,sieve,22,8,32768,4096,spill,11215.41474803198,11725.206327487978,509.79157945599763,470.56204799999995,0.094536,0.8424,470.56204799999995,3.3180434560000003,0.0,0.049608,0.094536,0.8424,0.0,298.850136,0.7045370370370371
b8_c32k,sieve,23,8,32768,4096,spill,11725.206327487978,12234.997906943976,509.79157945599763,470.56204799999995,0.094536,0.8424,470.56204799999995,3.3180434560000003,0.0,0.049608,0.094536,0.8424,0.0,298.850136,0.7045370370370371
b8_c32k,sieve,24,8,32768,4096,spill,12234.997906943976,12744.789486399974,509.79157945599763,470.56204799999995,0.094536,0.8424,470.56204799999995,3.3180434560000003,0.0,0.049608,0.094536,0.8424,0.0,298.850136,0.7045370370370371
b8_c32k,sieve,25,8,32768,4096,spill,12744.789486399974,13254.581065855971,509.79157945599763,470.56204799999995,0.094536,0.8424,470.56204799999995,3.3180434560000003,0.0,0.049608,0.094536,0.8424,0.0,298.850136,0.7045370370370371
b8_c32k,sieve,26,8,32768,4096,spill,13254.581065855971,13764.372645311969,509.79157945599763,470.56204799999995,0.094536,0.8424,470.56204799999995,3.3180434560000003,0.0,0.049608,0.094536,0.8424,0.0,298.850136,0.7045370370370371
b8_c32k,sieve,27,8,32768,4096,spill,13764.372645311969,14274.164224767967,509.79157945599763,470.56204799999995,0.094536,0.8424,470.56204799999995,3.3180434560000003,0.0,0.049608,0.094536,0.8424,0.0,298.850136,0.7045370370370371
b8_c32k,sieve,28,8,32768,4096,spill,14274.164224767967,14783.955804223964,509.79157945599763,470.56204799999995,0.094536,0.8424,470.56204799999995,3.3180434560000003,0.0,0.049608,0.094536,0.8424,0.0,298.850136,0.7045370370370371
b8_c32k,sieve,29,8,32768,4096,spill,14783.955804223964,15293.747383679962,509.79157945599763,470.56204799999995,0.094536,0.8424,470.56204799999995,3.3180434560000003,0.0,0.049608,0.094536,0.8424,0.0,298.850136,0.7045370370370371
b8_c32k,sieve,30,8,32768,4096,spill,15293.747383679962,15803.53896313596,509.79157945599763,470.56204799999995,0.094536,0.8424,470.56204799999995,3.3180434560000003,0.0,0.049608,0.094536,0.8424,0.0,298.850136,0.7045370370370371
b8_c32k,sieve,31,8,32768,4096,spill,15803.53896313596,16313.330542591957,509.79157945599763,470.56204799999995,0.094536,0.8424,470.56204799999995,3.3180434560000003,0.0,0.049608,0.094536,0.8424,0.0,298.850136,0.7045370370370371
b8_c32k,sieve,32,8,32768,4096,spill,16313.330542591957,16823.122122047967,509.79157945601037,470.56204799999995,0.094536,0.8424,470.56204799999995,3.3180434560000003,0.0,0.049608,0.094536,0.8424,0.0,298.850136,0.7045370370370371
b8_c32k,sieve,33,8,32768,4096,spill,16823.122122047967,17332.913701503978,509.79157945601037,470.56204799999995,0.094536,0.8424,470.56204799999995,3.3180434560000003,0.0,0.049608,0.094536,0.8424,0.0,298.850136,0.7045370370370371
b8_c32k,sieve,34,8,32768,4096,spill,17332.913701503978,17842.705280959988,509.79157945601037,470.56204799999995,0.094536,0.8424,470.56204799999995,3.3180434560000003,0.0,0.049608,0.094536,0.8424,0.0,298.850136,0.7045370370370371
b8_c32k,sieve,35,8,32768,4096,spill,17842.705280959988,18352.496860416,509.79157945601037,470.56204799999995,0.094536,0.8424,470.56204799999995,3.3180434560000003,0.0,0.049608,0.094536,0.8424,0.0,298.850136,0.7045370370370371
b8_c32k,sieve,36,8,32768,4096,spill,18352.496860416,18862.28843987201,509.79157945601037,470.56204799999995,0.094536,0.8424,470.56204799999995,3.3180434560000003,0.0,0.049608,0.094536,0.8424,0.0,298.850136,0.7045370370370371
b8_c32k,sieve,37,8,32768,4096,spill,18862.28843987201,19372.08001932802,509.79157945601037,470.56204799999995,0.094536,0.8424,470.56204799999995,3.3180434560000003,0.0,0.049608,0.094536,0.8424,0.0,298.850136,0.7045370370370371
b8_c32k,sieve,38,8,32768,4096,spill,19372.08001932802,19881.87159878403,509.79157945601037,470.56204799999995,0.094536,0.8424,470.56204799999995,3.3180434560000003,0.0,0.049608,0.094536,0.8424,0.0,298.850136,0.7045370370370371
b8_c32k,sieve,39,8,32768,4096,spill,19881.87159878403,20391.66317824004,509.79157945601037,470.56204799999995,0.094536,0.8424,470.56204799999995,3.3180434560000003,0.0,0.049608,0.094536,0.8424,0.0,298.850136,0.7045370370370371
b8_c32k,sieve,40,8,32768,4096,spill,20391.66317824004,20901.45475769605,509.79157945601037,470.56204799999995,0.094536,0.8424,470.56204799999995,3.3180434560000003,0.0,0.049608,0.094536,0.8424,0.0,298.850136,0.7045370370370371
b8_c32k,sieve,41,8,32768,4096,spill,20901.45475769605,21411.24633715206,509.79157945601037,470.56204799999995,0.094536,0.8424,470.56204799999995,3.3180434560000003,0.0,0.049608,0.094536,0.8424,0.0,298.850136,0.7045370370370371
b8_c32k,sieve,42,8,32768,4096,spill,21411.24633715206,21921.03791660807,509.79157945601037,470.56204799999995,0.094536,0.8424,470.56204799999995,3.3180434560000003,0.0,0.049608,0.094536,0.8424,0.0,298.850136,0.7045370370370371
b8_c32k,sieve,43,8,32768,4096,spill,21921.03791660807,22430.82949606408,509.79157945601037,470.56204799999995,0.094536,0.8424,470.56204799999995,3.3180434560000003,0.0,0.049608,0.094536,0.8424,0.0,298.850136,0.7045370370370371
b8_c32k,sieve,44,8,32768,4096,spill,22430.82949606408,22940.621075520092,509.79157945601037,470.56204799999995,0.094536,0.8424,470.56204799999995,3.3180434560000003,0.0,0.049608,0.094536,0.8424,0.0,298.850136,0.7045370370370371
b8_c32k,sieve,45,8,32768,4096,spill,22940.621075520092,23450.412654976102,509.79157945601037,470.56204799999995,0.094536,0.8424,470.56204799999995,3.3180434560000003,0.0,0.049608,0.094536,0.8424,0.0,298.850136,0.7045370370370371
b8_c32k,sieve,46,8,32768,4096,spill,23450.412654976102,23960.204234432113,509.79157945601037,470.56204799999995,0.094536,0.8424,470.56204799999995,3.3180434560000003,0.0,0.049608,0.094536,0.8424,0.0,298.850136,0.7045370370370371
b8_c32k,sieve,47,8,32768,4096,spill,23960.204234432113,24469.995813888123,509.79157945601037,470.56204799999995,0.094536,0.8424,470.56204799999995,3.3180434560000003,0.0,0.049608,0.094536,0.8424,0.0,298.850136,0.7045370370370371
b16_c16k,gpu-only,0,16,16384,4096,spill,0.0,20.658094912000003,20.658094912000003,1.0327680000000043,0.094536,0.8424,1.0327680000000043,3.586478912,0.0,0.049608,0.094536,0.8424,0.0,298.850136,0.7045370370370371
b16_c16k,gpu-only,1,16,16384,4096,spill,20.658094912000003,41.31618982400001,20.65809491200001,1.0327680000000043,0.094536,0.8424,1.0327680000000043,3.586478912,0.0,0.049608,0.094536,0.8424,0.0,298.850136,0.7045370370370371
b16_c16k,gpu-only,2,16,16384,4096,spill,41.31618982400001,61.97428473600003,20.658094912000017,1.0327680000000043,0.094536,0.8424,1.0327680000000043,3.586478912,0.0,0.049608,0.094536,0.8424,0.0,298.850136,0.7045370370370371
b16_c16k,gpu-only,3,16,16384,4096,spill,61.97428473600003,82.63237964800004,20.65809491200001,1.0327680000000043,0.094536,0.8424,1.0327680000000043,3.586478912,0.0,0.049608,0.094536,0.8424,0.0,298.850136,0.7045370370370371
b16_c16k,gpu-only,4,16,16384,4096,spill,82.63237964800004,103.29047456000004,20.658094911999996,1.0327680000000043,0.094536,0.8424,1.0327680000000043,3.586478912,0.0,0.049608,0.094536,0.8424,0.0,298.850136,0.7045370370370371
b16_c16k,gpu-only,5,16,16384,4096,spill,103.29047456000004,123.94856947200003,20.658094911999996,1.0327680000000043,0.094536,0.8424,1.0327680000000043,3.586478912,0.0,0.049608,0.094536,0.8424,0.0,298.850136,0.7045370370370371
b16_c16k,gpu-only,6,16,16384,4096,spill,123.94856947200003,144.60666438400003,20.658094911999996,1.0327680000000043,0.094536,0.8424,1.0327680000000043,3.586478912,0.0,0.049608,0.094536,0.8424,0.0,298.850136,0.7045370370370371
b16_c16k,gpu-only,7,16,16384,4096,spill,144.60666438400003,165.26475929600002,20.658094911999996,1.0327680000000043,0.094536,0.8424,1.0327680000000043,3.586478912,0.0,0.049608,0.094536,0.8424,0.0,298.850136,0.7045370370370371
b16_c16k,gpu-only,8,16,16384,4096,spill,165.26475929600002,185.92285420800002,20.658094911999996,1.0327680000000043,0.094536,0.8424,1.0327680000000043,3.586478912,0.0,0.049608,0.094536,0.8424,0.0,298.850136,0.7045370370370371
b16_c16k,gpu-only,9,16,16384,4096,spill,185.92285420800002,206.58094912,20.658094911999996,1.0327680000000043,0.094536,0.8424,1.0327680000000043,3.586478912,0.0,0.049608,0.094536,0.8424,0.0,298.850136,0.7045370370370371
b16_c16k,gpu-only,10,16,16384,4096,spill,206.58094912,227.239044032,20.658094911999996,1.0327680000000043,0.094536,0.8424,1.0327680000000043,3.586478912,0.0,0.049608,0.094536,0.8424,0.0,298.850136,0.7045370370370371
b16_c16k,gpu-only,11,16,16384,4096,spill,227.239044032,247.897138944,20.658094911999996,1.0327680000000043,0.094536,0.8424,1.0327680000000043,3.586478912,0.0,0.049608,0.094536,0.8424,0.0,298.850136,0.7045370370370371
b16_c16k,gpu-only,12,16,16384,4096,spill,247.897138944,268.55523385600003,20.658094912000024,1.0327680000000043,0.094536,0.8424,1.0327680000000043,3.586478912,0.0,0.049608,0.094536,0.8424,0.0,298.850136,0.7045370370370371
b16_c16k,gpu-only,13,16,16384,4096,spill,268.55523385600003,289.213328768,20.658094911999967,1.0327680000000043,0.094536,0.8424,1.0327680000000043,3.586478912,0.0,0.049608,0.094536,0.8424,0.0,298.850136,0.7045370370370371
b16_c16k,gpu-only,14,16,16384,4096,spill,289.213328768,309.87142368,20.658094912000024,1.0327680000000043,0.094536,0.8424,1.0327680000000043,3.586478912,0.0,0.049608,0.094536,0.8424,0.0,298.850136,0.7045370370370371
b16_c16k,gpu-only,15,16,16384,4096,spill,309.87142368,330.52951859200004,20.658094912000024,1.0327680000000043,0.094536,0.8424,1.0327680000000043,3.586478912,0.0,0.049608,0.094536,0.8424,0.0,298.850136,0.7045370370370371
b16_c16k,gpu-only,16,16,16384,4096,spill,330.52951859200004,351.18761350400007,20.658094912000024,1.0327680000000043,0.094536,0.8424,1.0327680000000043,3.586478912,0.0,0.049608,0.094536,0.8424,0.0,298.850136,0.7045370370370371
b16_c16k,gpu-only,17,16,16384,4096,spill,351.18761350400007,371.8457084160001,20.658094912000024,1.0327680000000043,0.094536,0.8424,1.0327680000000043,3.586478912,0.0,0.049608,0.094536,0.8424,0.0,298.850136,0.7045370370370371
b16_c16k,gpu-only,18,16,16384,4096,spill,371.8457084160001,392.5038033280001,20.658094912000024,1.0327680000000043,0.094536,0.8424,1.0327680000000043,3.586478912,0.0,0.049608,0.094536,0.8424,0.0,298.850136,0.7045370370370371
b16_c16k,gpu-only,19,16,16384,4096,spill,392.5038033280001,413.16189824000014,20.658094912000024,1.0327680000000043,0.094536,0.8424,1.0327680000000043,3.586478912,0.0,0.049608,0.094536,0.8424,0.0,298.850136,0.7045370370370371
b16_c16k,gpu-only,20,16,16384,4096,spill,413.16189824000014,433.81999315200017,20.658094912000024,1.0327680000000043,0.094536,0.8424,1.0327680000000043,3.586478912,0.0,0.049608,0.094536,0.8424,0.0,298.850136,0.7045370370370371
b16_c16k,gpu-only,21,16,16384,4096,spill,433.81999315200017,454.4780880640002,20.658094912000024,1.0327680000000043,0.094536,0.8424,1.0327680000000043,3.586478912,0.0,0.049608,0.094536,0.8424,0.0,298.850136,0.7045370370370371
b16_c16k,gpu-only,22,16,16384,4096,spill,454.4780880640002,475.1361829760002,20.658094912000024,1.0327680000000043,0.094536,0.8424,1.0327680000000043,3.586478912,0.0,0.049608,0.094536,0.8424,0.0,298.850136,0.7045370370370371
b16_c16k,gpu-only,23,16,16384,4096,spill,475.1361829760002,495.79427788800024,20.658094912000024,1.0327680000000043,0.094536,0.8424,1.0327680000000043,3.586478912,0.0,0.049608,0.094536,0.8424,0.0,298.850136,0.7045370370370371
b16_c16k,gpu-only,24,16,16384,4096,spill,495.79427788800024,516.4523728000003,20.658094912000024,1.0327680000000043,0.094536,0.8424,1.0327680000000043,3.586478912,0.0,0.049608,0.094536,0.8424,0.0,298.850136,0.7045370370370371
b16_c16k,gpu-only,25,16,16384,4096,spill,516.4523728000003,537.1104677120005,20.65809491200025,1.0327680000000043,0.094536,0.8424,1.0327680000000043,3.586478912,0.0,0.049608,0.094536,0.8424,0.0,298.850136,0.7045370370370371
b16_c16k,gpu-only,26,16,16384,4096,spill,537.1104677120005,557.7685626240008,20.65809491200025,1.0327680000000043,0.094536,0.8424,1.0327680000000043,3.586478912,0.0,0.049608,0.094536,0.8424,0.0,298.850136,0.7045370370370371
b16_c16k,gpu-only,27,16,16384,4096,spill,557.7685626240008,578.426657536001,20.65809491200025,1.0327680000000043,0.094536,0.8424,1.0327680000000043,3.586478912,0.0,0.049608,0.094536,0.8424,0.0,298.850136,0.7045370370370371
b16_c16k,gpu-only,28,16,16384,4096,spill,578.426657536001,599.0847524480013,20.65809491200025,1.0327680000000043,0.094536,0.8424,1.0327680000000043,3.586478912,0.0,0.049608,0.094536,0.8424,0.0,298.850136,0.7045370370370371
b16_c16k,gpu-only,29,16,16384,4096,spill,599.0847524480013,619.7428473600015,20.65809491200025,1.0327680000000043,0.094536,0.8424,1.0327680000000043,3.586478912,0.0,0.049608,0.094536,0.8424,0.0,298.850136,0.7045370370370371
b16_c16k,gpu-only,30,16,16384,4096,spill,619.7428473600015,640.4009422720018,20.65809491200025,1.0327680000000043,0.094536,0.8424,1.0327680000000043,3.586478912,0.0,0.049608,0.094536,0.8424,0.0,298.850136,0.7045370370370371
b16_c16k,gpu-only,31,16,16384,4096,spill,640.4009422720018,661.059037184002,20.65809491200025,1.0327680000000043,0.094536,0.8424,1.0327680000000043,3.586478912,0.0,0.049608,0.094536,0.8424,0.0,298.850136,0.7045370370370371
b16_c16k,gpu-only,32,16,16384,4096,spill,661.059037184002,681.7171320960023,20.65809491200025,1.0327680000000043,0.094536,0.8424,1.0327680000000043,3.586478912,0.0,0.049608,0.094536,0.8424,0.0,298.850136,0.7045370370370371
b16_c16k,gpu-only,33,16,16384,4096,spill,681.7171320960023,702.3752270080025,20.65809491200025,1.0327680000000043,0.094536,0.8424,1.0327680000000043,3.586478912,0.0,0.049608,0.094536,0.8424,0.0,298.850136,0.7045370370370371
b16_c16k,gpu-only,34,16,16384,4096,spill,702.3752270080025,723.0333219200028,20.65809491200025,1.0327680000000043,0.094536,0.8424,1.0327680000000043,3.586478912,0.0,0.049608,0.094536,0.8424,0.0,298.850136,0.7045370370370371
b16_c16k,gpu-only,35,16,16384,4096,spill,723.0333219200028,743.691416832003,20.65809491200025,1.0327680000000043,0.094536,0.8424,1.0327680000000043,3.586478912,0.0,0.049608,0.094536,0.8424,0.0,298.850136,0.7045370370370371
b16_c16k,gpu-only,36,16,16384,4096,spill,743.691416832003,764.3495117440033,20.65809491200025,1.0327680000000043,0.094536,0.8424,1.0327680000000043,3.586478912,0.0,0.049608,0.094536,0.8424,0.0,298.850136,0.7045370370370371
b16_c16k,gpu-only,37,16,16384,4096,spill,764.3495117440033,785.0076066560035,20.65809491200025,1.0327680000000043,0.094536,0.8424,1.0327680000000043,3.586478912,0.0,0.049608,0.094536,0.8424,0.0,298.850136,0.7045370370370371
b16_c16k,gpu-only,38,16,16384,4096,spill,785.0076066560035,805.6657015680038,20.65809491200025,1.0327680000000043,0.094536,0.8424,1.0327680000000043,3.586478912,0.0,0.049608,0.094536,0.8424,0.0,298.850136,0.7045370370370371
b16_c16k,gpu-only,39,16,16384,4096,spill,805.6657015680038,826.323796480004,20.65809491200025,1.0327680000000043,0.094536,0.8424,1.0327680000000043,3.586478912,0.0,0.049608,0.094536,0.8424,0.0,298.850136,0.7045370370370371
b16_c16k,gpu-only,40,16,16384,4096,spill,826.323796480004,846.9818913920043,20.65809491200025,1.0327680000000043,0.094536,0.8424,1.0327680000000043,3.586478912,0.0,0.049608,0.094536,0.8424,0.0,298.850136,0.7045370370370371
b16_c16k,gpu-only,41,16,16384,4096,spill,846.9818913920043,867.6399863040045,20.65809491200025,1.0327680000000043,0.094536,0.8424,1.0327680000000043,3.586478912,0.0,0.049608,0.094536,0.8424,0.0,298.850136,0.7045370370370371
b16_c16k,gpu-only,42,16,16384,4096,spill,867.6399863040045,888.2980812160048,20.65809491200025,1.0327680000000043,0.094536,0.8424,1.0327680000000043,3.586478912,0.0,0.049608,0.094536,0.8424,0.0,298.850136,0.7045370370370371
b16_c16k,gpu-only,43,16,16384,4096,spill,888.2980812160048,908.956176128005,20.65809491200025,1.0327680000000043,0.094536,0.8424,1.0327680000000043,3.586478912,0.0,0.049608,0.094536,0.8424,0.0,298.850136,0.7045370370370371
b16_c16k,gpu-only,44,16,16384,4096,spill,908.956176128005,929.6142710400053,20.65809491200025,1.0327680000000043,0.094536,0.8424,1.0327680000000043,3.586478912,0.0,0.049608,0.094536,0.8424,0.0,298.850136,0.7045370370370371
b16_c16k,gpu-only,45,16,16384,4096,spill,929.6142710400053,950.2723659520055,20.65809491200025,1.0327680000000043,0.094536,0.8424,1.0327680000000043,3.586478912,0.0,0.049608,0.094536,0.8424,0.0,298.850136,0.7045370370370371
b16_c16k,gpu-only,46,16,16384,4096,spill,950.2723659520055,970.9304608640058,20.65809491200025,1.0327680000000043,0.094536,0.8424,1.0327680000000043,3.586478912,0.0,0.049608,0.094536,0.8424,0.0,298.850136,0.7045370370370371
b16_c16k,gpu-only,47,16,16384,4096,spill,970.9304608640058,991.588555776006,20.65809491200025,1.0327680000000043,0.094536,0.8424,1.0327680000000043,3.586478912,0.0,0.049608,0.094536,0.8424,0.0,298.850136,0.7045370370370371
b16_c16k,sieve,0,16,16384,4096,spill,0.0,510.987374912,510.987374912,471.362048,0.094536,0.8424,471.362048,3.586478912,0.0,0.049608,0.094536,0.8424,0.0,298.850136,0.7045370370370371
b16_c16k,sieve,1,16,16384,4096,spill,510.987374912,1021.9747498240002,510.98737491200023,471.362048,0.094536,0.8424,471.362048,3.586478912,0.0,0.049608,0.094536,0.8424,0.0,298.850136,0.7045370370370371
b16_c16k,sieve,2,16,16384,4096,spill,1021.9747498240002,1532.9621247360003,510.98737491200006,471.362048,0.094536,0.8424,471.362048,3.586478912,0.0,0.049608,0.094536,0.8424,0.0,298.850136,0.7045370370370371
b16_c16k,sieve,3,16,16384,4096,spill,1532.9621247360003,2043.9494996480005,510.9873749120002,471.362048,0.094536,0.8424,471.362048,3.586478912,0.0,0.049608,0.094536,0.8424,0.0,298.850136,0.7045370370370371
b16_c16k,sieve,4,16,16384,4096,spill,2043.9494996480005,2554.9368745599995,510.98737491199904,471.362048,0.094536,0.8424,471.362048,3.586478912,0.0,0.049608,0.094536,0.8424,0.0,298.850136,0.7045370370370371
b16_c16k,sieve,5,16,16384,4096,spill,2554.9368745599995,3065.9242494719983,510.9873749119988,471.362048,0.094536,0.8424,471.362048,3.586478912,0.0,0.049608,0.094536,0.8424,0.0,298.850136,0.7045370370370371
b16_c16k,sieve,6,16,16384,4096,spill,3065.9242494719983,3576.911624383997,510.9873749119988,471.362048,0.094536,0.8424,471.362048,3.586478912,0.0,0.049608,0.094536,0.8424,0.0,298.850136,0.7045370370370371
b16_c16k,sieve,7,16,16384,4096,spill,3576.911624383997,4087.898999295996,510.9873749119988,471.362048,0.094536,0.8424,471.362048,3.586478912,0.0,0.049608,0.094536,0.8424,0.0,298.850136,0.7045370370370371
b16_c16k,sieve,8,16,16384,4096,spill,4087.898999295996,4598.886374207997,510.98737491200063,471.362048,0.094536,0.8424,471.362048,3.586478912,0.0,0.049608,0.094536,0.8424,0.0,298.850136,0.7045370370370371
b16_c16k,sieve,9,16,16384,4096,spill,4598.886374207997,5109.873749119996,510.9873749119997,471.362048,0.094536,0.8424,471.362048,3.586478912,0.0,0.049608,0.094536,0.8424,0.0,298.850136,0.7045370370370371
b16_c16k,sieve,10,16,16384,4096,spill,5109.873749119996,5620.861124031996,510.9873749119997,471.362048,0.094536,0.8424,471.362048,3.586478912,0.0,0.049608,0.094536,0.8424,0.0,298.850136,0.7045370370370371
b16_c16k,sieve,11,16,16384,4096,spill,5620.861124031996,6131.848498943996,510.9873749119997,471.362048,0.094536,0.8424,471.362048,3.586478912,0.0,0.049608,0.094536,0.8424,0.0,298.850136,0.7045370370370371
b16_c16k,sieve,12,16,16384,4096,spill,6131.848498943996,6642.8358738559955,510.9873749119997,471.362048,0.094536,0.8424,471.362048,3.586478912,0.0,0.049608,0.094536,0.8424,0.0,298.850136,0.7045370370370371
b16_c16k,sieve,13,16,16384,4096,spill,6642.8358738559955,7153.823248767995,510.9873749119997,471.362048,0.094536,0.8424,471.362048,3.586478912,0.0,0.049608,0.094536,0.8424,0.0,298.850136,0.7045370370370371
b16_c16k,sieve,14,16,16384,4096,spill,7153.823248767995,7664.810623679995,510.9873749119997,471.362048,0.094536,0.8424,471.362048,3.586478912,0.0,0.049608,0.094536,0.8424,0.0,298.850136,0.7045370370370371
b16_c16k,sieve,15,16,16384,4096,spill,7664.810623679995,8175.797998591995,510.9873749119997,471.362048,0.094536,0.8424,471.362048,3.586478912,0.0,0.049608,0.094536,0.8424,0.0,298.850136,0.7045370370370371
b16_c16k,sieve,16,16,16384,4096,spill,8175.797998591995,8686.785373503992,510.987374911997,471.362048,0.094536,0.8424,471.362048,3.586478912,0.0,0.049608,0.094536,0.8424,0.0,298.850136,0.7045370370370371
b16_c16k,sieve,17,16,16384,4096,spill,8686.785373503992,9197.77274841599,510.9873749119979,471.362048,0.094536,0.8424,471.362048,3.586478912,0.0,0.049608,0.094536,0.8424,0.0,298.850136,0.7045370370370371
b16_c16k,sieve,18,16,16384,4096,spill,9197.77274841599,9708.760123327987,510.9873749119979,471.362048,0.094536,0.8424,471.362048,3.586478912,0.0,0.049608,0.094536,0.8424,0.0,298.850136,0.7045370370370371
b16_c16k,sieve,19,16,16384,4096,spill,9708.760123327987,10219.747498239985,510.9873749119979,471.362048,0.094536,0.8424,471.362048,3.586478912,0.0,0.049608,0.094536,0.8424,0.0,298.850136,0.7045370370370371
b16_c16k,sieve,20,16,16384,4096,spill,10219.747498239985,10730.734873151983,510.9873749119979,471.362048,0.094536,0.8424,471.362048,3.586478912,0.0,0.049608,0.094536,0.8424,0.0,298.850136,0.7045370370370371
b16_c16k,sieve,21,16,16384,4096,spill,10730.734873151983,11241.722248063981,510.9873749119979,471.362048,0.094536,0.8424,471.362048,3.586478912,0.0,0.049608,0.094536,0.8424,0.0,298.850136,0.7045370370370371
b16_c16k,sieve,22,16,16384,4096,spill,11241.722248063981,11752.709622975979,510.9873749119979,471.362048,0.094536,0.8424,471.362048,3.586478912,0.0,0.049608,0.094536,0.8424,0.0,298.850136,0.7045370370370371
b16_c16k,sieve,23,16,16384,4096,spill,11752.709622975979,12263.696997887977,510.9873749119979,471.362048,0.094536,0.8424,471.362048,3.586478912,0.0,0.049608,0.094536,0.8424,0.0,298.850136,0.7045370370370371
b16_c16k,sieve,24,16,16384,4096,spill,12263.696997887977,12774.684372799975,510.9873749119979,471.362048,0.094536,0.8424,471.362048,3.586478912,0.0,0.049608,0.094536,0.8424,0.0,298.850136,0.7045370370370371
b16_c16k,sieve,25,16,16384,4096,spill,12774.684372799975,13285.671747711973,510.9873749119979,471.362048,0.094536,0.8424,471.362048,3.586478912,0.0,0.049608,0.094536,0.8424,0.0,298.850136,0.7045370370370371
b16_c16k,sieve,26,16,16384,4096,spill,13285.671747711973,13796.65912262397,510.9873749119979,471.362048,0.094536,0.8424,471.362048,3.586478912,0.0,0.049608,0.094536,0.8424,0.0,298.850136,0.7045370370370371
b16_c16k,sieve,27,16,16384,4096,spill,13796.65912262397,14307.646497535969,510.9873749119979,471.362048,0.094536,0.8424,471.362048,3.586478912,0.0,0.049608,0.094536,0.8424,0.0,298.850136,0.7045370370370371
b16_c16k,sieve,28,16,16384,4096,spill,14307.646497535969,14818.633872447966,510.9873749119979,471.362048,0.094536,0.8424,471.362048,3.586478912,0.0,0.049608,0.094536,0.8424,0.0,298.850136,0.7045370370370371
b16_c16k,sieve,29,16,16384,4096,spill,14818.633872447966,15329.621247359964,510.9873749119979,471.362048,0.094536,0.8424,471.362048,3.586478912,0.0,0.049608,0.094536,0.8424,0.0,298.850136,0.7045370370370371
b16_c16k,sieve,30,16,16384,4096,spill,15329.621247359964,15840.608622271962,510.9873749119979,471.362048,0.094536,0.8424,471.362048,3.586478912,0.0,0.049608,0.094536,0.8424,0.0,298.850136,0.7045370370370371
b16_c16k,sieve,31,16,16384,4096,spill,15840.608622271962,16351.59599718396,510.9873749119979,471.362048,0.094536,0.8424,471.362048,3.586478912,0.0,0.049608,0.094536,0.8424,0.0,298.850136,0.7045370370370371
b16_c16k,sieve,32,16,16384,4096,spill,16351.59599718396,16862.58337209596,510.9873749119997,471.362048,0.094536,0.8424,471.362048,3.586478912,0.0,0.049608,0.094536,0.8424,0.0,298.850136,0.7045370370370371
b16_c16k,sieve,33,16,16384,4096,spill,16862.58337209596,17373.570747007958,510.9873749119979,471.362048,0.094536,0.8424,471.362048,3.586478912,0.0,0.049608,0.094536,0.8424,0.0,298.850136,0.7045370370370371
b16_c16k,sieve,34,16,16384,4096,spill,17373.570747007958,17884.558121919956,510.9873749119979,471.362048,0.094536,0.8424,471.362048,3.586478912,0.0,0.049608,0.094536,0.8424,0.0,298.850136,0.7045370370370371
b16_c16k,sieve,35,16,16384,4096,spill,17884.558121919956,18395.545496831954,510.9873749119979,471.362048,0.094536,0.8424,471.362048,3.586478912,0.0,0.049608,0.094536,0.8424,0.0,298.850136,0.7045370370370371
b16_c16k,sieve,36,16,16384,4096,spill,18395.545496831954,18906.53287174395,510.9873749119979,471.362048,0.094536,0.8424,471.362048,3.586478912,0.0,0.049608,0.094536,0.8424,0.0,298.850136,0.7045370370370371
b16_c16k,sieve,37,16,16384,4096,spill,18906.53287174395,19417.52024665595,510.9873749119979,471.362048,0.094536,0.8424,471.362048,3.586478912,0.0,0.049608,0.094536,0.8424,0.0,298.850136,0.7045370370370371
b16_c16k,sieve,38,16,16384,4096,spill,19417.52024665595,19928.507621567947,510.9873749119979,471.362048,0.094536,0.8424,471.362048,3.586478912,0.0,0.049608,0.094536,0.8424,0.0,298.850136,0.7045370370370371
b16_c16k,sieve,39,16,16384,4096,spill,19928.507621567947,20439.494996479945,510.9873749119979,471.362048,0.094536,0.8424,471.362048,3.586478912,0.0,0.049608,0.094536,0.8424,0.0,298.850136,0.7045370370370371
b16_c16k,sieve,40,16,16384,4096,spill,20439.494996479945,20950.482371391943,510.9873749119979,471.362048,0.094536,0.8424,471.362048,3.586478912,0.0,0.049608,0.094536,0.8424,0.0,298.850136,0.7045370370370371
b16_c16k,sieve,41,16,16384,4096,spill,20950.482371391943,21461.46974630394,510.9873749119979,471.362048,0.094536,0.8424,471.362048,3.586478912,0.0,0.049608,0.094536,0.8424,0.0,298.850136,0.7045370370370371
b16_c16k,sieve,42,16,16384,4096,spill,21461.46974630394,21972.45712121594,510.9873749119979,471.362048,0.094536,0.8424,471.362048,3.586478912,0.0,0.049608,0.094536,0.8424,0.0,298.850136,0.7045370370370371
b16_c16k,sieve,43,16,16384,4096,spill,21972.45712121594,22483.444496127937,510.9873749119979,471.362048,0.094536,0.8424,471.362048,3.586478912,0.0,0.049608,0.094536,0.8424,0.0,298.850136,0.7045370370370371
b16_c16k,sieve,44,16,16384,4096,spill,22483.444496127937,22994.431871039935,510.9873749119979,471.362048,0.094536,0.8424,471.362048,3.586478912,0.0,0.049608,0.094536,0.8424,0.0,298.850136,0.7045370370370371
b16_c16k,sieve,45,16,16384,4096,spill,22994.431871039935,23505.419245951933,510.9873749119979,471.362048,0.094536,0.8424,471.362048,3.586478912,0.0,0.049608,0.094536,0.8424,0.0,298.850136,0.7045370370370371
b16_c16k,sieve,46,16,16384,4096,spill,23505.419245951933,24016.40662086393,510.9873749119979,471.362048,0.094536,0.8424,471.362048,3.586478912,0.0,0.049608,0.094536,0.8424,0.0,298.850136,0.7045370370370371
b16_c16k,sieve,47,16,16384,4096,spill,24016.40662086393,24527.39399577593,510.9873749119979,471.362048,0.094536,0.8424,471.362048,3.586478912,0.0,0.049608,0.094536,0.8424,0.0,298.850136,0.7045370370370371
b16_c32k,gpu-only,0,16,32768,4096,spill,0.0,22.704142912000002,22.704142912000002,1.0327680000000043,0.094536,3.078816,3.078816,3.586478912,3.078816,0.049608,0.094536,3.078816,0.0,2588.866176,0.9191578840697203
b16_c32k,gpu-only,1,16,32768,4096,spill,22.704142912000002,45.40828582400001,22.70414291200001,1.0327680000000043,0.094536,3.078816,3.078816,3.586478912,3.078816,0.049608,0.094536,3.078816,0.0,2588.866176,0.9191578840697203
b16_c32k,gpu-only,2,16,32768,4096,spill,45.40828582400001,68.11242873600003,22.704142912000016,1.0327680000000043,0.094536,3.078816,3.078816,3.586478912,3.078816,0.049608,0.094536,3.078816,0.0,2588.866176,0.9191578840697203
b16_c32k,gpu-only,3,16,32768,4096,spill,68.11242873600003,90.81657164800002,22.704142911999995,1.0327680000000043,0.094536,3.078816,3.078816,3.586478912,3.078816,0.049608,0.094536,3.078816,0.0,2588.866176,0.9191578840697203
b16_c32k,gpu-only,4,16,32768,4096,spill,90.81657164800002,113.52071456000003,22.70414291200001,1.0327680000000043,0.094536,3.078816,3.078816,3.586478912,3.078816,0.049608,0.094536,3.078816,0.0,2588.866176,0.9191578840697203
b16_c32k,gpu-only,5,16,32768,4096,spill,113.52071456000003,136.22485747200005,22.704142912000023,1.0327680000000043,0.094536,3.078816,3.078816,3.586478912,3.078816,0.049608,0.094536,3.078816,0.0,2588.866176,0.9191578840697203
b16_c32k,gpu-only,6,16,32768,4096,spill,136.22485747200005,158.92900038400003,22.70414291199998,1.0327680000000043,0.094536,3.078816,3.078816,3.586478912,3.078816,0.049608,0.094536,3.078816,0.0,2588.866176,0.9191578840697203
b16_c32k,gpu-only,7,16,32768,4096,spill,158.92900038400003,181.63314329600001,22.70414291199998,1.0327680000000043,0.094536,3.078816,3.078816,3.586478912,3.078816,0.049608,0.094536,3.078816,0.0,2588.866176,0.9191578840697203
b16_c32k,gpu-only,8,16,32768,4096,spill,181.63314329600001,204.337286208,22.70414291199998,1.0327680000000043,0.094536,3.078816,3.078816,3.586478912,3.078816,0.049608,0.094536,3.078816,0.0,2588.866176,0.9191578840697203
b16_c32k,gpu-only,9,16,32768,4096,spill,204.337286208,227.04142911999998,22.70414291199998,1.0327680000000043,0.094536,3.078816,3.078816,3.586478912,3.078816,0.049608,0.094536,3.078816,0.0,2588.866176,0.9191578840697203
b16_c32k,gpu-only,10,16,32768,4096,spill,227.04142911999998,249.74557203199996,22.70414291199998,1.0327680000000043,0.094536,3.078816,3.078816,3.586478912,3.078816,0.049608,0.094536,3.078816,0.0,2588.866176,0.9191578840697203
b16_c32k,gpu-only,11,16,32768,4096,spill,249.74557203199996,272.449714944,22.704142912000037,1.0327680000000043,0.094536,3.078816,3.078816,3.586478912,3.078816,0.049608,0.094536,3.078816,0.0,2588.866176,0.9191578840697203
b16_c32k,gpu-only,12,16,32768,4096,spill,272.449714944,295.153857856,22.70414291200001,1.0327680000000043,0.094536,3.078816,3.078816,3.586478912,3.078816,0.049608,0.094536,3.078816,0.0,2588.866176,0.9191578840697203
b16_c32k,gpu-only,13,16,32768,4096,spill,295.153857856,317.858000768,22.70414291200001,1.0327680000000043,0.094536,3.078816,3.078816,3.586478912,3.078816,0.049608,0.094536,3.078816,0.0,2588.866176,0.9191578840697203
b16_c32k,gpu-only,14,16,32768,4096,spill,317.858000768,340.56214368,22.70414291200001,1.0327680000000043,0.094536,3.078816,3.078816,3.586478912,3.078816,0.049608,0.094536,3.078816,0.0,2588.866176,0.9191578840697203
b16_c32k,gpu-only,15,16,32768,4096,spill,340.56214368,363.26628659200003,22.70414291200001,1.0327680000000043,0.094536,3.078816,3.078816,3.586478912,3.078816,0.049608,0.094536,3.078816,0.0,2588.866176,0.9191578840697203
b16_c32k,gpu-only,16,16,32768,4096,spill,363.26628659200003,385.97042950400004,22.70414291200001,1.0327680000000043,0.094536,3.078816,3.078816,3.586478912,3.078816,0.049608,0.094536,3.078816,0.0,2588.866176,0.9191578840697203
b16_c32k,gpu-only,17,16,32768,4096,spill,385.97042950400004,408.67457241600005,22.70414291200001,1.0327680000000043,0.094536,3.078816,3.078816,3.586478912,3.078816,0.049608,0.094536,3.078816,0.0,2588.866176,0.9191578840697203
b16_c32k,gpu-only,18,16,32768,4096,spill,408.67457241600005,431.37871532800006,22.70414291200001,1.0327680000000043,0.094536,3.078816,3.078816,3.586478912,3.078816,0.049608,0.094536,3.078816,0.0,2588.866176,0.9191578840697203
b16_c32k,gpu-only,19,16,32768,4096,spill,431.37871532800006,454.08285824000006,22.70414291200001,1.0327680000000043,0.094536,3.078816,3.078816,3.586478912,3.078816,0.049608,0.094536,3.078816,0.0,2588.866176,0.9191578840697203
b16_c32k,gpu-only,20,16,32768,4096,spill,454.08285824000006,476.7870011520001,22.70414291200001,1.0327680000000043,0.094536,3.078816,3.078816,3.586478912,3.078816,0.049608,0.094536,3.078816,0.0,2588.866176,0.9191578840697203
b16_c32k,gpu-only,21,16,32768,4096,spill,476.7870011520001,499.4911440640001,22.70414291200001,1.0327680000000043,0.094536,3.078816,3.078816,3.586478912,3.078816,0.049608,0.094536,3.078816,0.0,2588.866176,0.9191578840697203
b16_c32k,gpu-only,22,16,32768,4096,spill,499.4911440640001,522.1952869760003,22.70414291200018,1.0327680000000043,0.094536,3.078816,3.078816,3.586478912,3.078816,0.049608,0.094536,3.078816,0.0,2588.866176,0.9191578840697203
b16_c32k,gpu-only,23,16,32768,4096,spill,522.1952869760003,544.8994298880004,22.70414291200018,1.0327680000000043,0.094536,3.078816,3.078816,3.586478912,3.078816,0.049608,0.094536,3.078816,0.0,2588.866176,0.9191578840697203
b16_c32k,gpu-only,24,16,32768,4096,spill,544.8994298880004,567.6035728000006,22.70414291200018,1.0327680000000043,0.094536,3.078816,3.078816,3.586478912,3.078816,0.049608,0.094536,3.078816,0.0,2588.866176,0.9191578840697203
b16_c32k,gpu-only,25,16,32768,4096,spill,567.6035728000006,590.3077157120008,22.70414291200018,1.0327680000000043,0.094536,3.078816,3.078816,3.586478912,3.078816,0.049608,0.094536,3.078816,0.0,2588.866176,0.9191578840697203
b16_c32k,gpu-only,26,16,32768,4096,spill,590.3077157120008,613.011858624001,22.70414291200018,1.0327680000000043,0.094536,3.078816,3.078816,3.586478912,3.078816,0.049608,0.094536,3.078816,0.0,2588.866176,0.9191578840697203
b16_c32k,gpu-only,27,16,32768,4096,spill,613.011858624001,635.7160015360012,22.70414291200018,1.0327680000000043,0.094536,3.078816,3.078816,3.586478912,3.078816,0.049608,0.094536,3.078816,0.0,2588.866176,0.9191578840697203
b16_c32k,gpu-only,28,16,32768,4096,spill,635.7160015360012,658.4201444480013,22.70414291200018,1.0327680000000043,0.094536,3.078816,3.078816,3.586478912,3.078816,0.049608,0.094536,3.078816,0.0,2588.866176,0.9191578840697203
b16_c32k,gpu-only,29,16,32768,4096,spill,658.4201444480013,681.1242873600015,22.70414291200018,1.0327680000000043,0.094536,3.078816,3.078816,3.586478912,3.078816,0.049608,0.094536,3.078816,0.0,2588.866176,0.9191578840697203
b16_c32k,gpu-only,30,16,32768,4096,spill,681.1242873600015,703.8284302720017,22.70414291200018,1.0327680000000043,0.094536,3.078816,3.078816,3.586478912,3.078816,0.049608,0.094536,3.078816,0.0,2588.866176,0.9191578840697203
b16_c32k,gpu-only,31,16,32768,4096,spill,703.8284302720017,726.5325731840019,22.70414291200018,1.0327680000000043,0.094536,3.078816,3.078816,3.586478912,3.078816,0.049608,0.094536,3.078816,0.0,2588.866176,0.9191578840697203
b16_c32k,gpu-only,32,16,32768,4096,spill,726.5325731840019,749.236716096002,22.70414291200018,1.0327680000000043,0.094536,3.078816,3.078816,3.586478912,3.078816,0.049608,0.094536,3.078816,0.0,2588.866176,0.9191578840697203
b16_c32k,gpu-only,33,16,32768,4096,spill,749.236716096002,771.9408590080022,22.70414291200018,1.0327680000000043,0.094536,3.078816,3.078816,3.586478912,3.078816,0.049608,0.094536,3.078816,0.0,2588.866176,0.9191578840697203
b16_c32k,gpu-only,34,16,32768,4096,spill,771.9408590080022,794.6450019200024,22.70414291200018,1.0327680000000043,0.094536,3.078816,3.078816,3.586478912,3.078816,0.049608,0.094536,3.078816,0.0,2588.866176,0.9191578840697203
b16_c32k,gpu-only,35,16,32768,4096,spill,794.6450019200024,817.3491448320026,22.70414291200018,1.0327680000000043,0.094536,3.078816,3.078816,3.586478912,3.078816,0.049608,0.094536,3.078816,0.0,2588.866176,0.9191578840697203
b16_c32k,gpu-only,36,16,32768,4096,spill,817.3491448320026,840.0532877440028,22.70414291200018,1.0327680000000043,0.094536,3.078816,3.078816,3.586478912,3.078816,0.049608,0.094536,3.078816,0.0,2588.866176,0.9191578840697203
b16_c32k,gpu-only,37,16,32768,4096,spill,840.0532877440028,862.757430656003,22.70414291200018,1.0327680000000043,0.094536,3.078816,3.078816,3.586478912,3.078816,0.049608,0.094536,3.078816,0.0,2588.866176,0.9191578840697203
b16_c32k,gpu-only,38,16,32768,4096,spill,862.757430656003,885.4615735680031,22.70414291200018,1.0327680000000043,0.094536,3.078816,3.078816,3.586478912,3.078816,0.049608,0.094536,3.078816,0.0,2588.866176,0.9191578840697203
b16_c32k,gpu-only,39,16,32768,4096,spill,885.4615735680031,908.1657164800033,22.70414291200018,1.0327680000000043,0.094536,3.078816,3.078816,3.586478912,3.078816,0.049608,0.094536,3.078816,0.0,2588.866176,0.9191578840697203
b16_c32k,gpu-only,40,16,32768,4096,spill,908.1657164800033,930.8698593920035,22.70414291200018,1.0327680000000043,0.094536,3.078816,3.078816,3.586478912,3.078816,0.049608,0.094536,3.078816,0.0,2588.866176,0.9191578840697203
b16_c32k,gpu-only,41,16,32768,4096,spill,930.8698593920035,953.5740023040037,22.70414291200018,1.0327680000000043,0.094536,3.078816,3.078816,3.586478912,3.078816,0.049608,0.094536,3.078816,0.0,2588.866176,0.9191578840697203
b16_c32k,gpu-only,42,16,32768,4096,spill,953.5740023040037,976.2781452160038,22.70414291200018,1.0327680000000043,0.094536,3.078816,3.078816,3.586478912,3.078816,0.049608,0.094536,3.078816,0.0,2588.866176,0.9191578840697203
b16_c32k,gpu-only,43,16,32768,4096,spill,976.2781452160038,998.982288128004,22.70414291200018,1.0327680000000043,0.094536,3.078816,3.078816,3.586478912,3.078816,0.049608,0.094536,3.078816,0.0,2588.866176,0.9191578840697203
b16_c32k,gpu-only,44,16,32768,4096,spill,998.982288128004,1021.6864310400042,22.70414291200018,1.0327680000000043,0.094536,3.078816,3.078816,3.586478912,3.078816,0.049608,0.094536,3.078816,0.0,2588.866176,0.9191578840697203
b16_c32k,gpu-only,45,16,32768,4096,spill,1021.6864310400042,1044.3905739520044,22.70414291200018,1.0327680000000043,0.094536,3.078816,3.078816,3.586478912,3.078816,0.049608,0.094536,3.078816,0.0,2588.866176,0.9191578840697203
b16_c32k,gpu-only,46,16,32768,4096,spill,1044.3905739520044,1067.0947168640046,22.70414291200018,1.0327680000000043,0.094536,3.078816,3.078816,3.586478912,3.078816,0.049608,0.094536,3.078816,0.0,2588.866176,0.9191578840697203
b16_c32k,gpu-only,47,16,32768,4096,spill,1067.0947168640046,1089.7988597760047,22.70414291200018,1.0327680000000043,0.094536,3.078816,3.078816,3.586478912,3.078816,0.049608,0.094536,3.078816,0.0,2588.866176,0.9191578840697203
b16_c32k,sieve,0,16,32768,4096,spill,0.0,980.749422912,980.749422912,941.1240959999999,0.094536,3.078816,941.1240959999999,3.586478912,0.0,0.049608,0.094536,3.078816,0.0,2588.866176,0.9191578840697203
b16_c32k,sieve,1,16,32768,4096,spill,980.749422912,1961.4988458240002,980.7494229120002,941.1240959999999,0.094536,3.078816,941.1240959999999,3.586478912,0.0,0.049608,0.094536,3.078816,0.0,2588.866176,0.9191578840697203
b16_c32k,sieve,2,16,32768,4096,spill,1961.4988458240002,2942.248268735999,980.7494229119986,941.1240959999999,0.094536,3.078816,941.1240959999999,3.586478912,0.0,0.049608,0.094536,3.078816,0.0,2588.866176,0.9191578840697203
b16_c32k,sieve,3,16,32768,4096,spill,2942.248268735999,3922.9976916479977,980.7494229119989,941.1240959999999,0.094536,3.078816,941.1240959999999,3.586478912,0.0,0.049608,0.094536,3.078816,0.0,2588.866176,0.9191578840697203
b16_c32k,sieve,4,16,32768,4096,spill,3922.9976916479977,4903.7471145599975,980.7494229119998,941.1240959999999,0.094536,3.078816,941.1240959999999,3.586478912,0.0,0.049608,0.094536,3.078816,0.0,2588.866176,0.9191578840697203
b16_c32k,sieve,5,16,32768,4096,spill,4903.7471145599975,5884.496537471997,980.7494229119993,941.1240959999999,0.094536,3.078816,941.1240959999999,3.586478912,0.0,0.049608,0.094536,3.078816,0.0,2588.866176,0.9191578840697203
b16_c32k,sieve,6,16,32768,4096,spill,5884.496537471997,6865.245960383996,980.7494229119993,941.1240959999999,0.094536,3.078816,941.1240959999999,3.586478912,0.0,0.049608,0.094536,3.078816,0.0,2588.866176,0.9191578840697203
b16_c32k,sieve,7,16,32768,4096,spill,6865.245960383996,7845.995383295995,980.7494229119993,941.1240959999999,0.094536,3.078816,941.1240959999999,3.586478912,0.0,0.049608,0.094536,3.078816,0.0,2588.866176,0.9191578840697203
b16_c32k,sieve,8,16,32768,4096,spill,7845.995383295995,8826.744806207993,980.7494229119975,941.1240959999999,0.094536,3.078816,941.1240959999999,3.586478912,0.0,0.049608,0.094536,3.078816,0.0,2588.866176,0.9191578840697203
b16_c32k,sieve,9,16,32768,4096,spill,8826.744806207993,9807.49422911999,980.7494229119966,941.1240959999999,0.094536,3.078816,941.1240959999999,3.586478912,0.0,0.049608,0.094536,3.078816,0.0,2588.866176,0.9191578840697203
b16_c32k,sieve,10,16,32768,4096,spill,9807.49422911999,10788.243652031986,980.7494229119966,941.1240959999999,0.094536,3.078816,941.1240959999999,3.586478912,0.0,0.049608,0.094536,3.078816,0.0,2588.866176,0.9191578840697203
b16_c32k,sieve,11,16,32768,4096,spill,10788.243652031986,11768.993074943983,980.7494229119966,941.1240959999999,0.094536,3.078816,941.1240959999999,3.586478912,0.0,0.049608,0.094536,3.078816,0.0,2588.866176,0.9191578840697203
b16_c32k,sieve,12,16,32768,4096,spill,11768.993074943983,12749.74249785598,980.7494229119966,941.1240959999999,0.094536,3.078816,941.1240959999999,3.586478912,0.0,0.049608,0.094536,3.078816,0.0,2588.866176,0.9191578840697203
b16_c32k,sieve,13,16,32768,4096,spill,12749.74249785598,13730.491920767976,980.7494229119966,941.1240959999999,0.094536,3.078816,941.1240959999999,3.586478912,0.0,0.049608,0.094536,3.078816,0.0,2588.866176,0.9191578840697203
b16_c32k,sieve,14,16,32768,4096,spill,13730.491920767976,14711.241343679972,980.7494229119966,941.1240959999999,0.094536,3.078816,941.1240959999999,3.586478912,0.0,0.049608,0.094536,3.078816,0.0,2588.866176,0.9191578840697203
b16_c32k,sieve,15,16,32768,4096,spill,14711.241343679972,15691.990766591969,980.7494229119966,941.1240959999999,0.094536,3.078816,941.1240959999999,3.586478912,0.0,0.049608,0.094536,3.078816,0.0,2588.866176,0.9191578840697203
b16_c32k,sieve,16,16,32768,4096,spill,15691.990766591969,16672.74018950397,980.7494229120002,941.1240959999999,0.094536,3.078816,941.1240959999999,3.586478912,0.0,0.049608,0.094536,3.078816,0.0,2588.866176,0.9191578840697203
b16_c32k,sieve,17,16,32768,4096,spill,16672.74018950397,17653.489612415968,980.7494229119984,941.1240959999999,0.094536,3.078816,941.1240959999999,3.586478912,0.0,0.049608,0.094536,3.078816,0.0,2588.866176,0.9191578840697203
b16_c32k,sieve,18,16,32768,4096,spill,17653.489612415968,18634.239035327966,980.7494229119984,941.1240959999999,0.094536,3.078816,941.1240959999999,3.586478912,0.0,0.049608,0.094536,3.078816,0.0,2588.866176,0.9191578840697203
b16_c32k,sieve,19,16,32768,4096,spill,18634.239035327966,19614.988458239965,980.7494229119984,941.1240959999999,0.094536,3.078816,941.1240959999999,3.586478912,0.0,0.049608,0.094536,3.078816,0.0,2588.866176,0.9191578840697203
b16_c32k,sieve,20,16,32768,4096,spill,19614.988458239965,20595.737881151963,980.7494229119984,941.1240959999999,0.094536,3.078816,941.1240959999999,3.586478912,0.0,0.049608,0.094536,3.078816,0.0,2588.866176,0.9191578840697203
b16_c32k,sieve,21,16,32768,4096,spill,20595.737881151963,21576.48730406396,980.7494229119984,941.1240959999999,0.094536,3.078816,941.1240959999999,3.586478912,0.0,0.049608,0.094536,3.078816,0.0,2588.866176,0.9191578840697203
b16_c32k,sieve,22,16,32768,4096,spill,21576.48730406396,22557.23672697596,980.7494229119984,941.1240959999999,0.094536,3.078816,941.1240959999999,3.586478912,0.0,0.049608,0.094536,3.078816,0.0,2588.866176,0.9191578840697203
b16_c32k,sieve,23,16,32768,4096,spill,22557.23672697596,23537.986149887958,980.7494229119984,941.1240959999999,0.094536,3.078816,941.1240959999999,3.586478912,0.0,0.049608,0.094536,3.078816,0.0,2588.866176,0.9191578840697203
b16_c32k,sieve,24,16,32768,4096,spill,23537.986149887958,24518.735572799957,980.7494229119984,941.1240959999999,0.094536,3.078816,941.1240959999999,3.586478912,0.0,0.049608,0.094536,3.078816,0.0,2588.866176,0.9191578840697203
b16_c32k,sieve,25,16,32768,4096,spill,24518.735572799957,25499.484995711955,980.7494229119984,941.1240959999999,0.094536,3.078816,941.1240959999999,3.586478912,0.0,0.049608,0.094536,3.078816,0.0,2588.866176,0.9191578840697203
b16_c32k,sieve,26,16,32768,4096,spill,25499.484995711955,26480.234418623953,980.7494229119984,941.1240959999999,0.094536,3.078816,941.1240959999999,3.586478912,0.0,0.049608,0.094536,3.078816,0.0,2588.866176,0.9191578840697203
b16_c32k,sieve,27,16,32768,4096,spill,26480.234418623953,27460.98384153595,980.7494229119984,941.1240959999999,0.094536,3.078816,941.1240959999999,3.586478912,0.0,0.049608,0.094536,3.078816,0.0,2588.866176,0.9191578840697203
b16_c32k,sieve,28,16,32768,4096,spill,27460.98384153595,28441.73326444795,980.7494229119984,941.1240959999999,0.094536,3.078816,941.1240959999999,3.586478912,0.0,0.049608,0.094536,3.078816,0.0,2588.866176,0.9191578840697203
b16_c32k,sieve,29,16,32768,4096,spill,28441.73326444795,29422.48268735995,980.7494229119984,941.1240959999999,0.094536,3.078816,941.1240959999999,3.586478912,0.0,0.049608,0.094536,3.078816,0.0,2588.866176,0.9191578840697203
b16_c32k,sieve,30,16,32768,4096,spill,29422.48268735995,30403.232110271947,980.7494229119984,941.1240959999999,0.094536,3.078816,941.1240959999999,3.586478912,0.0,0.049608,0.094536,3.078816,0.0,2588.866176,0.9191578840697203
b16_c32k,sieve,31,16,32768,4096,spill,30403.232110271947,31383.981533183945,980.7494229119984,941.1240959999999,0.094536,3.078816,941.1240959999999,3.586478912,0.0,0.049608,0.094536,3.078816,0.0,2588.866176,0.9191578840697203
b16_c32k,sieve,32,16,32768,4096,spill,31383.981533183945,32364.730956095944,980.7494229119984,941.1240959999999,0.094536,3.078816,941.1240959999999,3.586478912,0.0,0.049608,0.094536,3.078816,0.0,2588.866176,0.9191578840697203
b16_c32k,sieve,33,16,32768,4096,spill,32364.730956095944,33345.48037900796,980.7494229120166,941.1240959999999,0.094536,3.078816,941.1240959999999,3.586478912,0.0,0.049608,0.094536,3.078816,0.0,2588.866176,0.9191578840697203
b16_c32k,sieve,34,16,32768,4096,spill,33345.48037900796,34326.22980191998,980.7494229120202,941.1240959999999,0.094536,3.078816,941.1240959999999,3.586478912,0.0,0.049608,0.094536,3.078816,0.0,2588.866176,0.9191578840697203
b16_c32k,sieve,35,16,32768,4096,spill,34326.22980191998,35306.979224832,980.7494229120202,941.1240959999999,0.094536,3.078816,941.1240959999999,3.586478912,0.0,0.049608,0.094536,3.078816,0.0,2588.866176,0.9191578840697203
b16_c32k,sieve,36,16,32768,4096,spill,35306.979224832,36287.72864774402,980.7494229120202,941.1240959999999,0.094536,3.078816,941.1240959999999,3.586478912,0.0,0.049608,0.094536,3.078816,0.0,2588.866176,0.9191578840697203
b16_c32k,sieve,37,16,32768,4096,spill,36287.72864774402,37268.47807065604,980.7494229120202,941.1240959999999,0.094536,3.078816,941.1240959999999,3.586478912,0.0,0.049608,0.094536,3.078816,0.0,2588.866176,0.9191578840697203
b16_c32k,sieve,38,16,32768,4096,spill,37268.47807065604,38249.22749356806,980.7494229120202,941.1240959999999,0.094536,3.078816,941.1240959999999,3.586478912,0.0,0.049608,0.094536,3.078816,0.0,2588.866176,0.9191578840697203
b16_c32k,sieve,39,16,32768,4096,spill,38249.22749356806,39229.97691648008,980.7494229120202,941.1240959999999,0.094536,3.078816,941.1240959999999,3.586478912,0.0,0.049608,0.094536,3.078816,0.0,2588.866176,0.9191578840697203
b16_c32k,sieve,40,16,32768,4096,spill,39229.97691648008,40210.7263393921,980.7494229120202,941.1240959999999,0.094536,3.078816,941.1240959999999,3.586478912,0.0,0.049608,0.094536,3.078816,0.0,2588.866176,0.9191578840697203
b16_c32k,sieve,41,16,32768,4096,spill,40210.7263393921,41191.47576230412,980.7494229120202,941.1240959999999,0.094536,3.078816,941.1240959999999,3.586478912,0.0,0.049608,0.094536,3.078816,0.0,2588.866176,0.9191578840697203
b16_c32k,sieve,42,16,32768,4096,spill,41191.47576230412,42172.22518521614,980.7494229120202,941.1240959999999,0.094536,3.078816,941.1240959999999,3.586478912,0.0,0.049608,0.094536,3.078816,0.0,2588.866176,0.9191578840697203
b16_c32k,sieve,43,16,32768,4096,spill,42172.22518521614,43152.97460812816,980.7494229120202,941.1240959999999,0.094536,3.078816,941.1240959999999,3.586478912,0.0,0.049608,0.094536,3.078816,0.0,2588.866176,0.9191578840697203
b16_c32k,sieve,44,16,32768,4096,spill,43152.97460812816,44133.72403104018,980.7494229120202,941.1240959999999,0.094536,3.078816,941.1240959999999,3.586478912,0.0,0.049608,0.094536,3.078816,0.0,2588.866176,0.9191578840697203
b16_c32k,sieve,45,16,32768,4096,spill,44133.72403104018,45114.4734539522,980.7494229120202,941.1240959999999,0.094536,3.078816,941.1240959999999,3.586478912,0.0,0.049608,0.094536,3.078816,0.0,2588.866176,0.9191578840697203
b16_c32k,sieve,46,16,32768,4096,spill,45114.4734539522,46095.22287686422,980.7494229120202,941.1240959999999,0.094536,3.078816,941.1240959999999,3.586478912,0.0,0.049608,0.094536,3.078816,0.0,2588.866176,0.9191578840697203
b16_c32k,sieve,47,16,32768,4096,spill,46095.22287686422,47075.972299776244,980.7494229120202,941.1240959999999,0.094536,3.078816,941.1240959999999,3.586478912,0.0,0.049608,0.094536,3.078816,0.0,2588.866176,0.9191578840697203
b32_c16k,gpu-only,0,32,16384,4096,spill,0.0,23.495733824,23.495733824,1.0655360000000087,0.094536,3.078816,3.078816,4.123349824,3.078816,0.049608,0.094536,3.078816,0.0,2588.866176,0.9191578840697203
b32_c16k,gpu-only,1,32,16384,4096,spill,23.495733824,46.991467648,23.495733824,1.0655360000000087,0.094536,3.078816,3.078816,4.123349824,3.078816,0.049608,0.094536,3.078816,0.0,2588.866176,0.9191578840697203
b32_c16k,gpu-only,2,32,16384,4096,spill,46.991467648,70.48720147200001,23.495733824000013,1.0655360000000087,0.094536,3.078816,3.078816,4.123349824,3.078816,0.049608,0.094536,3.078816,0.0,2588.866176,0.9191578840697203
b32_c16k,gpu-only,3,32,16384,4096,spill,70.48720147200001,93.98293529600005,23.49573382400004,1.0655360000000087,0.094536,3.078816,3.078816,4.123349824,3.078816,0.049608,0.094536,3.078816,0.0,2588.866176,0.9191578840697203
b32_c16k,gpu-only,4,32,16384,4096,spill,93.98293529600005,117.47866912000009,23.49573382400004,1.0655360000000087,0.094536,3.078816,3.078816,4.123349824,3.078816,0.049608,0.094536,3.078816,0.0,2588.866176,0.9191578840697203
b32_c16k,gpu-only,5,32,16384,4096,spill,117.47866912000009,140.97440294400008,23.495733823999984,1.0655360000000087,0.094536,3.078816,3.078816,4.123349824,3.078816,0.049608,0.094536,3.078816,0.0,2588.866176,0.9191578840697203
b32_c16k,gpu-only,6,32,16384,4096,spill,140.97440294400008,164.47013676800003,23.495733823999956,1.0655360000000087,0.094536,3.078816,3.078816,4.123349824,3.078816,0.049608,0.094536,3.078816,0.0,2588.866176,0.9191578840697203
b32_c16k,gpu-only,7,32,16384,4096,spill,164.47013676800003,187.965870592,23.495733823999956,1.0655360000000087,0.094536,3.078816,3.078816,4.123349824,3.078816,0.049608,0.094536,3.078816,0.0,2588.866176,0.9191578840697203
b32_c16k,gpu-only,8,32,16384,4096,spill,187.965870592,211.46160441599994,23.495733823999956,1.0655360000000087,0.094536,3.078816,3.078816,4.123349824,3.078816,0.049608,0.094536,3.078816,0.0,2588.866176,0.9191578840697203
b32_c16k,gpu-only,9,32,16384,4096,spill,211.46160441599994,234.9573382399999,23.495733823999956,1.0655360000000087,0.094536,3.078816,3.078816,4.123349824,3.078816,0.049608,0.094536,3.078816,0.0,2588.866176,0.9191578840697203
b32_c16k,gpu-only,10,32,16384,4096,spill,234.9573382399999,258.45307206399985,23.495733823999956,1.0655360000000087,0.094536,3.078816,3.078816,4.123349824,3.078816,0.049608,0.094536,3.078816,0.0,2588.866176,0.9191578840697203
b32_c16k,gpu-only,11,32,16384,4096,spill,258.45307206399985,281.9488058879998,23.495733823999956,1.0655360000000087,0.094536,3.078816,3.078816,4.123349824,3.078816,0.049608,0.094536,3.078816,0.0,2588.866176,0.9191578840697203
b32_c16k,gpu-only,12,32,16384,4096,spill,281.9488058879998,305.44453971199977,23.495733823999956,1.0655360000000087,0.094536,3.078816,3.078816,4.123349824,3.078816,0.049608,0.094536,3.078816,0.0,2588.866176,0.9191578840697203
b32_c16k,gpu-only,13,32,16384,4096,spill,305.44453971199977,328.9402735359997,23.495733823999956,1.0655360000000087,0.094536,3.078816,3.078816,4.123349824,3.078816,0.049608,0.094536,3.078816,0.0,2588.866176,0.9191578840697203
b32_c16k,gpu-only,14,32,16384,4096,spill,328.9402735359997,352.4360073599997,23.495733823999956,1.0655360000000087,0.094536,3.078816,3.078816,4.123349824,3.078816,0.049608,0.094536,3.078816,0.0,2588.866176,0.9191578840697203
b32_c16k,gpu-only,15,32,16384,4096,spill,352.4360073599997,375.93174118399963,23.495733823999956,1.0655360000000087,0.094536,3.078816,3.078816,4.123349824,3.078816,0.049608,0.094536,3.078816,0.0,2588.866176,0.9191578840697203
b32_c16k,gpu-only,16,32,16384,4096,spill,375.93174118399963,399.4274750079996,23.495733823999956,1.0655360000000087,0.094536,3.078816,3.078816,4.123349824,3.078816,0.049608,0.094536,3.078816,0.0,2588.866176,0.9191578840697203
b32_c16k,gpu-only,17,32,16384,4096,spill,399.4274750079996,422.92320883199955,23.495733823999956,1.0655360000000087,0.094536,3.078816,3.078816,4.123349824,3.078816,0.049608,0.094536,3.078816,0.0,2588.866176,0.9191578840697203
b32_c16k,gpu-only,18,32,16384,4096,spill,422.92320883199955,446.4189426559995,23.495733823999956,1.0655360000000087,0.094536,3.078816,3.078816,4.123349824,3.078816,0.049608,0.094536,3.078816,0.0,2588.866176,0.9191578840697203
b32_c16k,gpu-only,19,32,16384,4096,spill,446.4189426559995,469.91467647999946,23.495733823999956,1.0655360000000087,0.094536,3.078816,3.078816,4.123349824,3.078816,0.049608,0.094536,3.078816,0.0,2588.866176,0.9191578840697203
b32_c16k,gpu-only,20,32,16384,4096,spill,469.91467647999946,493.4104103039994,23.495733823999956,1.0655360000000087,0.094536,3.078816,3.078816,4.123349824,3.078816,0.049608,0.094536,3.078816,0.0,2588.866176,0.9191578840697203
b32_c16k,gpu-only,21,32,16384,4096,spill,493.4104103039994,516.9061441279995,23.49573382400007,1.0655360000000087,0.094536,3.078816,3.078816,4.123349824,3.078816,0.049608,0.094536,3.078816,0.0,2588.866176,0.9191578840697203
b32_c16k,gpu-only,22,32,16384,4096,spill,516.9061441279995,540.4018779519995,23.495733824000013,1.0655360000000087,0.094536,3.078816,3.078816,4.123349824,3.078816,0.049608,0.094536,3.078816,0.0,2588.866176,0.9191578840697203
b32_c16k,gpu-only,23,32,16384,4096,spill,540.4018779519995,563.8976117759995,23.495733824000013,1.0655360000000087,0.094536,3.078816,3.078816,4.123349824,3.078816,0.049608,0.094536,3.078816,0.0,2588.866176,0.9191578840697203
b32_c16k,gpu-only,24,32,16384,4096,spill,563.8976117759995,587.3933455999995,23.495733824000013,1.0655360000000087,0.094536,3.078816,3.078816,4.123349824,3.078816,0.049608,0.094536,3.078816,0.0,2588.866176,0.9191578840697203
b32_c16k,gpu-only,25,32,16384,4096,spill,587.3933455999995,610.8890794239995,23.495733824000013,1.0655360000000087,0.094536,3.078816,3.078816,4.123349824,3.078816,0.049608,0.094536,3.078816,0.0,2588.866176,0.9191578840697203
b32_c16k,gpu-only,26,32,16384,4096,spill,610.8890794239995,634.3848132479995,23.495733824000013,1.0655360000000087,0.094536,3.078816,3.078816,4.123349824,3.078816,0.049608,0.094536,3.078816,0.0,2588.866176,0.9191578840697203
b32_c16k,gpu-only,27,32,16384,4096,spill,634.3848132479995,657.8805470719996,23.495733824000013,1.0655360000000087,0.094536,3.078816,3.078816,4.123349824,3.078816,0.049608,0.094536,3.078816,0.0,2588.866176,0.9191578840697203
b32_c16k,gpu-only,28,32,16384,4096,spill,657.8805470719996,681.3762808959996,23.495733824000013,1.0655360000000087,0.094536,3.078816,3.078816,4.123349824,3.078816,0.049608,0.094536,3.078816,0.0,2588.866176,0.9191578840697203
b32_c16k,gpu-only,29,32,16384,4096,spill,681.3762808959996,704.8720147199996,23.495733824000013,1.0655360000000087,0.094536,3.078816,3.078816,4.123349824,3.078816,0.049608,0.094536,3.078816,0.0,2588.866176,0.9191578840697203
b32_c16k,gpu-only,30,32,16384,4096,spill,704.8720147199996,728.3677485439996,23.495733824000013,1.0655360000000087,0.094536,3.078816,3.078816,4.123349824,3.078816,0.049608,0.094536,3.078816,0.0,2588.866176,0.9191578840697203
b32_c16k,gpu-only,31,32,16384,4096,spill,728.3677485439996,751.8634823679996,23.495733824000013,1.0655360000000087,0.094536,3.078816,3.078816,4.123349824,3.078816,0.049608,0.094536,3.078816,0.0,2588.866176,0.9191578840697203
b32_c16k,gpu-only,32,32,16384,4096,spill,751.8634823679996,775.3592161919996,23.495733824000013,1.0655360000000087,0.094536,3.078816,3.078816,4.123349824,3.078816,0.049608,0.094536,3.078816,0.0,2588.866176,0.9191578840697203
b32_c16k,gpu-only,33,32,16384,4096,spill,775.3592161919996,798.8549500159996,23.495733824000013,1.0655360000000087,0.094536,3.078816,3.078816,4.123349824,3.078816,0.049608,0.094536,3.078816,0.0,2588.866176,0.9191578840697203
b32_c16k,gpu-only,34,32,16384,4096,spill,798.8549500159996,822.3506838399996,23.495733824000013,1.0655360000000087,0.094536,3.078816,3.078816,4.123349824,3.078816,0.049608,0.094536,3.078816,0.0,2588.866176,0.9191578840697203
b32_c16k,gpu-only,35,32,16384,4096,spill,822.3506838399996,845.8464176639997,23.495733824000013,1.0655360000000087,0.094536,3.078816,3.078816,4.123349824,3.078816,0.049608,0.094536,3.078816,0.0,2588.866176,0.9191578840697203
b32_c16k,gpu-only,36,32,16384,4096,spill,845.8464176639997,869.3421514879997,23.495733824000013,1.0655360000000087,0.094536,3.078816,3.078816,4.123349824,3.078816,0.049608,0.094536,3.078816,0.0,2588.866176,0.9191578840697203
b32_c16k,gpu-only,37,32,16384,4096,spill,869.3421514879997,892.8378853119997,23.495733824000013,1.0655360000000087,0.094536,3.078816,3.078816,4.123349824,3.078816,0.049608,0.094536,3.078816,0.0,2588.866176,0.9191578840697203
b32_c16k,gpu-only,38,32,16384,4096,spill,892.8378853119997,916.3336191359997,23.495733824000013,1.0655360000000087,0.094536,3.078816,3.078816,4.123349824,3.078816,0.049608,0.094536,3.078816,0.0,2588.866176,0.9191578840697203
b32_c16k,gpu-only,39,32,16384,4096,spill,916.3336191359997,939.8293529599997,23.495733824000013,1.0655360000000087,0.094536,3.078816,3.078816,4.123349824,3.078816,0.049608,0.094536,3.078816,0.0,2588.866176,0.9191578840697203
b32_c16k,gpu-only,40,32,16384,4096,spill,939.8293529599997,963.3250867839997,23.495733824000013,1.0655360000000087,0.094536,3.078816,3.078816,4.123349824,3.078816,0.049608,0.094536,3.078816,0.0,2588.866176,0.9191578840697203
b32_c16k,gpu-only,41,32,16384,4096,spill,963.3250867839997,986.8208206079997,23.495733824000013,1.0655360000000087,0.094536,3.078816,3.078816,4.123349824,3.078816,0.049608,0.094536,3.078816,0.0,2588.866176,0.9191578840697203
b32_c16k,gpu-only,42,32,16384,4096,spill,986.8208206079997,1010.3165544319997,23.495733824000013,1.0655360000000087,0.094536,3.078816,3.078816,4.123349824,3.078816,0.049608,0.094536,3.078816,0.0,2588.866176,0.9191578840697203
b32_c16k,gpu-only,43,32,16384,4096,spill,1010.3165544319997,1033.8122882559999,23.495733824000126,1.0655360000000087,0.094536,3.078816,3.078816,4.123349824,3.078816,0.049608,0.094536,3.078816,0.0,2588.866176,0.9191578840697203
b32_c16k,gpu-only,44,32,16384,4096,spill,1033.8122882559999,1057.3080220800002,23.495733824000354,1.0655360000000087,0.094536,3.078816,3.078816,4.123349824,3.078816,0.049608,0.094536,3.078816,0.0,2588.866176,0.9191578840697203
b32_c16k,gpu-only,45,32,16384,4096,spill,1057.3080220800002,1080.8037559040006,23.495733824000354,1.0655360000000087,0.094536,3.078816,3.078816,4.123349824,3.078816,0.049608,0.094536,3.078816,0.0,2588.866176,0.9191578840697203
b32_c16k,gpu-only,46,32,16384,4096,spill,1080.8037559040006,1104.299489728001,23.495733824000354,1.0655360000000087,0.094536,3.078816,3.078816,4.123349824,3.078816,0.049608,0.094536,3.078816,0.0,2588.866176,0.9191578840697203
b32_c16k,gpu-only,47,32,16384,4096,spill,1104.299489728001,1127.7952235520013,23.495733824000354,1.0655360000000087,0.094536,3.078816,3.078816,4.123349824,3.078816,0.049608,0.094536,3.078816,0.0,2588.866176,0.9191578840697203
b32_c16k,sieve,0,32,16384,4096,spill,0.0,983.1410138240001,983.1410138240001,942.724096,0.094536,3.078816,942.724096,4.123349824,0.0,0.049608,0.094536,3.078816,0.0,2588.866176,0.9191578840697203
b32_c16k,sieve,1,32,16384,4096,spill,983.1410138240001,1966.2820276480004,983.1410138240003,942.724096,0.094536,3.078816,942.724096,4.123349824,0.0,0.049608,0.094536,3.078816,0.0,2588.866176,0.9191578840697203
b32_c16k,sieve,2,32,16384,4096,spill,1966.2820276480004,2949.423041472001,983.1410138240005,942.724096,0.094536,3.078816,942.724096,4.123349824,0.0,0.049608,0.094536,3.078816,0.0,2588.866176,0.9191578840697203
b32_c16k,sieve,3,32,16384,4096,spill,2949.423041472001,3932.5640552960012,983.1410138240003,942.724096,0.094536,3.078816,942.724096,4.123349824,0.0,0.049608,0.094536,3.078816,0.0,2588.866176,0.9191578840697203
b32_c16k,sieve,4,32,16384,4096,spill,3932.5640552960012,4915.705069119999,983.141013823998,942.724096,0.094536,3.078816,942.724096,4.123349824,0.0,0.049608,0.094536,3.078816,0.0,2588.866176,0.9191578840697203
b32_c16k,sieve,5,32,16384,4096,spill,4915.705069119999,5898.846082943997,983.141013823998,942.724096,0.094536,3.078816,942.724096,4.123349824,0.0,0.049608,0.094536,3.078816,0.0,2588.866176,0.9191578840697203
b32_c16k,sieve,6,32,16384,4096,spill,5898.846082943997,6881.987096767995,983.141013823998,942.724096,0.094536,3.078816,942.724096,4.123349824,0.0,0.049608,0.094536,3.078816,0.0,2588.866176,0.9191578840697203
b32_c16k,sieve,7,32,16384,4096,spill,6881.987096767995,7865.128110591993,983.141013823998,942.724096,0.094536,3.078816,942.724096,4.123349824,0.0,0.049608,0.094536,3.078816,0.0,2588.866176,0.9191578840697203
b32_c16k,sieve,8,32,16384,4096,spill,7865.128110591993,8848.269124415992,983.141013823999,942.724096,0.094536,3.078816,942.724096,4.123349824,0.0,0.049608,0.094536,3.078816,0.0,2588.866176,0.9191578840697203
b32_c16k,sieve,9,32,16384,4096,spill,8848.269124415992,9831.41013823999,983.1410138239971,942.724096,0.094536,3.078816,942.724096,4.123349824,0.0,0.049608,0.094536,3.078816,0.0,2588.866176,0.9191578840697203
b32_c16k,sieve,10,32,16384,4096,spill,9831.41013823999,10814.551152063987,983.1410138239971,942.724096,0.094536,3.078816,942.724096,4.123349824,0.0,0.049608,0.094536,3.078816,0.0,2588.866176,0.9191578840697203
b32_c16k,sieve,11,32,16384,4096,spill,10814.551152063987,11797.692165887984,983.1410138239971,942.724096,0.094536,3.078816,942.724096,4.123349824,0.0,0.049608,0.094536,3.078816,0.0,2588.866176,0.9191578840697203
b32_c16k,sieve,12,32,16384,4096,spill,11797.692165887984,12780.83317971198,983.1410138239971,942.724096,0.094536,3.078816,942.724096,4.123349824,0.0,0.049608,0.094536,3.078816,0.0,2588.866176,0.9191578840697203
b32_c16k,sieve,13,32,16384,4096,spill,12780.83317971198,13763.974193535978,983.1410138239971,942.724096,0.094536,3.078816,942.724096,4.123349824,0.0,0.049608,0.094536,3.078816,0.0,2588.866176,0.9191578840697203
b32_c16k,sieve,14,32,16384,4096,spill,13763.974193535978,14747.115207359975,983.1410138239971,942.724096,0.094536,3.078816,942.724096,4.123349824,0.0,0.049608,0.094536,3.078816,0.0,2588.866176,0.9191578840697203
b32_c16k,sieve,15,32,16384,4096,spill,14747.115207359975,15730.256221183972,983.1410138239971,942.724096,0.094536,3.078816,942.724096,4.123349824,0.0,0.049608,0.094536,3.078816,0.0,2588.866176,0.9191578840697203
b32_c16k,sieve,16,32,16384,4096,spill,15730.256221183972,16713.39723500797,983.141013823999,942.724096,0.094536,3.078816,942.724096,4.123349824,0.0,0.049608,0.094536,3.078816,0.0,2588.866176,0.9191578840697203
b32_c16k,sieve,17,32,16384,4096,spill,16713.39723500797,17696.538248831974,983.1410138240026,942.724096,0.094536,3.078816,942.724096,4.123349824,0.0,0.049608,0.094536,3.078816,0.0,2588.866176,0.9191578840697203
b32_c16k,sieve,18,32,16384,4096,spill,17696.538248831974,18679.679262655976,983.1410138240026,942.724096,0.094536,3.078816,942.724096,4.123349824,0.0,0.049608,0.094536,3.078816,0.0,2588.866176,0.9191578840697203
b32_c16k,sieve,19,32,16384,4096,spill,18679.679262655976,19662.82027647998,983.1410138240026,942.724096,0.094536,3.078816,942.724096,4.123349824,0.0,0.049608,0.094536,3.078816,0.0,2588.866176,0.9191578840697203
b32_c16k,sieve,20,32,16384,4096,spill,19662.82027647998,20645.96129030398,983.1410138240026,942.724096,0.094536,3.078816,942.724096,4.123349824,0.0,0.049608,0.094536,3.078816,0.0,2588.866176,0.9191578840697203
b32_c16k,sieve,21,32,16384,4096,spill,20645.96129030398,21629.102304127984,983.1410138240026,942.724096,0.094536,3.078816,942.724096,4.123349824,0.0,0.049608,0.094536,3.078816,0.0,2588.866176,0.9191578840697203
b32_c16k,sieve,22,32,16384,4096,spill,21629.102304127984,22612.243317951987,983.1410138240026,942.724096,0.094536,3.078816,942.724096,4.123349824,0.0,0.049608,0.094536,3.078816,0.0,2588.866176,0.9191578840697203
b32_c16k,sieve,23,32,16384,4096,spill,22612.243317951987,23595.38433177599,983.1410138240026,942.724096,0.094536,3.078816,942.724096,4.123349824,0.0,0.049608,0.094536,3.078816,0.0,2588.866176,0.9191578840697203
b32_c16k,sieve,24,32,16384,4096,spill,23595.38433177599,24578.525345599992,983.1410138240026,942.724096,0.094536,3.078816,942.724096,4.123349824,0.0,0.049608,0.094536,3.078816,0.0,2588.866176,0.9191578840697203
b32_c16k,sieve,25,32,16384,4096,spill,24578.525345599992,25561.666359423994,983.1410138240026,942.724096,0.094536,3.078816,942.724096,4.123349824,0.0,0.049608,0.094536,3.078816,0.0,2588.866176,0.9191578840697203
b32_c16k,sieve,26,32,16384,4096,spill,25561.666359423994,26544.807373247997,983.1410138240026,942.724096,0.094536,3.078816,942.724096,4.123349824,0.0,0.049608,0.094536,3.078816,0.0,2588.866176,0.9191578840697203
b32_c16k,sieve,27,32,16384,4096,spill,26544.807373247997,27527.948387072,983.1410138240026,942.724096,0.094536,3.078816,942.724096,4.123349824,0.0,0.049608,0.094536,3.078816,0.0,2588.866176,0.9191578840697203
b32_c16k,sieve,28,32,16384,4096,spill,27527.948387072,28511.089400896002,983.1410138240026,942.724096,0.094536,3.078816,942.724096,4.123349824,0.0,0.049608,0.094536,3.078816,0.0,2588.866176,0.9191578840697203
b32_c16k,sieve,29,32,16384,4096,spill,28511.089400896002,29494.230414720005,983.1410138240026,942.724096,0.094536,3.078816,942.724096,4.123349824,0.0,0.049608,0.094536,3.078816,0.0,2588.866176,0.9191578840697203
b32_c16k,sieve,30,32,16384,4096,spill,29494.230414720005,30477.371428544007,983.1410138240026,942.724096,0.094536,3.078816,942.724096,4.123349824,0.0,0.049608,0.094536,3.078816,0.0,2588.866176,0.9191578840697203
b32_c16k,sieve,31,32,16384,4096,spill,30477.371428544007,31460.51244236801,983.1410138240026,942.724096,0.094536,3.078816,942.724096,4.123349824,0.0,0.049608,0.094536,3.078816,0.0,2588.866176,0.9191578840697203
b32_c16k,sieve,32,32,16384,4096,spill,31460.51244236801,32443.653456192013,983.1410138240026,942.724096,0.094536,3.078816,942.724096,4.123349824,0.0,0.049608,0.094536,3.078816,0.0,2588.866176,0.9191578840697203
b32_c16k,sieve,33,32,16384,4096,spill,32443.653456192013,33426.794470016015,983.1410138240026,942.724096,0.094536,3.078816,942.724096,4.123349824,0.0,0.049608,0.094536,3.078816,0.0,2588.866176,0.9191578840697203
b32_c16k,sieve,34,32,16384,4096,spill,33426.794470016015,34409.93548384002,983.1410138240026,942.724096,0.094536,3.078816,942.724096,4.123349824,0.0,0.049608,0.094536,3.078816,0.0,2588.866176,0.9191578840697203
b32_c16k,sieve,35,32,16384,4096,spill,34409.93548384002,35393.07649766402,983.1410138240026,942.724096,0.094536,3.078816,942.724096,4.123349824,0.0,0.049608,0.094536,3.078816,0.0,2588.866176,0.9191578840697203
b32_c16k,sieve,36,32,16384,4096,spill,35393.07649766402,36376.21751148802,983.1410138240026,942.724096,0.094536,3.078816,942.724096,4.123349824,0.0,0.049608,0.094536,3.078816,0.0,2588.866176,0.9191578840697203
b32_c16k,sieve,37,32,16384,4096,spill,36376.21751148802,37359.358525312025,983.1410138240026,942.724096,0.094536,3.078816,942.724096,4.123349824,0.0,0.049608,0.094536,3.078816,0.0,2588.866176,0.9191578840697203
b32_c16k,sieve,38,32,16384,4096,spill,37359.358525312025,38342.49953913603,983.1410138240026,942.724096,0.094536,3.078816,942.724096,4.123349824,0.0,0.049608,0.094536,3.078816,0.0,2588.866176,0.9191578840697203
b32_c16k,sieve,39,32,16384,4096,spill,38342.49953913603,39325.64055296003,983.1410138240026,942.724096,0.094536,3.078816,942.724096,4.123349824,0.0,0.049608,0.094536,3.078816,0.0,2588.866176,0.9191578840697203
b32_c16k,sieve,40,32,16384,4096,spill,39325.64055296003,40308.78156678403,983.1410138240026,942.724096,0.094536,3.078816,942.724096,4.123349824,0.0,0.049608,0.094536,3.078816,0.0,2588.866176,0.9191578840697203
b32_c16k,sieve,41,32,16384,4096,spill,40308.78156678403,41291.922580608036,983.1410138240026,942.724096,0.094536,3.078816,942.724096,4.123349824,0.0,0.049608,0.094536,3.078816,0.0,2588.866176,0.9191578840697203
b32_c16k,sieve,42,32,16384,4096,spill,41291.922580608036,42275.06359443204,983.1410138240026,942.724096,0.094536,3.078816,942.724096,4.123349824,0.0,0.049608,0.094536,3.078816,0.0,2588.866176,0.9191578840697203
b32_c16k,sieve,43,32,16384,4096,spill,42275.06359443204,43258.20460825604,983.1410138240026,942.724096,0.094536,3.078816,942.724096,4.123349824,0.0,0.049608,0.094536,3.078816,0.0,2588.866176,0.9191578840697203
b32_c16k,sieve,44,32,16384,4096,spill,43258.20460825604,44241.34562208004,983.1410138240026,942.724096,0.094536,3.078816,942.724096,4.123349824,0.0,0.049608,0.094536,3.078816,0.0,2588.866176,0.9191578840697203
b32_c16k,sieve,45,32,16384,4096,spill,44241.34562208004,45224.486635904046,983.1410138240026,942.724096,0.094536,3.078816,942.724096,4.123349824,0.0,0.049608,0.094536,3.078816,0.0,2588.866176,0.9191578840697203
b32_c16k,sieve,46,32,16384,4096,spill,45224.486635904046,46207.62764972805,983.1410138240026,942.724096,0.094536,3.078816,942.724096,4.123349824,0.0,0.049608,0.094536,3.078816,0.0,2588.866176,0.9191578840697203
b32_c16k,sieve,47,32,16384,4096,spill,46207.62764972805,47190.76866355205,983.1410138240026,942.724096,0.094536,3.078816,942.724096,4.123349824,0.0,0.049608,0.094536,3.078816,0.0,2588.866176,0.9191578840697203
