step,layer,expert_id,token_count,target
0,0,26,16,gpu
0,0,43,16,gpu
0,0,44,16,gpu
0,0,59,16,gpu
0,0,65,16,gpu
0,0,66,16,gpu
0,0,73,16,gpu
0,0,114,16,pim
0,1,26,16,gpu
0,1,33,16,gpu
0,1,34,16,gpu
0,1,49,16,gpu
0,1,50,16,gpu
0,1,94,16,gpu
0,1,104,16,gpu
0,1,124,16,pim
0,2,18,16,gpu
0,2,53,16,gpu
0,2,56,16,gpu
0,2,62,16,gpu
0,2,67,16,gpu
0,2,72,16,gpu
0,2,82,16,gpu
0,2,123,16,pim
0,3,46,16,gpu
0,3,51,12,pim
0,3,56,16,gpu
0,3,67,3,pim
0,3,71,16,gpu
0,3,80,1,pim
0,3,99,16,gpu
0,3,101,16,gpu
0,3,108,16,gpu
0,3,114,16,gpu
0,4,12,16,gpu
0,4,43,16,gpu
0,4,65,16,gpu
0,4,100,16,gpu
0,4,107,9,pim
0,4,108,16,gpu
0,4,114,7,pim
0,4,121,16,gpu
0,4,127,16,gpu
0,5,4,3,pim
0,5,20,16,gpu
0,5,32,16,gpu
0,5,38,11,gpu
0,5,46,16,gpu
0,5,65,16,gpu
0,5,73,16,gpu
0,5,84,7,pim
0,5,94,11,gpu
0,5,104,16,gpu
0,6,22,1,pim
0,6,33,16,gpu
0,6,49,16,gpu
0,6,58,16,gpu
0,6,74,15,pim
0,6,82,16,gpu
0,6,92,16,gpu
0,6,112,16,gpu
0,6,126,16,gpu
0,7,15,16,gpu
0,7,19,16,gpu
0,7,24,16,gpu
0,7,29,16,gpu
0,7,52,16,gpu
0,7,56,16,gpu
0,7,114,16,gpu
0,7,125,16,pim
0,8,17,16,gpu
0,8,23,16,gpu
0,8,50,16,gpu
0,8,53,16,gpu
0,8,66,16,gpu
0,8,83,16,gpu
0,8,92,16,gpu
0,8,102,16,pim
0,9,2,16,gpu
0,9,6,16,gpu
0,9,11,16,gpu
0,9,13,16,gpu
0,9,23,16,gpu
0,9,26,16,gpu
0,9,63,16,gpu
0,9,85,16,pim
0,10,1,16,gpu
0,10,5,16,gpu
0,10,12,16,gpu
0,10,28,16,gpu
0,10,31,16,gpu
0,10,90,16,gpu
0,10,92,16,gpu
0,10,98,16,pim
0,11,15,15,gpu
0,11,17,16,gpu
0,11,54,16,gpu
0,11,62,16,gpu
0,11,81,13,pim
0,11,104,4,pim
0,11,108,16,gpu
0,11,120,16,gpu
0,11,121,16,gpu
0,12,11,16,gpu
0,12,18,16,gpu
0,12,27,4,pim
0,12,33,16,gpu
0,12,39,16,gpu
0,12,41,16,gpu
0,12,49,14,gpu
0,12,89,16,gpu
0,12,108,14,gpu
0,13,13,16,gpu
0,13,27,16,gpu
0,13,33,16,gpu
0,13,34,16,gpu
0,13,63,16,gpu
0,13,85,15,pim
0,13,91,16,gpu
0,13,93,1,pim
0,13,97,16,gpu
0,14,2,16,gpu
0,14,5,16,gpu
0,14,49,16,gpu
0,14,61,16,gpu
0,14,63,16,gpu
0,14,92,16,gpu
0,14,109,16,gpu
0,14,113,16,pim
0,15,2,16,gpu
0,15,26,16,gpu
0,15,50,16,gpu
0,15,58,16,gpu
0,15,63,16,gpu
0,15,84,16,gpu
0,15,88,16,gpu
0,15,127,16,pim
0,16,42,16,gpu
0,16,46,2,pim
0,16,48,16,gpu
0,16,54,16,gpu
0,16,62,16,gpu
0,16,97,16,gpu
0,16,98,16,gpu
0,16,107,16,gpu
0,16,122,14,pim
0,17,13,13,gpu
0,17,34,16,gpu
0,17,39,16,gpu
0,17,59,16,gpu
0,17,60,2,pim
0,17,61,4,pim
0,17,80,16,gpu
0,17,122,16,gpu
0,17,123,13,gpu
0,17,124,16,gpu
0,18,49,16,gpu
0,18,58,16,gpu
0,18,82,16,gpu
0,18,87,16,gpu
0,18,91,16,gpu
0,18,104,16,gpu
0,18,112,16,gpu
0,18,126,16,pim
0,19,10,16,gpu
0,19,15,16,gpu
0,19,29,16,gpu
0,19,52,16,gpu
0,19,56,16,gpu
0,19,76,16,gpu
0,19,102,16,gpu
0,19,114,16,pim
0,20,23,16,gpu
0,20,48,16,gpu
0,20,53,16,gpu
0,20,76,16,gpu
0,20,85,16,gpu
0,20,92,16,gpu
0,20,102,13,pim
0,20,113,3,pim
0,20,114,16,gpu
0,21,2,16,gpu
0,21,6,16,gpu
0,21,11,16,gpu
0,21,13,15,gpu
0,21,15,2,pim
0,21,26,16,gpu
0,21,38,16,gpu
0,21,56,15,pim
0,21,63,16,gpu
0,22,0,1,pim
0,22,1,16,gpu
0,22,6,9,gpu
0,22,7,15,gpu
0,22,8,4,pim
0,22,12,16,gpu
0,22,28,7,pim
0,22,36,16,gpu
0,22,48,11,gpu
0,22,75,16,gpu
0,22,92,16,gpu
0,22,114,1,pim
0,23,14,16,gpu
0,23,31,16,gpu
0,23,32,2,pim
0,23,36,16,gpu
0,23,48,16,gpu
0,23,52,3,pim
0,23,65,16,gpu
0,23,81,16,gpu
0,23,104,16,gpu
0,23,121,11,pim
0,24,11,16,gpu
0,24,18,16,gpu
0,24,20,16,gpu
0,24,28,16,gpu
0,24,47,16,gpu
0,24,57,16,gpu
0,24,59,1,pim
0,24,91,16,gpu
0,24,108,15,pim
0,25,13,16,gpu
0,25,34,16,gpu
0,25,43,9,pim
0,25,72,16,gpu
0,25,74,16,gpu
0,25,97,7,pim
0,25,108,16,gpu
0,25,110,16,gpu
0,25,119,15,gpu
0,25,126,1,pim
0,26,2,16,gpu
0,26,19,2,pim
0,26,29,16,gpu
0,26,49,16,gpu
0,26,61,16,gpu
0,26,72,16,gpu
0,26,89,4,pim
0,26,97,10,pim
0,26,116,16,gpu
0,26,121,16,gpu
0,27,11,5,pim
0,27,26,16,gpu
0,27,27,16,gpu
0,27,50,16,gpu
0,27,63,16,gpu
0,27,79,11,pim
0,27,84,16,gpu
0,27,88,16,gpu
0,27,118,16,gpu
0,28,10,16,gpu
0,28,42,16,gpu
0,28,53,16,gpu
0,28,70,16,gpu
0,28,91,16,gpu
0,28,98,16,gpu
0,28,107,16,gpu
0,28,122,16,pim
0,29,3,16,gpu
0,29,13,16,gpu
0,29,34,16,gpu
0,29,37,16,gpu
0,29,51,12,pim
0,29,59,3,pim
0,29,61,16,gpu
0,29,95,1,pim
0,29,105,16,gpu
0,29,124,16,gpu
0,30,6,16,gpu
0,30,48,16,gpu
0,30,58,16,gpu
0,30,62,4,pim
0,30,65,6,pim
0,30,84,4,pim
0,30,91,16,gpu
0,30,93,16,gpu
0,30,104,2,pim
0,30,120,16,gpu
0,30,126,16,gpu
0,31,10,6,pim
0,31,11,9,gpu
0,31,24,16,gpu
0,31,36,3,pim
0,31,38,15,gpu
0,31,41,16,gpu
0,31,56,16,gpu
0,31,72,16,gpu
0,31,84,3,pim
0,31,87,1,pim
0,31,102,16,gpu
0,31,114,11,gpu
0,32,10,16,gpu
0,32,11,1,pim
0,32,48,13,pim
0,32,50,16,gpu
0,32,75,1,pim
0,32,76,16,gpu
0,32,83,16,gpu
0,32,85,16,gpu
0,32,90,16,gpu
0,32,102,1,pim
0,32,118,16,gpu
0,33,4,16,gpu
0,33,11,16,gpu
0,33,13,1,pim
0,33,15,16,gpu
0,33,26,16,gpu
0,33,38,16,gpu
0,33,44,15,pim
0,33,53,16,gpu
0,33,63,16,gpu
0,34,0,3,pim
0,34,1,16,gpu
0,34,5,6,pim
0,34,28,16,gpu
0,34,42,16,gpu
0,34,75,16,gpu
0,34,81,16,gpu
0,34,84,16,gpu
0,34,92,16,gpu
0,34,114,7,pim
0,35,15,11,gpu
0,35,17,16,gpu
0,35,28,16,gpu
0,35,31,16,gpu
0,35,32,16,gpu
0,35,62,2,pim
0,35,65,6,pim
0,35,104,16,gpu
0,35,110,16,gpu
0,35,120,13,gpu
0,36,11,16,gpu
0,36,18,16,gpu
0,36,28,16,gpu
0,36,33,16,gpu
0,36,47,16,gpu
0,36,57,16,gpu
0,36,62,16,gpu
0,36,109,16,pim
0,37,27,16,gpu
0,37,34,16,gpu
0,37,72,16,gpu
0,37,85,15,gpu
0,37,86,15,pim
0,37,91,16,gpu
0,37,97,2,pim
0,37,110,16,gpu
0,37,122,16,gpu
0,38,2,16,gpu
0,38,19,16,gpu
0,38,29,11,gpu
0,38,49,16,gpu
0,38,91,16,gpu
0,38,109,1,pim
0,38,110,7,pim
0,38,113,13,gpu
0,38,116,16,gpu
0,38,121,16,gpu
0,39,14,16,gpu
0,39,16,13,gpu
0,39,33,10,pim
0,39,48,16,gpu
0,39,50,13,gpu
0,39,63,16,gpu
0,39,79,13,gpu
0,39,84,16,gpu
0,39,118,15,gpu
0,40,10,16,gpu
0,40,19,16,gpu
0,40,33,4,pim
0,40,34,8,pim
0,40,46,16,gpu
0,40,48,1,pim
0,40,50,3,pim
0,40,53,16,gpu
0,40,97,16,gpu
0,40,98,16,gpu
0,40,122,16,gpu
0,41,10,13,gpu
0,41,34,16,gpu
0,41,61,12,gpu
0,41,72,16,gpu
0,41,80,16,gpu
0,41,100,16,gpu
0,41,105,16,gpu
0,41,116,3,pim
0,41,123,4,pim
0,41,124,16,gpu
0,42,14,3,pim
0,42,30,16,gpu
0,42,39,16,gpu
0,42,43,16,gpu
0,42,50,16,gpu
0,42,58,10,pim
0,42,66,16,gpu
0,42,76,16,gpu
0,42,88,16,gpu
0,42,112,3,pim
0,43,10,16,gpu
0,43,11,16,gpu
0,43,69,7,pim
0,43,92,16,gpu
0,43,94,16,gpu
0,43,96,16,gpu
0,43,98,16,gpu
0,43,99,16,gpu
0,43,123,9,pim
0,44,15,16,gpu
0,44,19,15,gpu
0,44,40,15,gpu
0,44,49,3,pim
0,44,50,16,gpu
0,44,63,12,gpu
0,44,79,16,gpu
0,44,107,3,pim
0,44,113,16,gpu
0,44,127,16,gpu
0,45,4,16,gpu
0,45,18,16,gpu
0,45,39,1,pim
0,45,53,16,gpu
0,45,65,16,gpu
0,45,86,16,gpu
0,45,98,16,gpu
0,45,113,14,pim
0,45,121,16,gpu
0,45,127,1,pim
0,46,4,16,gpu
0,46,18,15,gpu
0,46,41,15,gpu
0,46,43,14,gpu
0,46,46,10,gpu
0,46,48,16,gpu
0,46,74,10,pim
0,46,76,16,gpu
0,46,90,16,gpu
0,47,14,16,gpu
0,47,41,9,pim
0,47,46,16,gpu
0,47,54,16,gpu
0,47,55,6,pim
0,47,58,16,gpu
0,47,65,16,gpu
0,47,79,16,gpu
0,47,109,1,pim
0,47,110,16,gpu
1,0,14,16,gpu
1,0,31,16,gpu
1,0,43,16,gpu
1,0,63,16,gpu
1,0,83,16,gpu
1,0,93,16,gpu
1,0,97,16,gpu
1,0,120,16,pim
1,1,8,16,gpu
1,1,26,16,gpu
1,1,33,16,gpu
1,1,34,16,gpu
1,1,41,16,gpu
1,1,42,16,gpu
1,1,124,16,gpu
1,1,126,16,pim
1,2,10,16,gpu
1,2,53,16,gpu
1,2,56,16,gpu
1,2,62,16,gpu
1,2,67,16,gpu
1,2,72,16,gpu
1,2,92,16,gpu
1,2,123,16,pim
1,3,23,11,gpu
1,3,46,16,gpu
1,3,51,2,pim
1,3,56,16,gpu
1,3,67,3,pim
1,3,69,5,pim
1,3,80,9,gpu
1,3,87,2,pim
1,3,99,16,gpu
1,3,101,16,gpu
1,3,108,16,gpu
1,3,114,16,gpu
1,4,12,16,gpu
1,4,43,16,gpu
1,4,65,16,gpu
1,4,95,7,pim
1,4,100,16,gpu
1,4,107,14,gpu
1,4,108,16,gpu
1,4,110,16,gpu
1,4,127,11,gpu
1,5,4,16,gpu
1,5,19,16,gpu
1,5,20,16,gpu
1,5,32,5,pim
1,5,46,16,gpu
1,5,53,16,gpu
1,5,65,16,gpu
1,5,94,11,pim
1,5,104,16,gpu
1,6,22,16,gpu
1,6,33,16,gpu
1,6,49,16,gpu
1,6,58,16,gpu
1,6,62,1,pim
1,6,74,3,pim
1,6,82,16,gpu
1,6,92,12,pim
1,6,121,16,gpu
1,6,126,16,gpu
1,7,15,16,gpu
1,7,19,16,gpu
1,7,24,16,gpu
1,7,29,16,gpu
1,7,36,16,gpu
1,7,52,16,gpu
1,7,56,16,gpu
1,7,114,16,pim
1,8,22,16,gpu
1,8,23,16,gpu
1,8,50,16,gpu
1,8,53,1,pim
1,8,58,15,pim
1,8,66,16,gpu
1,8,83,16,gpu
1,8,85,16,gpu
1,8,102,16,gpu
1,9,2,16,gpu
1,9,11,7,pim
1,9,13,14,gpu
1,9,16,16,gpu
1,9,23,16,gpu
1,9,26,16,gpu
1,9,63,16,gpu
1,9,95,11,gpu
1,9,98,16,gpu
1,10,1,16,gpu
1,10,5,16,gpu
1,10,6,4,pim
1,10,12,15,gpu
1,10,28,16,gpu
1,10,31,14,gpu
1,10,36,15,gpu
1,10,90,16,gpu
1,10,92,16,gpu
1,11,48,11,gpu
1,11,52,9,pim
1,11,54,16,gpu
1,11,72,14,gpu
1,11,81,16,gpu
1,11,103,16,gpu
1,11,109,1,pim
1,11,110,13,gpu
1,11,120,16,gpu
1,11,121,16,gpu
1,12,11,16,gpu
1,12,18,16,gpu
1,12,27,16,gpu
1,12,41,16,gpu
1,12,62,16,gpu
1,12,71,16,gpu
1,12,92,16,gpu
1,12,125,16,pim
1,13,27,16,gpu
1,13,30,15,pim
1,13,33,16,gpu
1,13,34,16,gpu
1,13,61,16,gpu
1,13,63,16,gpu
1,13,80,16,gpu
1,13,93,1,pim
1,13,117,16,gpu
1,14,2,16,gpu
1,14,5,16,gpu
1,14,49,16,gpu
1,14,63,16,gpu
1,14,78,11,pim
1,14,92,16,gpu
1,14,97,5,pim
1,14,109,16,gpu
1,14,113,16,gpu
1,15,2,16,gpu
1,15,26,16,gpu
1,15,50,16,gpu
1,15,58,16,gpu
1,15,63,16,gpu
1,15,84,16,gpu
1,15,88,16,gpu
1,15,127,16,pim
1,16,10,16,gpu
1,16,35,13,pim
1,16,42,16,gpu
1,16,48,16,gpu
1,16,82,3,pim
1,16,97,16,gpu
1,16,98,16,gpu
1,16,107,16,gpu
1,16,122,16,gpu
1,17,3,16,gpu
1,17,12,2,pim
1,17,34,16,gpu
1,17,40,9,gpu
1,17,59,16,gpu
1,17,80,16,gpu
1,17,100,14,gpu
1,17,122,16,gpu
1,17,123,7,pim
1,17,124,16,gpu
1,18,33,16,gpu
1,18,49,16,gpu
1,18,58,16,gpu
1,18,82,16,gpu
1,18,91,16,gpu
1,18,107,16,gpu
1,18,112,16,gpu
1,18,126,16,pim
1,19,15,12,pim
1,19,28,16,gpu
1,19,29,16,gpu
1,19,52,16,gpu
1,19,56,16,gpu
1,19,88,4,pim
1,19,92,16,gpu
1,19,102,16,gpu
1,19,114,16,gpu
1,20,48,16,gpu
1,20,53,16,gpu
1,20,68,16,gpu
1,20,76,16,gpu
1,20,85,16,gpu
1,20,92,16,gpu
1,20,113,16,gpu
1,20,114,16,pim
1,21,0,1,pim
1,21,2,16,gpu
1,21,4,1,pim
1,21,6,1,pim
1,21,8,16,gpu
1,21,11,16,gpu
1,21,13,15,gpu
1,21,26,16,gpu
1,21,53,14,pim
1,21,56,16,gpu
1,21,63,16,gpu
1,22,1,16,gpu
1,22,6,16,gpu
1,22,12,16,gpu
1,22,28,15,gpu
1,22,36,16,gpu
1,22,48,12,gpu
1,22,75,16,gpu
1,22,92,6,pim
1,22,118,15,gpu
1,23,4,1,pim
1,23,14,16,gpu
1,23,31,16,gpu
1,23,36,16,gpu
1,23,48,16,gpu
1,23,52,16,gpu
1,23,65,14,pim
1,23,81,16,gpu
1,23,120,16,gpu
1,23,121,1,pim
1,24,11,16,gpu
1,24,18,16,gpu
1,24,20,16,gpu
1,24,27,6,pim
1,24,28,16,gpu
1,24,37,16,gpu
1,24,91,16,gpu
1,24,108,10,pim
1,24,125,16,gpu
1,25,13,16,gpu
1,25,30,16,gpu
1,25,34,16,gpu
1,25,43,9,pim
1,25,74,7,pim
1,25,91,16,gpu
1,25,110,16,gpu
1,25,124,16,gpu
1,25,126,16,gpu
1,26,2,16,gpu
1,26,5,9,pim
1,26,29,3,pim
1,26,49,16,gpu
1,26,72,16,gpu
1,26,78,3,pim
1,26,87,16,gpu
1,26,97,16,gpu
1,26,109,16,gpu
1,26,113,16,gpu
1,26,121,1,pim
1,27,26,16,gpu
1,27,27,16,gpu
1,27,44,14,pim
1,27,50,16,gpu
1,27,63,16,gpu
1,27,84,16,gpu
1,27,88,16,gpu
1,27,106,2,pim
1,27,118,16,gpu
1,28,10,13,pim
1,28,42,16,gpu
1,28,49,3,pim
1,28,58,15,gpu
1,28,63,16,gpu
1,28,70,1,pim
1,28,91,16,gpu
1,28,98,16,gpu
1,28,107,16,gpu
1,28,122,16,gpu
1,29,3,16,gpu
1,29,12,16,gpu
1,29,13,16,gpu
1,29,34,16,gpu
1,29,59,16,gpu
1,29,61,16,gpu
1,29,105,16,gpu
1,29,124,16,pim
1,30,6,16,gpu
1,30,48,16,gpu
1,30,58,16,gpu
1,30,62,16,gpu
1,30,93,16,gpu
1,30,94,6,pim
1,30,104,10,pim
1,30,120,16,gpu
1,30,126,16,gpu
1,31,11,15,pim
1,31,24,16,gpu
1,31,36,16,gpu
1,31,38,16,gpu
1,31,41,16,gpu
1,31,56,16,gpu
1,31,63,1,pim
1,31,72,16,gpu
1,31,102,16,gpu
1,32,10,16,gpu
1,32,48,16,gpu
1,32,74,4,pim
1,32,76,16,gpu
1,32,78,12,pim
1,32,83,15,gpu
1,32,85,16,gpu
1,32,90,1,pim
1,32,113,16,gpu
1,32,118,16,gpu
1,33,4,16,gpu
1,33,11,16,gpu
1,33,13,13,gpu
1,33,15,15,gpu
1,33,26,16,gpu
1,33,34,3,pim
1,33,44,1,pim
1,33,53,16,gpu
1,33,63,16,gpu
1,33,107,15,gpu
1,33,115,1,pim
1,34,1,14,gpu
1,34,5,15,gpu
1,34,22,15,gpu
1,34,28,16,gpu
1,34,29,16,gpu
1,34,42,2,pim
1,34,75,16,gpu
1,34,81,2,pim
1,34,84,16,gpu
1,34,92,16,gpu
1,35,15,7,pim
1,35,28,16,gpu
1,35,31,16,gpu
1,35,62,9,pim
1,35,77,16,gpu
1,35,81,16,gpu
1,35,104,16,gpu
1,35,110,16,gpu
1,35,120,16,gpu
1,36,11,16,gpu
1,36,18,16,gpu
1,36,20,6,pim
1,36,28,16,gpu
1,36,57,11,gpu
1,36,62,16,gpu
1,36,77,1,pim
1,36,106,12,gpu
1,36,109,16,gpu
1,36,111,2,pim
1,36,125,16,gpu
1,37,27,16,gpu
1,37,30,16,gpu
1,37,34,16,gpu
1,37,80,16,gpu
1,37,86,16,gpu
1,37,91,16,gpu
1,37,110,16,gpu
1,37,124,16,pim
1,38,2,16,gpu
1,38,19,16,gpu
1,38,91,16,gpu
1,38,97,16,gpu
1,38,109,16,gpu
1,38,110,16,gpu
1,38,113,16,gpu
1,38,121,16,pim
1,39,14,16,gpu
1,39,16,16,gpu
1,39,48,16,gpu
1,39,50,16,gpu
1,39,84,16,gpu
1,39,88,13,pim
1,39,99,16,gpu
1,39,112,3,pim
1,39,118,16,gpu
1,40,4,16,gpu
1,40,19,16,gpu
1,40,34,16,gpu
1,40,46,9,pim
1,40,50,16,gpu
1,40,53,16,gpu
1,40,91,16,gpu
1,40,97,7,pim
1,40,98,16,gpu
1,41,30,11,pim
1,41,37,15,gpu
1,41,51,1,pim
1,41,61,5,pim
1,41,80,16,gpu
1,41,83,16,gpu
1,41,100,16,gpu
1,41,116,16,gpu
1,41,123,16,gpu
1,41,124,16,gpu
1,42,21,16,gpu
1,42,30,16,gpu
1,42,43,16,gpu
1,42,58,1,pim
1,42,63,16,gpu
1,42,66,15,pim
1,42,76,16,gpu
1,42,88,16,gpu
1,42,119,16,gpu
1,43,10,4,pim
1,43,11,16,gpu
1,43,29,16,gpu
1,43,32,16,gpu
1,43,45,16,gpu
1,43,86,12,pim
1,43,91,16,gpu
1,43,94,16,gpu
1,43,98,16,gpu
1,44,15,16,gpu
1,44,40,16,gpu
1,44,63,16,gpu
1,44,79,16,gpu
1,44,96,16,gpu
1,44,103,1,pim
1,44,104,16,gpu
1,44,108,16,gpu
1,44,112,15,pim
1,45,1,16,gpu
1,45,4,16,gpu
1,45,7,16,gpu
1,45,18,16,gpu
1,45,53,16,gpu
1,45,54,16,gpu
1,45,73,16,gpu
1,45,89,16,pim
1,46,4,16,gpu
1,46,20,16,gpu
1,46,21,6,pim
1,46,40,16,gpu
1,46,48,16,gpu
1,46,64,8,pim
1,46,76,2,pim
1,46,102,16,gpu
1,46,110,16,gpu
1,46,119,16,gpu
1,47,7,16,gpu
1,47,38,16,gpu
1,47,41,1,pim
1,47,46,16,gpu
1,47,54,16,gpu
1,47,58,16,gpu
1,47,71,2,pim
1,47,76,16,gpu
1,47,79,13,pim
1,47,110,16,gpu
2,0,64,16,gpu
2,0,67,16,gpu
2,0,77,16,gpu
2,0,79,16,gpu
2,0,86,16,gpu
2,0,91,16,gpu
2,0,105,16,gpu
2,0,112,16,pim
2,1,8,16,gpu
2,1,25,16,gpu
2,1,68,16,gpu
2,1,88,16,gpu
2,1,90,16,gpu
2,1,98,16,gpu
2,1,101,16,gpu
2,1,114,16,pim
2,2,6,16,gpu
2,2,23,16,gpu
2,2,44,16,gpu
2,2,46,16,gpu
2,2,56,16,gpu
2,2,71,16,gpu
2,2,72,16,gpu
2,2,94,16,pim
2,3,3,16,gpu
2,3,23,16,gpu
2,3,29,16,gpu
2,3,37,16,gpu
2,3,42,16,gpu
2,3,56,7,pim
2,3,71,16,gpu
2,3,99,16,gpu
2,3,114,9,pim
2,4,12,16,gpu
2,4,14,16,gpu
2,4,19,16,gpu
2,4,33,16,gpu
2,4,108,16,gpu
2,4,110,16,gpu
2,4,121,16,gpu
2,4,127,16,pim
2,5,4,16,gpu
2,5,6,16,gpu
2,5,12,16,gpu
2,5,24,16,gpu
2,5,63,16,gpu
2,5,65,16,gpu
2,5,73,16,gpu
2,5,104,16,pim
2,6,33,16,gpu
2,6,49,16,gpu
2,6,58,16,gpu
2,6,74,16,gpu
2,6,82,16,gpu
2,6,92,16,gpu
2,6,112,16,gpu
2,6,121,16,pim
2,7,15,16,gpu
2,7,17,16,gpu
2,7,19,16,gpu
2,7,24,16,gpu
2,7,36,16,gpu
2,7,44,16,gpu
2,7,63,16,gpu
2,7,114,16,pim
2,8,23,16,gpu
2,8,50,16,gpu
2,8,54,16,gpu
2,8,68,16,gpu
2,8,76,16,gpu
2,8,78,16,gpu
2,8,100,16,gpu
2,8,124,16,pim
2,9,0,16,gpu
2,9,8,16,gpu
2,9,13,16,gpu
2,9,23,16,gpu
2,9,82,16,gpu
2,9,92,16,gpu
2,9,95,16,gpu
2,9,107,16,pim
2,10,1,16,gpu
2,10,5,16,gpu
2,10,6,16,gpu
2,10,19,16,gpu
2,10,48,16,gpu
2,10,66,16,gpu
2,10,92,16,gpu
2,10,98,16,pim
2,11,14,16,gpu
2,11,17,16,gpu
2,11,22,6,pim
2,11,48,16,gpu
2,11,54,10,pim
2,11,62,16,gpu
2,11,81,16,gpu
2,11,120,16,gpu
2,11,121,16,gpu
2,12,11,16,gpu
2,12,18,16,gpu
2,12,19,16,gpu
2,12,27,11,pim
2,12,28,6,pim
2,12,40,16,gpu
2,12,41,16,gpu
2,12,49,15,gpu
2,12,57,16,gpu
2,13,1,16,gpu
2,13,27,16,gpu
2,13,34,16,gpu
2,13,63,16,gpu
2,13,91,16,gpu
2,13,92,16,gpu
2,13,104,16,gpu
2,13,117,16,pim
2,14,2,16,gpu
2,14,5,16,gpu
2,14,14,16,gpu
2,14,81,16,gpu
2,14,102,16,gpu
2,14,108,16,gpu
2,14,109,16,gpu
2,14,113,16,pim
2,15,2,16,gpu
2,15,50,16,gpu
2,15,51,16,gpu
2,15,58,16,gpu
2,15,64,16,gpu
2,15,84,16,gpu
2,15,125,16,gpu
2,15,127,16,pim
2,16,42,16,gpu
2,16,48,16,gpu
2,16,62,16,gpu
2,16,94,16,gpu
2,16,97,16,gpu
2,16,98,16,gpu
2,16,107,16,gpu
2,16,122,16,pim
2,17,73,16,gpu
2,17,80,16,gpu
2,17,82,16,gpu
2,17,94,16,gpu
2,17,116,16,gpu
2,17,122,16,gpu
2,17,123,16,gpu
2,17,124,16,pim
2,18,20,16,gpu
2,18,32,16,gpu
2,18,58,16,gpu
2,18,74,16,gpu
2,18,82,16,gpu
2,18,87,16,gpu
2,18,91,16,gpu
2,18,112,16,pim
2,19,24,16,gpu
2,19,29,16,gpu
2,19,44,16,gpu
2,19,52,16,gpu
2,19,56,16,gpu
2,19,63,16,gpu
2,19,92,16,gpu
2,19,119,16,pim
2,20,0,16,gpu
2,20,45,12,pim
2,20,68,4,pim
2,20,69,16,gpu
2,20,76,16,gpu
2,20,85,16,gpu
2,20,92,16,gpu
2,20,114,16,gpu
2,20,124,16,gpu
2,21,0,16,gpu
2,21,2,16,gpu
2,21,6,16,gpu
2,21,8,16,gpu
2,21,13,16,gpu
2,21,63,16,gpu
2,21,92,16,gpu
2,21,107,16,pim
2,22,1,16,gpu
2,22,6,14,pim
2,22,12,16,gpu
2,22,31,16,gpu
2,22,36,16,gpu
2,22,42,2,pim
2,22,48,16,gpu
2,22,71,16,gpu
2,22,92,16,gpu
2,23,4,16,gpu
2,23,31,16,gpu
2,23,48,16,gpu
2,23,62,16,gpu
2,23,65,16,gpu
2,23,81,16,gpu
2,23,120,16,gpu
2,23,121,16,pim
2,24,11,16,gpu
2,24,18,16,gpu
2,24,19,16,gpu
2,24,20,16,gpu
2,24,28,16,gpu
2,24,57,16,gpu
2,24,59,16,gpu
2,24,108,16,pim
2,25,1,16,gpu
2,25,13,16,gpu
2,25,34,16,gpu
2,25,74,16,gpu
2,25,91,16,gpu
2,25,110,16,gpu
2,25,119,16,gpu
2,25,124,16,pim
2,26,2,16,gpu
2,26,31,16,gpu
2,26,72,16,gpu
2,26,81,16,gpu
2,26,83,15,pim
2,26,91,16,gpu
2,26,97,1,pim
2,26,109,16,gpu
2,26,113,16,gpu
2,27,15,16,gpu
2,27,21,16,gpu
2,27,26,16,gpu
2,27,27,16,gpu
2,27,51,16,gpu
2,27,64,16,gpu
2,27,84,16,gpu
2,27,118,16,pim
2,28,10,1,pim
2,28,27,16,gpu
2,28,34,5,pim
2,28,42,16,gpu
2,28,53,10,pim
2,28,70,16,gpu
2,28,91,16,gpu
2,28,98,16,gpu
2,28,107,16,gpu
2,28,122,16,gpu
2,29,13,16,gpu
2,29,37,16,gpu
2,29,40,5,pim
2,29,60,16,gpu
2,29,70,9,pim
2,29,94,16,gpu
2,29,95,16,gpu
2,29,96,2,pim
2,29,120,16,gpu
2,29,124,16,gpu
2,30,0,16,gpu
2,30,6,16,gpu
2,30,18,2,pim
2,30,39,10,gpu
2,30,55,8,gpu
2,30,58,16,gpu
2,30,82,15,gpu
2,30,91,7,pim
2,30,94,6,pim
2,30,98,16,gpu
2,30,104,16,gpu
2,31,11,2,pim
2,31,17,16,gpu
2,31,24,13,pim
2,31,28,16,gpu
2,31,29,1,pim
2,31,36,16,gpu
2,31,44,16,gpu
2,31,63,16,gpu
2,31,102,16,gpu
2,31,115,16,gpu
2,32,0,16,gpu
2,32,4,16,gpu
2,32,10,16,gpu
2,32,48,9,pim
2,32,69,16,gpu
2,32,72,7,pim
2,32,85,16,gpu
2,32,90,16,gpu
2,32,124,16,gpu
2,33,2,2,pim
2,33,8,16,gpu
2,33,11,1,pim
2,33,13,16,gpu
2,33,15,8,gpu
2,33,26,16,gpu
2,33,38,14,gpu
2,33,56,6,pim
2,33,63,16,gpu
2,33,95,1,pim
2,33,107,16,gpu
2,33,124,16,gpu
2,34,0,2,pim
2,34,1,16,gpu
2,34,5,16,gpu
2,34,8,6,pim
2,34,10,2,pim
2,34,22,16,gpu
2,34,29,12,gpu
2,34,42,16,gpu
2,34,75,16,gpu
2,34,89,10,gpu
2,34,92,16,gpu
2,35,17,16,gpu
2,35,28,9,pim
2,35,48,16,gpu
2,35,51,16,gpu
2,35,62,16,gpu
2,35,65,7,pim
2,35,81,16,gpu
2,35,110,16,gpu
2,35,120,16,gpu
2,36,11,16,gpu
2,36,18,16,gpu
2,36,19,16,gpu
2,36,20,16,gpu
2,36,28,16,gpu
2,36,57,16,gpu
2,36,59,16,gpu
2,36,62,16,pim
2,37,1,16,gpu
2,37,27,16,gpu
2,37,34,16,gpu
2,37,86,16,gpu
2,37,91,16,gpu
2,37,110,16,gpu
2,37,119,16,gpu
2,37,124,16,pim
2,38,2,16,gpu
2,38,31,16,gpu
2,38,81,16,gpu
2,38,91,16,gpu
2,38,102,16,gpu
2,38,108,16,gpu
2,38,110,16,gpu
2,38,113,16,pim
2,39,5,16,gpu
2,39,14,16,gpu
2,39,16,16,gpu
2,39,26,8,pim
2,39,33,4,pim
2,39,48,16,gpu
2,39,51,16,gpu
2,39,63,2,pim
2,39,84,16,gpu
2,39,118,2,pim
2,39,125,16,gpu
2,40,11,7,pim
2,40,19,16,gpu
2,40,27,15,gpu
2,40,33,2,pim
2,40,48,15,gpu
2,40,53,9,gpu
2,40,91,16,gpu
2,40,94,16,gpu
2,40,98,16,gpu
2,40,122,16,gpu
2,41,37,16,gpu
2,41,80,16,gpu
2,41,81,16,gpu
2,41,94,16,gpu
2,41,100,16,gpu
2,41,116,16,gpu
2,41,122,16,gpu
2,41,124,16,pim
2,42,0,6,pim
2,42,14,8,pim
2,42,30,16,gpu
2,42,43,16,gpu
2,42,47,16,gpu
2,42,66,16,gpu
2,42,76,16,gpu
2,42,88,16,gpu
2,42,106,16,gpu
2,42,112,2,pim
2,43,11,16,gpu
2,43,18,7,pim
2,43,20,13,gpu
2,43,37,12,gpu
2,43,45,16,gpu
2,43,80,16,gpu
2,43,86,16,gpu
2,43,98,16,gpu
2,43,111,16,gpu
2,44,2,14,gpu
2,44,12,16,gpu
2,44,15,16,gpu
2,44,34,16,gpu
2,44,50,2,pim
2,44,70,4,pim
2,44,76,14,gpu
2,44,79,16,gpu
2,44,96,9,gpu
2,44,112,15,gpu
2,44,119,6,pim
2,45,1,16,gpu
2,45,4,16,gpu
2,45,7,16,gpu
2,45,19,16,gpu
2,45,26,16,gpu
2,45,53,16,gpu
2,45,73,16,gpu
2,45,110,16,pim
2,46,4,16,gpu
2,46,13,10,gpu
2,46,14,16,gpu
2,46,18,9,gpu
2,46,20,15,gpu
2,46,42,6,pim
2,46,48,16,gpu
2,46,64,1,pim
2,46,102,16,gpu
2,46,110,16,gpu
2,46,119,7,pim
2,47,7,16,gpu
2,47,30,16,gpu
2,47,38,16,gpu
2,47,41,16,gpu
2,47,46,16,gpu
2,47,58,16,gpu
2,47,108,16,gpu
2,47,110,16,pim
3,0,3,16,gpu
3,0,12,16,gpu
3,0,64,16,gpu
3,0,67,16,gpu
3,0,77,16,gpu
3,0,79,16,gpu
3,0,112,16,gpu
3,0,122,16,pim
3,1,13,16,gpu
3,1,14,16,gpu
3,1,36,16,gpu
3,1,46,16,gpu
3,1,92,16,gpu
3,1,97,16,gpu
3,1,101,16,gpu
3,1,109,16,pim
3,2,0,16,gpu
3,2,49,16,gpu
3,2,50,16,gpu
3,2,56,16,gpu
3,2,71,16,gpu
3,2,72,16,gpu
3,2,76,16,gpu
3,2,126,16,pim
3,3,3,16,gpu
3,3,12,16,gpu
3,3,23,16,gpu
3,3,42,16,gpu
3,3,46,16,gpu
3,3,95,16,gpu
3,3,99,16,gpu
3,3,119,16,pim
3,4,12,16,gpu
3,4,14,7,pim
3,4,19,16,gpu
3,4,26,16,gpu
3,4,43,16,gpu
3,4,60,9,pim
3,4,108,16,gpu
3,4,110,16,gpu
3,4,121,16,gpu
3,5,4,16,gpu
3,5,12,1,pim
3,5,38,16,gpu
3,5,43,16,gpu
3,5,46,16,gpu
3,5,53,15,pim
3,5,65,16,gpu
3,5,72,16,gpu
3,5,73,16,gpu
3,6,33,16,gpu
3,6,49,16,gpu
3,6,74,16,gpu
3,6,82,16,gpu
3,6,88,16,gpu
3,6,92,16,gpu
3,6,112,16,gpu
3,6,121,16,pim
3,7,11,16,gpu
3,7,12,16,gpu
3,7,15,16,gpu
3,7,19,16,gpu
3,7,29,16,gpu
3,7,44,16,gpu
3,7,63,16,gpu
3,7,114,16,pim
3,8,23,16,gpu
3,8,32,15,pim
3,8,45,16,gpu
3,8,50,16,gpu
3,8,54,16,gpu
3,8,68,16,gpu
3,8,76,1,pim
3,8,85,16,gpu
3,8,117,16,gpu
3,9,13,16,gpu
3,9,16,16,gpu
3,9,21,16,gpu
3,9,23,16,gpu
3,9,63,16,gpu
3,9,67,16,gpu
3,9,70,1,pim
3,9,80,15,pim
3,9,92,16,gpu
3,10,1,16,gpu
3,10,5,16,gpu
3,10,19,15,pim
3,10,31,16,gpu
3,10,36,16,gpu
3,10,42,16,gpu
3,10,48,16,gpu
3,10,68,1,pim
3,10,92,16,gpu
3,11,3,6,pim
3,11,15,16,gpu
3,11,22,16,gpu
3,11,25,10,pim
3,11,52,16,gpu
3,11,54,16,gpu
3,11,76,16,gpu
3,11,81,16,gpu
3,11,121,16,gpu
3,12,1,16,gpu
3,12,11,16,gpu
3,12,18,16,gpu
3,12,27,10,pim
3,12,49,16,gpu
3,12,57,16,gpu
3,12,62,6,pim
3,12,77,16,gpu
3,12,78,16,gpu
3,13,20,16,gpu
3,13,27,16,gpu
3,13,34,9,gpu
3,13,37,14,gpu
3,13,63,16,gpu
3,13,91,16,gpu
3,13,104,9,pim
3,13,110,16,gpu
3,13,122,16,gpu
3,14,2,16,gpu
3,14,5,16,gpu
3,14,14,16,gpu
3,14,61,16,gpu
3,14,81,16,gpu
3,14,83,16,gpu
3,14,97,16,gpu
3,14,109,16,pim
3,15,2,16,gpu
3,15,21,16,gpu
3,15,50,16,gpu
3,15,58,16,gpu
3,15,64,16,gpu
3,15,84,16,gpu
3,15,122,16,gpu
3,15,127,16,pim
3,16,23,16,gpu
3,16,42,16,gpu
3,16,48,16,gpu
3,16,54,16,gpu
3,16,62,16,gpu
3,16,97,16,gpu
3,16,107,16,gpu
3,16,122,16,pim
3,17,13,15,gpu
3,17,73,16,gpu
3,17,80,16,gpu
3,17,96,16,gpu
3,17,108,16,gpu
3,17,116,15,pim
3,17,122,16,gpu
3,17,123,2,pim
3,17,124,16,gpu
3,18,32,16,gpu
3,18,58,16,gpu
3,18,82,16,gpu
3,18,88,16,gpu
3,18,91,16,gpu
3,18,107,16,gpu
3,18,112,16,gpu
3,18,126,16,pim
3,19,15,13,pim
3,19,24,3,pim
3,19,28,16,gpu
3,19,29,16,gpu
3,19,52,16,gpu
3,19,56,16,gpu
3,19,92,16,gpu
3,19,114,16,gpu
3,19,119,16,gpu
3,20,6,16,gpu
3,20,45,16,gpu
3,20,53,16,gpu
3,20,54,4,pim
3,20,69,16,gpu
3,20,72,4,pim
3,20,76,8,pim
3,20,85,16,gpu
3,20,92,16,gpu
3,20,114,16,gpu
3,21,0,16,gpu
3,21,2,16,gpu
3,21,11,16,gpu
3,21,13,16,gpu
3,21,38,13,pim
3,21,51,16,gpu
3,21,56,16,gpu
3,21,63,16,gpu
3,21,67,2,pim
3,21,92,1,pim
3,22,1,16,gpu
3,22,12,16,gpu
3,22,31,16,gpu
3,22,36,16,gpu
3,22,48,16,gpu
3,22,71,16,gpu
3,22,75,16,gpu
3,22,92,16,pim
3,23,4,16,gpu
3,23,15,16,gpu
3,23,25,16,gpu
3,23,48,16,gpu
3,23,54,16,gpu
3,23,76,16,gpu
3,23,81,16,gpu
3,23,121,16,pim
3,24,1,16,gpu
3,24,11,16,gpu
3,24,18,16,gpu
3,24,20,9,pim
3,24,28,4,pim
3,24,37,16,gpu
3,24,49,3,pim
3,24,77,16,gpu
3,24,89,16,gpu
3,24,108,16,gpu
3,25,1,11,gpu
3,25,34,15,gpu
3,25,37,16,gpu
3,25,50,16,gpu
3,25,52,12,gpu
3,25,72,9,gpu
3,25,91,16,gpu
3,25,110,16,gpu
3,25,116,5,pim
3,25,122,7,pim
3,25,124,5,pim
3,26,2,16,gpu
3,26,9,16,gpu
3,26,31,16,gpu
3,26,61,15,gpu
3,26,72,16,gpu
3,26,81,16,gpu
3,26,87,2,pim
3,26,109,16,gpu
3,26,113,15,pim
3,27,2,16,gpu
3,27,11,16,gpu
3,27,15,16,gpu
3,27,21,14,gpu
3,27,24,5,pim
3,27,26,13,gpu
3,27,84,16,gpu
3,27,118,16,gpu
3,27,122,16,gpu
3,28,23,16,gpu
3,28,42,16,gpu
3,28,48,16,gpu
3,28,54,16,gpu
3,28,74,12,gpu
3,28,91,14,gpu
3,28,97,6,pim
3,28,107,16,gpu
3,28,122,16,gpu
3,29,13,16,gpu
3,29,34,16,gpu
3,29,37,16,gpu
3,29,50,16,gpu
3,29,51,16,gpu
3,29,96,16,gpu
3,29,108,16,gpu
3,29,120,16,pim
3,30,6,11,pim
3,30,55,16,gpu
3,30,87,2,pim
3,30,88,16,gpu
3,30,91,15,gpu
3,30,104,16,gpu
3,30,107,4,pim
3,30,108,16,gpu
3,30,120,16,gpu
3,30,126,16,gpu
3,31,11,12,gpu
3,31,15,16,gpu
3,31,24,16,gpu
3,31,28,16,gpu
3,31,36,16,gpu
3,31,41,6,pim
3,31,59,16,gpu
3,31,63,9,gpu
3,31,108,1,pim
3,31,114,16,gpu
3,31,119,4,pim
3,32,6,16,gpu
3,32,10,11,gpu
3,32,18,13,gpu
3,32,24,16,gpu
3,32,48,16,gpu
3,32,51,10,pim
3,32,85,16,gpu
3,32,90,1,pim
3,32,92,2,pim
3,32,113,11,gpu
3,32,124,16,gpu
3,33,0,1,pim
3,33,2,16,gpu
3,33,11,16,gpu
3,33,13,16,gpu
3,33,38,16,gpu
3,33,51,12,pim
3,33,56,16,gpu
3,33,63,16,gpu
3,33,67,16,gpu
3,33,92,3,pim
3,34,1,6,pim
3,34,10,10,gpu
3,34,22,3,pim
3,34,29,7,gpu
3,34,36,16,gpu
3,34,42,16,gpu
3,34,51,7,pim
3,34,68,3,pim
3,34,75,16,gpu
3,34,77,12,gpu
3,34,84,16,gpu
3,34,92,16,gpu
3,35,6,2,pim
3,35,11,16,gpu
3,35,14,10,gpu
3,35,15,16,gpu
3,35,31,16,gpu
3,35,48,16,gpu
3,35,53,5,pim
3,35,62,3,pim
3,35,76,16,gpu
3,35,77,16,gpu
3,35,81,4,pim
3,35,84,6,gpu
3,35,110,2,pim
3,36,11,16,gpu
3,36,18,16,gpu
3,36,20,11,pim
3,36,28,16,gpu
3,36,37,16,gpu
3,36,57,16,gpu
3,36,62,16,gpu
3,36,77,16,gpu
3,36,101,5,pim
3,37,1,16,gpu
3,37,34,16,gpu
3,37,37,16,gpu
3,37,50,16,gpu
3,37,91,16,gpu
3,37,110,16,gpu
3,37,122,16,gpu
3,37,124,16,pim
3,38,2,14,gpu
3,38,12,16,gpu
3,38,31,16,gpu
3,38,61,10,gpu
3,38,81,16,gpu
3,38,83,7,pim
3,38,91,1,pim
3,38,97,16,gpu
3,38,109,16,gpu
3,38,110,16,gpu
3,39,2,16,gpu
3,39,5,6,pim
3,39,16,16,gpu
3,39,19,16,gpu
3,39,21,16,gpu
3,39,48,10,pim
3,39,49,16,gpu
3,39,84,16,gpu
3,39,118,16,gpu
3,40,19,1,pim
3,40,23,16,gpu
3,40,34,12,pim
3,40,46,2,pim
3,40,54,16,gpu
3,40,70,16,gpu
3,40,89,16,gpu
3,40,91,16,gpu
3,40,94,1,pim
3,40,97,16,gpu
3,40,122,16,gpu
3,41,10,16,gpu
3,41,37,16,gpu
3,41,81,16,gpu
3,41,96,16,gpu
3,41,100,16,gpu
3,41,111,16,gpu
3,41,120,16,gpu
3,41,123,16,pim
3,42,30,16,gpu
3,42,33,16,gpu
3,42,43,16,gpu
3,42,52,16,gpu
3,42,69,16,gpu
3,42,76,16,gpu
3,42,81,16,gpu
3,42,88,16,pim
3,43,11,16,gpu
3,43,18,16,gpu
3,43,35,7,pim
3,43,69,8,pim
3,43,74,16,gpu
3,43,83,15,gpu
3,43,92,1,pim
3,43,94,16,gpu
3,43,96,16,gpu
3,43,98,16,gpu
3,43,108,1,pim
3,44,7,3,pim
3,44,12,16,gpu
3,44,15,16,gpu
3,44,49,16,gpu
3,44,50,16,gpu
3,44,79,16,gpu
3,44,94,16,gpu
3,44,102,16,gpu
3,44,104,13,pim
3,45,2,16,gpu
3,45,4,16,gpu
3,45,18,15,gpu
3,45,53,1,pim
3,45,54,16,gpu
3,45,64,9,pim
3,45,65,16,gpu
3,45,67,7,pim
3,45,77,16,gpu
3,45,90,16,gpu
3,46,1,16,gpu
3,46,4,16,gpu
3,46,15,16,gpu
3,46,20,16,gpu
3,46,43,15,pim
3,46,48,1,pim
3,46,76,16,gpu
3,46,90,16,gpu
3,46,97,16,gpu
3,47,0,16,gpu
3,47,7,16,gpu
3,47,14,16,gpu
3,47,44,16,gpu
3,47,46,16,gpu
3,47,58,16,gpu
3,47,61,16,gpu
3,47,65,16,pim
4,0,43,16,gpu
4,0,45,16,gpu
4,0,65,16,gpu
4,0,73,16,gpu
4,0,85,16,gpu
4,0,98,16,gpu
4,0,100,16,gpu
4,0,114,16,pim
4,1,18,16,gpu
4,1,26,16,gpu
4,1,38,16,gpu
4,1,42,16,gpu
4,1,43,16,gpu
4,1,44,16,gpu
4,1,49,16,gpu
4,1,94,16,pim
4,2,38,16,gpu
4,2,40,16,gpu
4,2,57,16,gpu
4,2,82,16,gpu
4,2,88,16,gpu
4,2,95,16,gpu
4,2,113,16,gpu
4,2,123,16,pim
4,3,51,16,gpu
4,3,56,16,gpu
4,3,67,16,gpu
4,3,71,16,gpu
4,3,80,16,gpu
4,3,87,16,gpu
4,3,101,16,gpu
4,3,117,16,pim
4,4,12,16,gpu
4,4,61,16,gpu
4,4,64,16,gpu
4,4,65,16,gpu
4,4,95,16,gpu
4,4,108,16,gpu
4,4,110,16,gpu
4,4,121,16,pim
4,5,9,16,gpu
4,5,17,4,pim
4,5,32,1,pim
4,5,38,16,gpu
4,5,45,6,pim
4,5,46,5,pim
4,5,64,16,gpu
4,5,73,16,gpu
4,5,84,16,gpu
4,5,94,16,gpu
4,5,104,16,gpu
4,6,12,16,gpu
4,6,24,5,pim
4,6,35,3,pim
4,6,41,8,pim
4,6,58,16,gpu
4,6,62,16,gpu
4,6,107,16,gpu
4,6,112,16,gpu
4,6,116,16,gpu
4,6,126,16,gpu
4,7,10,16,gpu
4,7,15,11,gpu
4,7,19,16,gpu
4,7,24,16,gpu
4,7,29,9,pim
4,7,52,16,gpu
4,7,75,16,gpu
4,7,114,16,gpu
4,7,125,12,gpu
4,8,9,16,gpu
4,8,17,15,gpu
4,8,23,1,pim
4,8,45,16,gpu
4,8,50,5,pim
4,8,58,16,gpu
4,8,77,13,gpu
4,8,85,14,gpu
4,8,92,16,gpu
4,8,102,16,gpu
4,9,2,16,gpu
4,9,11,16,gpu
4,9,13,16,gpu
4,9,16,16,gpu
4,9,23,16,gpu
4,9,58,12,pim
4,9,69,16,gpu
4,9,124,4,pim
4,9,125,16,gpu
4,10,1,16,gpu
4,10,5,16,gpu
4,10,12,16,gpu
4,10,36,16,gpu
4,10,68,16,gpu
4,10,78,16,gpu
4,10,92,16,gpu
4,10,98,16,pim
4,11,3,16,gpu
4,11,15,16,gpu
4,11,32,16,gpu
4,11,52,6,pim
4,11,54,16,gpu
4,11,62,16,gpu
4,11,76,16,gpu
4,11,81,8,pim
4,11,121,2,pim
4,11,125,16,gpu
4,12,11,16,gpu
4,12,18,16,gpu
4,12,23,16,gpu
4,12,39,16,gpu
4,12,49,15,pim
4,12,57,16,gpu
4,12,65,16,gpu
4,12,78,16,gpu
4,12,108,1,pim
4,13,11,6,pim
4,13,33,16,gpu
4,13,34,16,gpu
4,13,58,16,gpu
4,13,63,16,gpu
4,13,103,10,pim
4,13,104,16,gpu
4,13,110,16,gpu
4,13,122,16,gpu
4,14,2,16,gpu
4,14,5,16,gpu
4,14,61,16,gpu
4,14,63,16,gpu
4,14,67,16,gpu
4,14,81,16,gpu
4,14,104,16,gpu
4,14,109,16,pim
4,15,2,16,gpu
4,15,33,16,gpu
4,15,49,16,gpu
4,15,58,16,gpu
4,15,84,16,gpu
4,15,106,16,gpu
4,15,122,16,gpu
4,15,127,16,pim
4,16,42,16,gpu
4,16,46,16,gpu
4,16,48,16,gpu
4,16,54,16,gpu
4,16,97,16,gpu
4,16,98,16,gpu
4,16,107,16,gpu
4,16,122,16,pim
4,17,21,16,gpu
4,17,59,16,gpu
4,17,80,16,gpu
4,17,88,16,gpu
4,17,105,16,gpu
4,17,122,16,gpu
4,17,123,16,gpu
4,17,124,16,pim
4,18,12,16,gpu
4,18,24,16,gpu
4,18,25,8,gpu
4,18,58,16,gpu
4,18,63,3,pim
4,18,82,8,pim
4,18,104,16,gpu
4,18,107,1,pim
4,18,112,16,gpu
4,18,122,12,gpu
4,18,126,16,gpu
4,19,24,16,gpu
4,19,29,11,pim
4,19,52,16,gpu
4,19,56,16,gpu
4,19,59,16,gpu
4,19,75,16,gpu
4,19,79,5,pim
4,19,112,16,gpu
4,19,119,16,gpu
4,20,9,16,gpu
4,20,16,10,pim
4,20,45,16,gpu
4,20,48,16,gpu
4,20,53,16,gpu
4,20,65,16,gpu
4,20,72,2,pim
4,20,85,16,gpu
4,20,92,4,pim
4,20,114,16,gpu
4,21,0,16,gpu
4,21,2,16,gpu
4,21,11,16,gpu
4,21,13,16,gpu
4,21,16,1,pim
4,21,50,16,gpu
4,21,56,1,pim
4,21,58,15,gpu
4,21,63,16,gpu
4,21,124,15,pim
4,22,6,16,gpu
4,22,12,16,gpu
4,22,31,16,gpu
4,22,36,16,gpu
4,22,51,2,pim
4,22,68,16,gpu
4,22,75,14,pim
4,22,78,16,gpu
4,22,90,16,gpu
4,23,3,16,gpu
4,23,4,16,gpu
4,23,14,16,gpu
4,23,15,6,pim
4,23,32,16,gpu
4,23,48,10,pim
4,23,54,16,gpu
4,23,56,16,gpu
4,23,121,16,gpu
4,24,8,3,pim
4,24,11,16,gpu
4,24,20,2,pim
4,24,21,16,gpu
4,24,23,16,gpu
4,24,35,2,pim
4,24,57,16,gpu
4,24,62,8,pim
4,24,78,1,pim
4,24,89,16,gpu
4,24,108,16,gpu
4,24,111,16,gpu
4,25,1,16,gpu
4,25,33,16,gpu
4,25,34,9,pim
4,25,52,16,gpu
4,25,87,16,gpu
4,25,91,16,gpu
4,25,99,7,pim
4,25,110,16,gpu
4,25,122,16,gpu
4,26,4,16,gpu
4,26,14,15,pim
4,26,61,16,gpu
4,26,67,16,gpu
4,26,81,16,gpu
4,26,94,16,gpu
4,26,104,16,gpu
4,26,109,16,gpu
4,26,121,1,pim
4,27,2,16,gpu
4,27,11,16,gpu
4,27,33,16,gpu
4,27,49,16,gpu
4,27,51,16,gpu
4,27,106,16,gpu
4,27,122,16,gpu
4,27,127,16,pim
4,28,42,16,gpu
4,28,48,16,gpu
4,28,58,16,gpu
4,28,91,16,gpu
4,28,97,16,gpu
4,28,98,16,gpu
4,28,109,16,gpu
4,28,122,16,pim
4,29,3,3,pim
4,29,33,16,gpu
4,29,34,16,gpu
4,29,50,16,gpu
4,29,59,5,pim
4,29,73,15,gpu
4,29,75,16,gpu
4,29,80,9,pim
4,29,105,16,gpu
4,29,120,16,gpu
4,30,24,16,gpu
4,30,58,16,gpu
4,30,63,8,pim
4,30,71,16,gpu
4,30,84,16,gpu
4,30,93,8,pim
4,30,107,16,gpu
4,30,122,16,gpu
4,30,126,16,gpu
4,31,10,16,gpu
4,31,24,16,gpu
4,31,32,15,gpu
4,31,38,2,pim
4,31,45,3,pim
4,31,47,7,pim
4,31,52,5,pim
4,31,59,16,gpu
4,31,79,16,gpu
4,31,82,16,gpu
4,31,114,16,gpu
4,32,5,16,gpu
4,32,16,16,gpu
4,32,30,16,gpu
4,32,48,16,gpu
4,32,57,16,gpu
4,32,83,16,gpu
4,32,92,16,gpu
4,32,114,16,pim
4,33,0,16,gpu
4,33,2,16,gpu
4,33,13,16,gpu
4,33,14,16,gpu
4,33,34,16,gpu
4,33,50,16,gpu
4,33,51,16,gpu
4,33,63,16,pim
4,34,12,16,gpu
4,34,22,16,gpu
4,34,29,16,gpu
4,34,31,5,pim
4,34,58,10,pim
4,34,67,16,gpu
4,34,68,16,gpu
4,34,75,16,gpu
4,34,84,16,gpu
4,34,92,1,pim
4,35,3,16,gpu
4,35,14,15,gpu
4,35,15,16,gpu
4,35,17,6,pim
4,35,31,14,gpu
4,35,32,16,gpu
4,35,54,16,gpu
4,35,56,3,pim
4,35,62,16,gpu
4,35,76,10,gpu
4,36,11,4,pim
4,36,20,16,gpu
4,36,21,16,gpu
4,36,49,3,pim
4,36,62,16,gpu
4,36,78,3,pim
4,36,85,16,gpu
4,36,89,16,gpu
4,36,91,6,pim
4,36,111,16,gpu
4,36,122,16,gpu
4,37,0,16,gpu
4,37,11,1,pim
4,37,25,16,gpu
4,37,26,16,gpu
4,37,71,16,gpu
4,37,73,13,pim
4,37,91,16,gpu
4,37,97,2,pim
4,37,110,16,gpu
4,37,122,16,gpu
4,38,4,6,pim
4,38,12,16,gpu
4,38,76,16,gpu
4,38,81,16,gpu
4,38,91,8,gpu
4,38,100,11,gpu
4,38,104,16,gpu
4,38,109,16,gpu
4,38,110,16,gpu
4,38,121,7,pim
4,39,2,16,gpu
4,39,5,1,pim
4,39,8,5,pim
4,39,16,6,pim
4,39,49,16,gpu
4,39,59,16,gpu
4,39,70,16,gpu
4,39,84,4,pim
4,39,106,16,gpu
4,39,118,16,gpu
4,39,127,16,gpu
4,40,34,16,gpu
4,40,48,16,gpu
4,40,58,16,gpu
4,40,65,16,gpu
4,40,87,16,gpu
4,40,89,4,pim
4,40,91,16,gpu
4,40,98,12,pim
4,40,122,16,gpu
4,41,1,16,gpu
4,41,10,16,gpu
4,41,21,16,gpu
4,41,33,16,gpu
4,41,37,15,pim
4,41,80,16,gpu
4,41,105,16,gpu
4,41,120,1,pim
4,41,123,16,gpu
4,42,30,16,gpu
4,42,35,16,gpu
4,42,39,13,pim
4,42,43,16,gpu
4,42,76,16,gpu
4,42,81,16,gpu
4,42,88,16,gpu
4,42,114,16,gpu
4,42,115,3,pim
4,43,10,16,gpu
4,43,11,16,gpu
4,43,37,16,gpu
4,43,45,14,pim
4,43,83,16,gpu
4,43,92,16,gpu
4,43,94,16,gpu
4,43,96,16,gpu
4,43,98,2,pim
4,44,12,16,gpu
4,44,15,16,gpu
4,44,50,8,pim
4,44,65,13,gpu
4,44,79,16,gpu
4,44,90,16,gpu
4,44,102,16,gpu
4,44,104,11,gpu
4,44,107,16,gpu
4,45,1,16,gpu
4,45,2,16,gpu
4,45,4,16,gpu
4,45,18,16,gpu
4,45,53,16,gpu
4,45,64,16,gpu
4,45,92,16,gpu
4,45,107,16,pim
4,46,21,16,gpu
4,46,34,16,gpu
4,46,35,16,gpu
4,46,38,16,gpu
4,46,46,2,pim
4,46,76,8,pim
4,46,97,16,gpu
4,46,99,9,gpu
4,46,102,13,gpu
4,46,103,16,gpu
4,47,20,16,gpu
4,47,46,16,gpu
4,47,57,16,gpu
4,47,58,16,gpu
4,47,73,16,gpu
4,47,105,16,gpu
4,47,109,16,gpu
4,47,110,16,pim
5,0,14,16,gpu
5,0,21,16,gpu
5,0,50,16,gpu
5,0,51,16,gpu
5,0,57,16,gpu
5,0,103,16,gpu
5,0,106,16,gpu
5,0,110,16,pim
5,1,3,16,gpu
5,1,6,16,gpu
5,1,9,16,gpu
5,1,33,16,gpu
5,1,42,16,gpu
5,1,49,16,gpu
5,1,51,16,gpu
5,1,95,16,pim
5,2,56,16,gpu
5,2,72,16,gpu
5,2,82,16,gpu
5,2,90,16,gpu
5,2,92,16,gpu
5,2,95,16,gpu
5,2,122,16,gpu
5,2,123,16,pim
5,3,30,16,gpu
5,3,39,16,gpu
5,3,56,16,gpu
5,3,71,16,gpu
5,3,87,16,gpu
5,3,108,16,gpu
5,3,114,16,gpu
5,3,117,16,pim
5,4,12,16,gpu
5,4,19,16,gpu
5,4,64,16,gpu
5,4,100,16,gpu
5,4,108,16,gpu
5,4,110,16,gpu
5,4,114,16,gpu
5,4,127,16,pim
5,5,4,16,gpu
5,5,38,16,gpu
5,5,46,16,gpu
5,5,53,16,gpu
5,5,65,16,gpu
5,5,73,16,gpu
5,5,84,16,gpu
5,5,104,16,pim
5,6,33,16,gpu
5,6,43,16,gpu
5,6,49,16,gpu
5,6,58,16,gpu
5,6,82,16,gpu
5,6,112,16,gpu
5,6,116,16,gpu
5,6,126,16,pim
5,7,15,16,gpu
5,7,19,16,gpu
5,7,29,16,gpu
5,7,44,16,gpu
5,7,52,16,gpu
5,7,56,16,gpu
5,7,75,16,gpu
5,7,114,16,pim
5,8,11,16,gpu
5,8,22,6,pim
5,8,50,16,gpu
5,8,53,16,gpu
5,8,76,2,pim
5,8,83,16,gpu
5,8,85,16,gpu
5,8,92,16,gpu
5,8,102,8,pim
5,8,123,16,gpu
5,9,2,16,gpu
5,9,6,2,pim
5,9,11,16,gpu
5,9,13,16,gpu
5,9,16,16,gpu
5,9,38,14,pim
5,9,92,16,gpu
5,9,124,16,gpu
5,9,125,16,gpu
5,10,1,16,gpu
5,10,6,11,gpu
5,10,9,13,gpu
5,10,19,7,pim
5,10,29,16,gpu
5,10,42,16,gpu
5,10,48,16,gpu
5,10,68,1,pim
5,10,84,16,gpu
5,10,98,16,gpu
5,11,3,16,gpu
5,11,17,16,gpu
5,11,62,16,gpu
5,11,76,16,gpu
5,11,81,16,gpu
5,11,108,16,gpu
5,11,109,16,gpu
5,11,121,16,pim
5,12,11,16,gpu
5,12,24,16,gpu
5,12,41,16,gpu
5,12,57,16,gpu
5,12,65,12,pim
5,12,78,16,gpu
5,12,106,4,pim
5,12,111,16,gpu
5,12,125,16,gpu
5,13,11,16,gpu
5,13,31,7,pim
5,13,33,9,pim
5,13,34,16,gpu
5,13,93,16,gpu
5,13,104,16,gpu
5,13,110,16,gpu
5,13,117,16,gpu
5,13,119,16,gpu
5,14,2,16,gpu
5,14,5,16,gpu
5,14,14,2,pim
5,14,61,16,gpu
5,14,97,16,gpu
5,14,105,16,gpu
5,14,109,16,gpu
5,14,113,14,pim
5,14,121,16,gpu
5,15,15,16,gpu
5,15,21,16,gpu
5,15,58,16,gpu
5,15,63,16,gpu
5,15,64,16,gpu
5,15,84,16,gpu
5,15,122,16,gpu
5,15,127,16,pim
5,16,12,16,gpu
5,16,42,16,gpu
5,16,48,16,gpu
5,16,53,12,pim
5,16,91,4,pim
5,16,97,16,gpu
5,16,98,16,gpu
5,16,107,16,gpu
5,16,119,16,gpu
5,17,73,16,gpu
5,17,75,16,gpu
5,17,80,16,gpu
5,17,90,16,gpu
5,17,94,16,gpu
5,17,105,16,gpu
5,17,122,16,gpu
5,17,124,16,pim
5,18,12,14,pim
5,18,58,16,gpu
5,18,74,2,pim
5,18,82,16,gpu
5,18,87,16,gpu
5,18,91,16,gpu
5,18,104,16,gpu
5,18,112,16,gpu
5,18,126,16,gpu
5,19,10,15,gpu
5,19,24,1,pim
5,19,28,15,gpu
5,19,29,16,gpu
5,19,32,5,pim
5,19,52,16,gpu
5,19,56,16,gpu
5,19,75,16,gpu
5,19,92,7,gpu
5,19,114,5,pim
5,19,119,16,gpu
5,20,9,16,gpu
5,20,10,16,gpu
5,20,48,16,gpu
5,20,76,16,gpu
5,20,85,16,gpu
5,20,92,16,gpu
5,20,114,16,gpu
5,20,123,16,pim
5,21,2,12,gpu
5,21,11,16,gpu
5,21,13,16,gpu
5,21,32,16,gpu
5,21,38,16,gpu
5,21,44,12,gpu
5,21,53,12,gpu
5,21,63,16,gpu
5,21,124,12,pim
5,22,1,16,gpu
5,22,12,9,pim
5,22,29,16,gpu
5,22,42,16,gpu
5,22,48,16,gpu
5,22,54,16,gpu
5,22,71,7,pim
5,22,75,16,gpu
5,22,84,16,gpu
5,23,4,16,gpu
5,23,14,16,gpu
5,23,17,3,pim
5,23,31,8,pim
5,23,32,16,gpu
5,23,36,16,gpu
5,23,62,16,gpu
5,23,76,16,gpu
5,23,108,5,pim
5,23,109,16,gpu
5,24,11,16,gpu
5,24,18,16,gpu
5,24,20,16,gpu
5,24,24,16,gpu
5,24,54,16,gpu
5,24,57,16,gpu
5,24,111,16,gpu
5,24,125,16,pim
5,25,13,16,gpu
5,25,31,16,gpu
5,25,34,16,gpu
5,25,72,12,pim
5,25,74,16,gpu
5,25,87,4,pim
5,25,110,16,gpu
5,25,119,16,gpu
5,25,126,16,gpu
5,26,61,15,pim
5,26,72,16,gpu
5,26,81,16,gpu
5,26,87,16,gpu
5,26,91,16,gpu
5,26,97,16,gpu
5,26,105,16,gpu
5,26,113,1,pim
5,26,121,16,gpu
5,27,2,4,pim
5,27,15,10,gpu
5,27,24,3,pim
5,27,26,16,gpu
5,27,33,6,pim
5,27,63,16,gpu
5,27,64,8,gpu
5,27,72,3,pim
5,27,79,16,gpu
5,27,84,16,gpu
5,27,118,14,gpu
5,27,122,16,gpu
5,28,12,16,gpu
5,28,34,9,gpu
5,28,42,16,gpu
5,28,48,4,pim
5,28,53,12,gpu
5,28,58,4,pim
5,28,91,16,gpu
5,28,97,3,pim
5,28,98,16,gpu
5,28,119,16,gpu
5,28,122,16,gpu
5,29,3,16,gpu
5,29,13,16,gpu
5,29,34,16,gpu
5,29,78,16,gpu
5,29,94,16,gpu
5,29,99,4,pim
5,29,105,12,pim
5,29,120,16,gpu
5,29,124,16,gpu
5,30,6,16,gpu
5,30,58,16,gpu
5,30,82,16,gpu
5,30,84,8,pim
5,30,91,16,gpu
5,30,107,16,gpu
5,30,120,8,pim
5,30,125,16,gpu
5,30,126,16,gpu
5,31,10,5,pim
5,31,24,16,gpu
5,31,29,14,gpu
5,31,36,10,gpu
5,31,38,8,gpu
5,31,41,16,gpu
5,31,56,16,gpu
5,31,59,16,gpu
5,31,79,13,gpu
5,31,88,6,pim
5,31,106,1,pim
5,31,114,7,pim
5,32,5,16,gpu
5,32,10,15,gpu
5,32,11,16,gpu
5,32,48,16,gpu
5,32,72,14,pim
5,32,74,1,pim
5,32,78,16,gpu
5,32,85,16,gpu
5,32,90,2,pim
5,32,92,16,gpu
5,33,2,5,pim
5,33,11,16,gpu
5,33,13,16,gpu
5,33,14,7,pim
5,33,32,15,gpu
5,33,44,16,gpu
5,33,51,3,pim
5,33,53,16,gpu
5,33,63,16,gpu
5,33,115,2,pim
5,33,124,16,gpu
5,34,1,16,gpu
5,34,22,16,gpu
5,34,29,16,gpu
5,34,42,11,pim
5,34,54,16,gpu
5,34,75,16,gpu
5,34,81,5,pim
5,34,84,16,gpu
5,34,92,16,gpu
5,35,5,1,pim
5,35,14,1,pim
5,35,28,14,gpu
5,35,31,16,gpu
5,35,32,16,gpu
5,35,62,16,gpu
5,35,76,16,gpu
5,35,109,16,gpu
5,35,110,3,pim
5,35,117,13,gpu
5,35,120,16,gpu
5,36,11,16,gpu
5,36,18,16,gpu
5,36,20,16,gpu
5,36,24,16,gpu
5,36,28,7,pim
5,36,54,9,pim
5,36,57,16,gpu
5,36,62,16,gpu
5,36,125,16,gpu
5,37,11,16,gpu
5,37,13,16,gpu
5,37,27,16,gpu
5,37,53,11,pim
5,37,82,16,gpu
5,37,91,16,gpu
5,37,110,16,gpu
5,37,119,16,gpu
5,37,122,5,pim
5,38,2,16,gpu
5,38,5,5,pim
5,38,16,16,gpu
5,38,37,2,pim
5,38,81,16,gpu
5,38,91,16,gpu
5,38,97,9,pim
5,38,105,16,gpu
5,38,109,16,gpu
5,38,110,16,gpu
5,39,5,16,gpu
5,39,16,16,gpu
5,39,48,16,gpu
5,39,49,13,gpu
5,39,59,11,gpu
5,39,63,8,pim
5,39,72,16,gpu
5,39,84,16,gpu
5,39,118,16,gpu
5,40,12,16,gpu
5,40,34,16,gpu
5,40,48,16,gpu
5,40,91,16,gpu
5,40,98,16,gpu
5,40,115,16,gpu
5,40,119,16,gpu
5,40,122,16,pim
5,41,49,16,gpu
5,41,68,16,gpu
5,41,78,16,gpu
5,41,80,16,gpu
5,41,94,16,gpu
5,41,120,16,gpu
5,41,123,16,gpu
5,41,124,16,pim
5,42,14,13,gpu
5,42,27,16,gpu
5,42,30,16,gpu
5,42,43,16,gpu
5,42,60,16,gpu
5,42,63,5,pim
5,42,71,14,gpu
5,42,76,16,gpu
5,42,109,16,gpu
5,43,6,16,gpu
5,43,11,16,gpu
5,43,29,16,gpu
5,43,32,1,pim
5,43,37,10,pim
5,43,45,16,gpu
5,43,85,16,gpu
5,43,94,16,gpu
5,43,98,16,gpu
5,43,106,5,pim
5,44,2,4,pim
5,44,15,16,gpu
5,44,30,8,pim
5,44,49,16,gpu
5,44,50,16,gpu
5,44,79,16,gpu
5,44,82,4,pim
5,44,108,16,gpu
5,44,112,16,gpu
5,44,127,16,gpu
5,45,1,16,gpu
5,45,2,16,gpu
5,45,4,16,gpu
5,45,13,5,pim
5,45,18,16,gpu
5,45,53,16,gpu
5,45,58,16,gpu
5,45,107,11,pim
5,45,126,16,gpu
5,46,4,16,gpu
5,46,13,2,pim
5,46,15,9,pim
5,46,64,16,gpu
5,46,70,16,gpu
5,46,76,16,gpu
5,46,83,1,pim
5,46,92,4,pim
5,46,102,16,gpu
5,46,107,16,gpu
5,46,112,16,gpu
5,47,7,16,gpu
5,47,22,16,gpu
5,47,36,16,gpu
5,47,38,15,pim
5,47,46,16,gpu
5,47,48,1,pim
5,47,58,16,gpu
5,47,110,16,gpu
5,47,112,16,gpu
6,0,23,16,gpu
6,0,30,16,gpu
6,0,41,16,gpu
6,0,79,16,gpu
6,0,86,16,gpu
6,0,105,16,gpu
6,0,112,16,gpu
6,0,125,16,pim
6,1,9,16,gpu
6,1,16,16,gpu
6,1,28,16,gpu
6,1,29,16,gpu
6,1,48,16,gpu
6,1,68,16,gpu
6,1,88,16,gpu
6,1,101,16,pim
6,2,23,16,gpu
6,2,25,16,gpu
6,2,44,16,gpu
6,2,56,16,gpu
6,2,71,16,gpu
6,2,72,16,gpu
6,2,74,16,gpu
6,2,126,16,pim
6,3,3,16,gpu
6,3,30,16,gpu
6,3,32,16,gpu
6,3,53,16,gpu
6,3,56,16,gpu
6,3,99,16,gpu
6,3,101,16,gpu
6,3,114,16,pim
6,4,12,16,gpu
6,4,19,16,gpu
6,4,26,16,gpu
6,4,60,16,gpu
6,4,64,16,gpu
6,4,65,16,gpu
6,4,100,16,gpu
6,4,108,16,pim
6,5,4,16,gpu
6,5,17,16,gpu
6,5,20,2,pim
6,5,46,16,gpu
6,5,63,16,gpu
6,5,65,16,gpu
6,5,73,16,gpu
6,5,95,14,pim
6,5,104,16,gpu
6,6,22,16,gpu
6,6,33,16,gpu
6,6,39,16,gpu
6,6,49,16,gpu
6,6,58,16,gpu
6,6,74,16,gpu
6,6,82,16,gpu
6,6,112,16,pim
6,7,15,16,gpu
6,7,19,16,gpu
6,7,24,4,pim
6,7,29,16,gpu
6,7,44,16,gpu
6,7,56,16,gpu
6,7,63,16,gpu
6,7,114,16,gpu
6,7,115,12,pim
6,8,11,16,gpu
6,8,17,16,gpu
6,8,22,16,gpu
6,8,45,16,gpu
6,8,50,16,gpu
6,8,85,16,gpu
6,8,100,16,gpu
6,8,124,16,pim
6,9,6,16,gpu
6,9,13,12,gpu
6,9,23,16,gpu
6,9,38,16,gpu
6,9,39,10,pim
6,9,63,12,gpu
6,9,66,14,gpu
6,9,67,16,gpu
6,9,92,16,gpu
6,10,1,16,gpu
6,10,5,16,gpu
6,10,6,16,gpu
6,10,19,16,gpu
6,10,36,16,gpu
6,10,42,16,gpu
6,10,48,16,gpu
6,10,66,5,pim
6,10,92,7,pim
6,10,98,4,pim
6,11,14,16,gpu
6,11,17,16,gpu
6,11,22,16,gpu
6,11,36,5,pim
6,11,52,16,gpu
6,11,62,16,gpu
6,11,76,4,pim
6,11,104,5,pim
6,11,108,2,pim
6,11,117,16,gpu
6,11,121,16,gpu
6,12,11,16,gpu
6,12,18,2,pim
6,12,19,16,gpu
6,12,20,12,pim
6,12,28,16,gpu
6,12,41,16,gpu
6,12,57,16,gpu
6,12,59,16,gpu
6,12,111,16,gpu
6,12,125,2,pim
6,13,11,2,pim
6,13,13,16,gpu
6,13,20,5,pim
6,13,34,16,gpu
6,13,52,16,gpu
6,13,84,16,gpu
6,13,93,16,gpu
6,13,104,16,gpu
6,13,110,16,gpu
6,13,117,9,pim
6,14,2,16,gpu
6,14,5,16,gpu
6,14,14,9,pim
6,14,24,16,gpu
6,14,61,16,gpu
6,14,66,7,pim
6,14,97,16,gpu
6,14,102,16,gpu
6,14,109,16,gpu
6,15,2,4,pim
6,15,58,16,gpu
6,15,63,16,gpu
6,15,64,16,gpu
6,15,79,16,gpu
6,15,84,16,gpu
6,15,111,16,gpu
6,15,122,12,pim
6,15,127,16,gpu
6,16,6,2,pim
6,16,42,16,gpu
6,16,46,4,pim
6,16,48,16,gpu
6,16,70,16,gpu
6,16,93,16,gpu
6,16,97,16,gpu
6,16,107,16,gpu
6,16,116,10,pim
6,16,122,16,gpu
6,17,73,15,gpu
6,17,75,16,gpu
6,17,80,16,gpu
6,17,90,11,pim
6,17,94,16,gpu
6,17,105,16,gpu
6,17,116,1,pim
6,17,122,16,gpu
6,17,123,5,pim
6,17,124,16,gpu
6,18,32,16,gpu
6,18,33,13,pim
6,18,58,16,gpu
6,18,74,16,gpu
6,18,82,16,gpu
6,18,91,15,gpu
6,18,104,4,pim
6,18,112,16,gpu
6,18,126,16,gpu
6,19,10,16,gpu
6,19,11,8,pim
6,19,28,16,gpu
6,19,29,16,gpu
6,19,32,4,pim
6,19,44,16,gpu
6,19,52,16,gpu
6,19,56,5,pim
6,19,63,15,gpu
6,19,92,16,gpu
6,20,0,16,gpu
6,20,45,14,gpu
6,20,48,14,gpu
6,20,76,16,gpu
6,20,85,16,gpu
6,20,92,16,gpu
6,20,108,1,pim
6,20,114,3,pim
6,20,123,16,gpu
6,20,124,16,gpu
6,21,2,16,gpu
6,21,6,12,gpu
6,21,11,16,gpu
6,21,32,16,gpu
6,21,38,16,gpu
6,21,39,14,gpu
6,21,44,16,gpu
6,21,63,16,gpu
6,21,115,5,pim
6,21,124,1,pim
6,22,1,16,gpu
6,22,36,16,gpu
6,22,42,16,gpu
6,22,48,16,gpu
6,22,71,16,gpu
6,22,75,16,gpu
6,22,89,16,gpu
6,22,122,16,pim
6,23,4,13,gpu
6,23,14,16,gpu
6,23,17,12,gpu
6,23,31,16,gpu
6,23,36,16,gpu
6,23,62,16,gpu
6,23,65,16,gpu
6,23,76,5,pim
6,23,108,2,pim
6,23,117,16,gpu
6,24,11,16,gpu
6,24,18,16,gpu
6,24,19,16,gpu
6,24,20,16,gpu
6,24,28,16,gpu
6,24,57,16,gpu
6,24,59,15,pim
6,24,101,1,pim
6,24,108,16,gpu
6,25,13,16,gpu
6,25,34,16,gpu
6,25,50,16,gpu
6,25,52,3,pim
6,25,72,16,gpu
6,25,84,16,gpu
6,25,86,15,gpu
6,25,87,14,pim
6,25,110,16,gpu
6,26,2,1,pim
6,26,5,11,gpu
6,26,24,16,gpu
6,26,27,16,gpu
6,26,29,6,pim
6,26,59,13,gpu
6,26,72,16,gpu
6,26,91,16,gpu
6,26,94,1,pim
6,26,97,16,gpu
6,26,113,16,gpu
6,27,15,16,gpu
6,27,63,16,gpu
6,27,64,16,gpu
6,27,79,16,gpu
6,27,84,16,gpu
6,27,111,16,gpu
6,27,118,16,gpu
6,27,122,16,pim
6,28,6,16,gpu
6,28,11,16,gpu
6,28,42,16,gpu
6,28,70,16,gpu
6,28,91,16,gpu
6,28,97,5,pim
6,28,98,16,gpu
6,28,107,11,pim
6,28,122,16,gpu
6,29,13,16,gpu
6,29,37,16,gpu
6,29,46,16,gpu
6,29,70,16,gpu
6,29,94,16,gpu
6,29,105,16,gpu
6,29,120,16,gpu
6,29,124,16,pim
6,30,6,16,gpu
6,30,25,16,gpu
6,30,33,5,pim
6,30,39,15,gpu
6,30,48,16,gpu
6,30,58,16,gpu
6,30,74,16,gpu
6,30,82,16,gpu
6,30,98,12,pim
6,31,2,2,pim
6,31,10,12,gpu
6,31,24,16,gpu
6,31,28,16,gpu
6,31,29,16,gpu
6,31,36,3,pim
6,31,38,1,pim
6,31,41,4,pim
6,31,44,16,gpu
6,31,59,10,gpu
6,31,63,16,gpu
6,31,115,16,gpu
6,32,0,16,gpu
6,32,48,16,gpu
6,32,72,16,gpu
6,32,85,16,gpu
6,32,90,16,gpu
6,32,108,16,gpu
6,32,113,16,gpu
6,32,124,16,pim
6,33,2,16,gpu
6,33,6,3,pim
6,33,13,16,gpu
6,33,32,16,gpu
6,33,38,15,gpu
6,33,39,14,pim
6,33,53,16,gpu
6,33,63,16,gpu
6,33,115,16,gpu
6,34,1,16,gpu
6,34,5,16,gpu
6,34,29,16,gpu
6,34,35,9,pim
6,34,36,16,gpu
6,34,42,16,gpu
6,34,75,16,gpu
6,34,84,2,pim
6,34,89,16,gpu
6,34,92,5,pim
6,35,6,16,gpu
6,35,31,16,gpu
6,35,32,6,pim
6,35,36,7,gpu
6,35,62,16,gpu
6,35,65,13,gpu
6,35,104,6,pim
6,35,110,16,gpu
6,35,117,16,gpu
6,35,120,16,gpu
6,36,11,16,gpu
6,36,18,16,gpu
6,36,19,16,gpu
6,36,20,16,gpu
6,36,57,16,gpu
6,36,59,16,gpu
6,36,62,16,gpu
6,36,101,16,pim
6,37,2,16,gpu
6,37,13,16,gpu
6,37,27,16,gpu
6,37,50,16,gpu
6,37,82,16,gpu
6,37,84,16,gpu
6,37,91,16,gpu
6,37,110,16,pim
6,38,2,16,gpu
6,38,16,16,gpu
6,38,24,16,gpu
6,38,29,1,pim
6,38,91,6,pim
6,38,102,16,gpu
6,38,108,9,pim
6,38,109,16,gpu
6,38,110,16,gpu
6,38,113,16,gpu
6,39,5,16,gpu
6,39,16,16,gpu
6,39,48,16,gpu
6,39,58,10,pim
6,39,63,12,gpu
6,39,72,16,gpu
6,39,79,2,pim
6,39,84,16,gpu
6,39,111,11,gpu
6,39,118,13,gpu
6,40,11,16,gpu
6,40,19,1,pim
6,40,48,16,gpu
6,40,69,15,pim
6,40,70,16,gpu
6,40,91,16,gpu
6,40,97,16,gpu
6,40,98,16,gpu
6,40,122,16,gpu
6,41,37,16,gpu
6,41,46,16,gpu
6,41,80,16,gpu
6,41,81,16,gpu
6,41,94,16,gpu
6,41,105,13,pim
6,41,116,3,pim
6,41,123,16,gpu
6,41,124,16,gpu
6,42,0,16,gpu
6,42,14,6,pim
6,42,30,16,gpu
6,42,58,7,pim
6,42,60,16,gpu
6,42,63,16,gpu
6,42,66,1,pim
6,42,70,16,gpu
6,42,76,16,gpu
6,42,106,2,pim
6,42,109,16,gpu
6,43,11,16,gpu
6,43,18,16,gpu
6,43,45,16,gpu
6,43,51,16,gpu
6,43,56,16,gpu
6,43,80,12,pim
6,43,94,4,pim
6,43,96,16,gpu
6,43,99,16,gpu
6,44,7,16,gpu
6,44,11,2,pim
6,44,12,16,gpu
6,44,15,16,gpu
6,44,79,16,gpu
6,44,99,16,gpu
6,44,103,16,gpu
6,44,104,16,gpu
6,44,119,14,pim
6,45,1,16,gpu
6,45,4,16,gpu
6,45,13,16,gpu
6,45,16,16,gpu
6,45,36,13,pim
6,45,53,16,gpu
6,45,58,16,gpu
6,45,76,1,pim
6,45,77,2,pim
6,45,92,16,gpu
6,46,4,16,gpu
6,46,13,16,gpu
6,46,29,16,gpu
6,46,42,16,gpu
6,46,46,16,gpu
6,46,48,16,gpu
6,46,81,16,gpu
6,46,102,16,pim
6,47,10,16,gpu
6,47,38,1,pim
6,47,46,15,gpu
6,47,51,14,pim
6,47,58,16,gpu
6,47,67,16,gpu
6,47,71,16,gpu
6,47,83,2,pim
6,47,108,16,gpu
6,47,110,16,gpu
7,0,23,16,gpu
7,0,66,16,gpu
7,0,70,16,gpu
7,0,77,16,gpu
7,0,86,16,gpu
7,0,87,16,gpu
7,0,91,16,gpu
7,0,112,16,pim
7,1,13,16,gpu
7,1,14,16,gpu
7,1,29,16,gpu
7,1,78,16,gpu
7,1,86,16,gpu
7,1,101,16,gpu
7,1,104,16,gpu
7,1,107,16,pim
7,2,15,16,gpu
7,2,23,16,gpu
7,2,56,16,gpu
7,2,64,16,gpu
7,2,71,16,gpu
7,2,72,16,gpu
7,2,115,16,gpu
7,2,119,16,pim
7,3,23,15,pim
7,3,32,1,pim
7,3,46,16,gpu
7,3,53,16,gpu
7,3,56,16,gpu
7,3,80,16,gpu
7,3,90,16,gpu
7,3,117,16,gpu
7,3,119,16,gpu
7,4,12,16,gpu
7,4,19,16,gpu
7,4,64,16,gpu
7,4,65,16,gpu
7,4,93,16,gpu
7,4,108,16,gpu
7,4,110,16,gpu
7,4,127,16,pim
7,5,4,16,gpu
7,5,6,2,pim
7,5,41,16,gpu
7,5,45,16,gpu
7,5,46,16,gpu
7,5,53,16,gpu
7,5,63,16,gpu
7,5,65,16,gpu
7,5,95,7,pim
7,5,120,7,pim
7,6,22,16,gpu
7,6,33,16,gpu
7,6,49,16,gpu
7,6,58,16,gpu
7,6,74,16,gpu
7,6,82,16,gpu
7,6,101,2,pim
7,6,116,16,gpu
7,6,121,14,pim
7,7,15,16,gpu
7,7,19,9,pim
7,7,24,16,gpu
7,7,29,16,gpu
7,7,44,16,gpu
7,7,52,16,gpu
7,7,63,16,gpu
7,7,114,16,gpu
7,7,125,7,pim
7,8,22,16,gpu
7,8,45,16,gpu
7,8,68,16,gpu
7,8,85,16,gpu
7,8,92,16,gpu
7,8,97,16,gpu
7,8,123,16,gpu
7,8,124,16,pim
7,9,6,16,gpu
7,9,13,16,gpu
7,9,23,16,gpu
7,9,38,16,gpu
7,9,67,16,gpu
7,9,69,16,gpu
7,9,92,16,gpu
7,9,95,16,pim
7,10,0,16,gpu
7,10,1,16,gpu
7,10,5,16,gpu
7,10,19,16,gpu
7,10,36,16,gpu
7,10,42,16,gpu
7,10,48,16,gpu
7,10,92,16,pim
7,11,14,16,gpu
7,11,15,16,gpu
7,11,17,16,gpu
7,11,52,16,gpu
7,11,62,16,gpu
7,11,81,16,gpu
7,11,110,16,gpu
7,11,121,16,pim
7,12,11,16,gpu
7,12,18,16,gpu
7,12,27,9,pim
7,12,37,16,gpu
7,12,41,16,gpu
7,12,57,16,gpu
7,12,85,7,pim
7,12,106,16,gpu
7,12,125,16,gpu
7,13,20,16,gpu
7,13,33,16,gpu
7,13,37,16,gpu
7,13,52,16,gpu
7,13,92,16,gpu
7,13,93,16,gpu
7,13,104,16,gpu
7,13,110,16,pim
7,14,2,16,gpu
7,14,5,16,gpu
7,14,9,16,gpu
7,14,24,16,gpu
7,14,29,16,gpu
7,14,61,16,gpu
7,14,92,16,gpu
7,14,109,16,pim
7,15,0,16,gpu
7,15,2,16,gpu
7,15,51,16,gpu
7,15,58,16,gpu
7,15,79,16,gpu
7,15,84,16,gpu
7,15,122,16,gpu
7,15,127,16,pim
7,16,23,16,gpu
7,16,42,16,gpu
7,16,48,16,gpu
7,16,91,16,gpu
7,16,93,16,gpu
7,16,97,16,gpu
7,16,98,16,gpu
7,16,122,16,pim
7,17,70,16,gpu
7,17,73,16,gpu
7,17,80,16,gpu
7,17,90,16,gpu
7,17,116,16,gpu
7,17,122,16,gpu
7,17,123,16,gpu
7,17,124,16,pim
7,18,25,16,gpu
7,18,58,16,gpu
7,18,74,16,gpu
7,18,82,16,gpu
7,18,91,16,gpu
7,18,107,16,gpu
7,18,112,16,gpu
7,18,126,16,pim
7,19,15,16,gpu
7,19,28,16,gpu
7,19,29,16,gpu
7,19,52,16,gpu
7,19,56,16,gpu
7,19,92,16,gpu
7,19,102,16,gpu
7,19,114,16,pim
7,20,45,16,gpu
7,20,51,16,gpu
7,20,68,16,gpu
7,20,76,16,gpu
7,20,85,16,gpu
7,20,92,16,gpu
7,20,114,16,gpu
7,20,123,16,pim
7,21,2,16,gpu
7,21,32,16,gpu
7,21,38,16,gpu
7,21,44,16,gpu
7,21,51,16,gpu
7,21,56,16,gpu
7,21,63,16,gpu
7,21,67,16,pim
7,22,0,2,pim
7,22,1,16,gpu
7,22,36,16,gpu
7,22,42,16,gpu
7,22,48,16,gpu
7,22,70,14,pim
7,22,71,16,gpu
7,22,75,16,gpu
7,22,77,16,gpu
7,23,6,16,gpu
7,23,14,16,gpu
7,23,15,16,gpu
7,23,17,16,gpu
7,23,31,16,gpu
7,23,48,16,gpu
7,23,110,16,gpu
7,23,121,16,pim
7,24,11,16,gpu
7,24,18,16,gpu
7,24,28,16,gpu
7,24,37,16,gpu
7,24,62,16,gpu
7,24,101,16,gpu
7,24,106,16,gpu
7,24,125,16,pim
7,25,13,11,gpu
7,25,34,9,pim
7,25,37,16,gpu
7,25,72,16,gpu
7,25,84,16,gpu
7,25,91,16,gpu
7,25,110,16,gpu
7,25,122,16,gpu
7,25,124,12,gpu
7,26,5,16,gpu
7,26,9,16,gpu
7,26,24,16,gpu
7,26,29,16,gpu
7,26,72,16,gpu
7,26,87,16,gpu
7,26,97,16,gpu
7,26,109,16,pim
7,27,2,16,gpu
7,27,14,7,pim
7,27,24,3,pim
7,27,26,16,gpu
7,27,33,1,pim
7,27,49,5,pim
7,27,51,16,gpu
7,27,84,16,gpu
7,27,99,16,gpu
7,27,102,16,gpu
7,27,118,16,gpu
7,28,23,16,gpu
7,28,42,16,gpu
7,28,48,13,pim
7,28,63,16,gpu
7,28,70,16,gpu
7,28,91,16,gpu
7,28,97,16,gpu
7,28,98,3,pim
7,28,122,16,gpu
7,29,13,16,gpu
7,29,14,16,gpu
7,29,34,16,gpu
7,29,37,16,gpu
7,29,51,16,gpu
7,29,70,16,gpu
7,29,120,16,gpu
7,29,124,16,pim
7,30,6,16,gpu
7,30,25,16,gpu
7,30,33,5,pim
7,30,39,16,gpu
7,30,48,16,gpu
7,30,58,16,gpu
7,30,79,16,gpu
7,30,82,16,gpu
7,30,93,6,pim
7,30,94,4,pim
7,30,126,1,pim
7,31,24,16,gpu
7,31,28,16,gpu
7,31,29,16,gpu
7,31,38,16,gpu
7,31,39,16,gpu
7,31,59,16,gpu
7,31,87,16,gpu
7,31,115,16,pim
7,32,5,16,gpu
7,32,18,16,gpu
7,32,24,16,gpu
7,32,48,16,gpu
7,32,51,16,gpu
7,32,72,1,pim
7,32,85,16,gpu
7,32,118,15,pim
7,32,124,16,gpu
7,33,6,10,gpu
7,33,13,14,gpu
7,33,38,7,pim
7,33,39,1,pim
7,33,44,16,gpu
7,33,53,16,gpu
7,33,56,16,gpu
7,33,63,16,gpu
7,33,67,16,gpu
7,33,115,16,gpu
7,34,1,16,gpu
7,34,5,16,gpu
7,34,36,16,gpu
7,34,42,16,gpu
7,34,70,16,gpu
7,34,75,16,gpu
7,34,77,16,gpu
7,34,92,16,pim
7,35,6,16,gpu
7,35,15,16,gpu
7,35,17,16,gpu
7,35,28,16,gpu
7,35,31,16,gpu
7,35,48,16,gpu
7,35,62,14,pim
7,35,77,2,pim
7,35,110,16,gpu
7,36,11,16,gpu
7,36,18,16,gpu
7,36,37,16,gpu
7,36,57,16,gpu
7,36,62,16,gpu
7,36,101,16,gpu
7,36,106,16,gpu
7,36,125,16,pim
7,37,13,16,gpu
7,37,27,16,gpu
7,37,36,16,gpu
7,37,37,16,gpu
7,37,72,16,gpu
7,37,82,16,gpu
7,37,91,16,gpu
7,37,110,16,pim
7,38,2,16,gpu
7,38,9,16,gpu
7,38,24,16,gpu
7,38,29,16,gpu
7,38,62,16,gpu
7,38,72,6,pim
7,38,97,10,pim
7,38,109,16,gpu
7,38,110,16,gpu
7,39,5,16,gpu
7,39,14,16,gpu
7,39,16,16,gpu
7,39,48,16,gpu
7,39,49,8,pim
7,39,51,16,gpu
7,39,58,10,gpu
7,39,84,16,gpu
7,39,118,14,gpu
7,40,4,10,pim
7,40,19,16,gpu
7,40,23,1,pim
7,40,48,16,gpu
7,40,50,5,pim
7,40,69,16,gpu
7,40,70,1,pim
7,40,91,16,gpu
7,40,105,16,gpu
7,40,122,16,gpu
7,40,123,15,gpu
7,41,49,16,gpu
7,41,51,16,gpu
7,41,58,16,gpu
7,41,80,16,gpu
7,41,81,16,gpu
7,41,100,16,gpu
7,41,116,16,gpu
7,41,124,16,pim
7,42,25,16,gpu
7,42,28,16,gpu
7,42,30,16,gpu
7,42,43,10,pim
7,42,63,16,gpu
7,42,76,16,gpu
7,42,88,16,gpu
7,42,115,6,pim
7,42,119,16,gpu
7,43,2,16,gpu
7,43,11,16,gpu
7,43,18,16,gpu
7,43,29,4,pim
7,43,37,4,pim
7,43,45,16,gpu
7,43,46,16,gpu
7,43,91,16,gpu
7,43,96,16,gpu
7,43,111,8,pim
7,44,2,16,gpu
7,44,12,16,gpu
7,44,15,16,gpu
7,44,49,16,gpu
7,44,79,16,gpu
7,44,104,16,gpu
7,44,112,16,gpu
7,44,113,16,pim
7,45,1,16,gpu
7,45,2,16,gpu
7,45,3,16,gpu
7,45,4,16,gpu
7,45,53,16,gpu
7,45,54,11,pim
7,45,60,5,pim
7,45,65,16,gpu
7,45,127,16,gpu
7,46,4,16,gpu
7,46,13,16,gpu
7,46,17,16,gpu
7,46,40,16,gpu
7,46,48,16,gpu
7,46,64,16,gpu
7,46,74,16,gpu
7,46,102,16,pim
7,47,39,16,gpu
7,47,41,16,gpu
7,47,45,16,gpu
7,47,46,16,gpu
7,47,54,16,gpu
7,47,58,16,gpu
7,47,79,16,gpu
7,47,110,16,pim
