variant,shape_key,shape,total_completion_us,baseline_total_completion_us,delta_total_completion_us,gpu_accepted_to_column_issue_mean_us,kv_accepted_to_column_issue_mean_us,gpu_injection_rejected_attempts,kv_injection_rejected_attempts
baseline-rb256-dual,086651f43deeb27c329b73ea5fdb2636c7cd239593e7acc1b658e39600fd7639,"{""gpu_read_transactions"": 0, ""kv_read_transactions"": 2097152, ""pim_gwrite_waves"": 0, ""pim_mac_waves"": 0, ""pim_read_waves"": 0}",20.662824,20.662824,0.0,0.0,0.32253767431640623,0,10458368
baseline-rb256-dual,0fc462e51034129a5d92c1202114715804695f13840a57af0c1faec0550e2aea,"{""gpu_read_transactions"": 2064384, ""kv_read_transactions"": 2097152, ""pim_gwrite_waves"": 1024, ""pim_mac_waves"": 384, ""pim_read_waves"": 4}",40.710072,40.710072,0.0,0.31873740476190476,0.333682857421875,10723328,10218368
baseline-rb256-dual,1b902657bc662f98c6776b4b7fe03d29366b5b588b8ce1d2b751943a5efed8a8,"{""gpu_read_transactions"": 2359296, ""kv_read_transactions"": 8388608, ""pim_gwrite_waves"": 0, ""pim_mac_waves"": 0, ""pim_read_waves"": 0}",107.276208,107.276208,0.0,0.31810788411458335,0.33492508264160153,12205312,43079936
baseline-rb256-dual,48b0cab302207be90ff4dae6f2bbb9fae82174adf9934ab09d10a3dc970f7903,"{""gpu_read_transactions"": 1179648, ""kv_read_transactions"": 2097152, ""pim_gwrite_waves"": 4096, ""pim_mac_waves"": 1536, ""pim_read_waves"": 16}",49.301928,49.301928,0.0,0.3134297630208333,0.33473090625,7828992,8695808
baseline-rb256-dual,52ccb710699d573f717b10f9f89d0a7e6287c632dfb3e3159a64e267549eee5f,"{""gpu_read_transactions"": 2359296, ""kv_read_transactions"": 0, ""pim_gwrite_waves"": 0, ""pim_mac_waves"": 0, ""pim_read_waves"": 0}",23.288616,23.288616,0.0,0.3234077877604167,0.0,11812096,0
baseline-rb256-dual,61a354e5410c6bc400a1b8d3592198586eb22ba9a4a79bb194fb02114ba4fe0f,"{""gpu_read_transactions"": 1179648, ""kv_read_transactions"": 0, ""pim_gwrite_waves"": 8192, ""pim_mac_waves"": 3072, ""pim_read_waves"": 32}",98.535528,98.535528,0.0,0.31279692708333334,0.0,5655552,0
baseline-rb256-dual,6ac70e80a43138efda6468880d2247d1b954ba6a0caf3846af8f69cdc438dbf3,"{""gpu_read_transactions"": 2359296, ""kv_read_transactions"": 4194304, ""pim_gwrite_waves"": 0, ""pim_mac_waves"": 0, ""pim_read_waves"": 0}",64.851696,64.851696,0.0,0.31772892057291663,0.3357748894042969,12372736,20993536
baseline-rb256-dual,721d1ffbcce835c31d643e3ffad679cfa42c3ac840b91dc3a8f84338dbc69245,"{""gpu_read_transactions"": 2064384, ""kv_read_transactions"": 0, ""pim_gwrite_waves"": 2048, ""pim_mac_waves"": 768, ""pim_read_waves"": 8}",24.661104,24.661104,0.0,0.32232035565476186,0.0,10305152,0
baseline-rb256-dual,7481f917e97e1db6760f8506ae31d31cbe4c6a1a0469acad5569d337ef33c8ce,"{""gpu_read_transactions"": 2064384, ""kv_read_transactions"": 4194304, ""pim_gwrite_waves"": 1024, ""pim_mac_waves"": 384, ""pim_read_waves"": 4}",61.883016,61.883016,0.0,0.3180559880952381,0.33410700146484373,11127168,20745472
baseline-rb256-dual,987be3fda115241bbe194b830e0005589b32a70b6852bfd1ae7b3abd93502d71,"{""gpu_read_transactions"": 1179648, ""kv_read_transactions"": 8388608, ""pim_gwrite_waves"": 4096, ""pim_mac_waves"": 1536, ""pim_read_waves"": 16}",95.2926,95.2926,0.0,0.3036494973958333,0.3333908192138672,16914432,32287744
baseline-rb256-dual,a57657f8f60627c0b42bc8893efddef5de1d5c4d963625a8d6ddb8a4c5765bb1,"{""gpu_read_transactions"": 1179648, ""kv_read_transactions"": 0, ""pim_gwrite_waves"": 4096, ""pim_mac_waves"": 1536, ""pim_read_waves"": 16}",49.28508,49.28508,0.0,0.31299087760416666,0.0,5658112,0
baseline-rb256-dual,a69e6d5251ebb1936b42ad0ed5eac084d5e705c93ce4529f6ca527bd16cca2ce,"{""gpu_read_transactions"": 2064384, ""kv_read_transactions"": 8388608, ""pim_gwrite_waves"": 1024, ""pim_mac_waves"": 384, ""pim_read_waves"": 4}",104.280384,104.280384,0.0,0.3177755788690476,0.33415464221191404,10831104,42949376
baseline-rb256-dual,a6fb6210aaef4eefd3cf865a407e648d37fa1dce41ab0a5618cb76989bc07b14,"{""gpu_read_transactions"": 0, ""kv_read_transactions"": 4194304, ""pim_gwrite_waves"": 0, ""pim_mac_waves"": 0, ""pim_read_waves"": 0}",41.860104,41.860104,0.0,0.0,0.3283321926269531,0,21390848
baseline-rb256-dual,c2804e40610e68d4510163daa20ec4d6ef40aa53468413b1aed624dbbe747444,"{""gpu_read_transactions"": 1179648, ""kv_read_transactions"": 4194304, ""pim_gwrite_waves"": 4096, ""pim_mac_waves"": 1536, ""pim_read_waves"": 16}",53.350752,53.350752,0.0,0.31011550781249997,0.3343011921386719,11250560,16194048
baseline-rb256-dual,c3898dba0eadc0cc0f7933a1ff3a0c21b9bb856f4cdb0894aa3710cfa4930c34,"{""gpu_read_transactions"": 0, ""kv_read_transactions"": 8388608, ""pim_gwrite_waves"": 0, ""pim_mac_waves"": 0, ""pim_read_waves"": 0}",84.240936,84.240936,0.0,0.0,0.33113111389160155,0,43291904
baseline-rb256-dual,cc5fa2d380d97dda182ca3a78f37d544a336823837d178ae929ee4c6cd5711c3,"{""gpu_read_transactions"": 2064384, ""kv_read_transactions"": 8388608, ""pim_gwrite_waves"": 2048, ""pim_mac_waves"": 768, ""pim_read_waves"": 8}",103.918152,103.918152,0.0,0.314688775297619,0.3335631104736328,10588416,43084672
baseline-rb256-dual,cdcaff2fdb04a5fd6014e8c0bdd542bbe1943c614df1ba1d737f25dbeb4bf2a9,"{""gpu_read_transactions"": 2359296, ""kv_read_transactions"": 2097152, ""pim_gwrite_waves"": 0, ""pim_mac_waves"": 0, ""pim_read_waves"": 0}",43.688112,43.688112,0.0,0.31920325260416665,0.335244609375,11839744,10590336
baseline-rb256-dual,cdf700c1a76b5dbd55ae7847ef3095b4b4175691e5eb606f84bace92efe889c5,"{""gpu_read_transactions"": 1179648, ""kv_read_transactions"": 8388608, ""pim_gwrite_waves"": 8192, ""pim_mac_waves"": 3072, ""pim_read_waves"": 32}",98.559552,98.559552,0.0,0.30814509375000004,0.33457678674316405,15931776,33453056
baseline-rb256-dual,f6613ee99fd29306ac38ed1dfcddb7a9f4a11b218a49024de13b5a74d1e87881,"{""gpu_read_transactions"": 2064384, ""kv_read_transactions"": 0, ""pim_gwrite_waves"": 1024, ""pim_mac_waves"": 384, ""pim_read_waves"": 4}",20.298408,20.298408,0.0,0.3218815476190476,0.0,10291840,0
rb128-dual,086651f43deeb27c329b73ea5fdb2636c7cd239593e7acc1b658e39600fd7639,"{""gpu_read_transactions"": 0, ""kv_read_transactions"": 2097152, ""pim_gwrite_waves"": 0, ""pim_mac_waves"": 0, ""pim_read_waves"": 0}",20.87124,20.662824,0.2084159999999997,0.0,0.16392448388671876,0,10664704
rb128-dual,0fc462e51034129a5d92c1202114715804695f13840a57af0c1faec0550e2aea,"{""gpu_read_transactions"": 2064384, ""kv_read_transactions"": 2097152, ""pim_gwrite_waves"": 1024, ""pim_mac_waves"": 384, ""pim_read_waves"": 4}",41.817048,40.710072,1.106976000000003,0.16393000000000002,0.17920242919921875,10228864,11524608
rb128-dual,1b902657bc662f98c6776b4b7fe03d29366b5b588b8ce1d2b751943a5efed8a8,"{""gpu_read_transactions"": 2359296, ""kv_read_transactions"": 8388608, ""pim_gwrite_waves"": 0, ""pim_mac_waves"": 0, ""pim_read_waves"": 0}",108.311736,107.276208,1.0355279999999993,0.1646280390625,0.17043929772949218,26298496,29773184
rb128-dual,48b0cab302207be90ff4dae6f2bbb9fae82174adf9934ab09d10a3dc970f7903,"{""gpu_read_transactions"": 1179648, ""kv_read_transactions"": 2097152, ""pim_gwrite_waves"": 4096, ""pim_mac_waves"": 1536, ""pim_read_waves"": 16}",49.313472,49.301928,0.011544000000000665,0.16328605989583334,0.173697697265625,6643968,10359296
rb128-dual,52ccb710699d573f717b10f9f89d0a7e6287c632dfb3e3159a64e267549eee5f,"{""gpu_read_transactions"": 2359296, ""kv_read_transactions"": 0, ""pim_gwrite_waves"": 0, ""pim_mac_waves"": 0, ""pim_read_waves"": 0}",23.49204,23.288616,0.20342399999999827,0.1640547356770833,0.0,12015360,0
rb128-dual,61a354e5410c6bc400a1b8d3592198586eb22ba9a4a79bb194fb02114ba4fe0f,"{""gpu_read_transactions"": 1179648, ""kv_read_transactions"": 0, ""pim_gwrite_waves"": 8192, ""pim_mac_waves"": 3072, ""pim_read_waves"": 32}",98.535528,98.535528,0.0,0.16123429427083333,0.0,5877760,0
rb128-dual,6ac70e80a43138efda6468880d2247d1b954ba6a0caf3846af8f69cdc438dbf3,"{""gpu_read_transactions"": 2359296, ""kv_read_transactions"": 4194304, ""pim_gwrite_waves"": 0, ""pim_mac_waves"": 0, ""pim_read_waves"": 0}",66.054456,64.851696,1.2027599999999978,0.1646280390625,0.17410911108398439,17630336,16631168
rb128-dual,721d1ffbcce835c31d643e3ffad679cfa42c3ac840b91dc3a8f84338dbc69245,"{""gpu_read_transactions"": 2064384, ""kv_read_transactions"": 0, ""pim_gwrite_waves"": 2048, ""pim_mac_waves"": 768, ""pim_read_waves"": 8}",24.66048,24.661104,-0.0006240000000019563,0.16445001934523812,0.0,10546048,0
rb128-dual,7481f917e97e1db6760f8506ae31d31cbe4c6a1a0469acad5569d337ef33c8ce,"{""gpu_read_transactions"": 2064384, ""kv_read_transactions"": 4194304, ""pim_gwrite_waves"": 1024, ""pim_mac_waves"": 384, ""pim_read_waves"": 4}",63.01308,61.883016,1.1300640000000044,0.16483574404761903,0.17287098486328126,14439296,18259584
rb128-dual,987be3fda115241bbe194b830e0005589b32a70b6852bfd1ae7b3abd93502d71,"{""gpu_read_transactions"": 1179648, ""kv_read_transactions"": 8388608, ""pim_gwrite_waves"": 4096, ""pim_mac_waves"": 1536, ""pim_read_waves"": 16}",96.130008,95.2926,0.8374080000000106,0.1599843984375,0.1687078634033203,13622144,36155776
rb128-dual,a57657f8f60627c0b42bc8893efddef5de1d5c4d963625a8d6ddb8a4c5765bb1,"{""gpu_read_transactions"": 1179648, ""kv_read_transactions"": 0, ""pim_gwrite_waves"": 4096, ""pim_mac_waves"": 1536, ""pim_read_waves"": 16}",49.285392,49.28508,0.00031200000000097816,0.16139750520833332,0.0,5882240,0
rb128-dual,a69e6d5251ebb1936b42ad0ed5eac084d5e705c93ce4529f6ca527bd16cca2ce,"{""gpu_read_transactions"": 2064384, ""kv_read_transactions"": 8388608, ""pim_gwrite_waves"": 1024, ""pim_mac_waves"": 384, ""pim_read_waves"": 4}",105.27036,104.280384,0.9899759999999986,0.16483574404761903,0.16982023461914061,23107456,31401600
rb128-dual,a6fb6210aaef4eefd3cf865a407e648d37fa1dce41ab0a5618cb76989bc07b14,"{""gpu_read_transactions"": 0, ""kv_read_transactions"": 4194304, ""pim_gwrite_waves"": 0, ""pim_mac_waves"": 0, ""pim_read_waves"": 0}",42.032328,41.860104,0.17222399999999993,0.0,0.16551425756835939,0,21589760
rb128-dual,c2804e40610e68d4510163daa20ec4d6ef40aa53468413b1aed624dbbe747444,"{""gpu_read_transactions"": 1179648, ""kv_read_transactions"": 4194304, ""pim_gwrite_waves"": 4096, ""pim_mac_waves"": 1536, ""pim_read_waves"": 16}",54.1008,53.350752,0.7500479999999996,0.16261930208333333,0.17072517553710936,8538112,19447424
rb128-dual,c3898dba0eadc0cc0f7933a1ff3a0c21b9bb856f4cdb0894aa3710cfa4930c34,"{""gpu_read_transactions"": 0, ""kv_read_transactions"": 8388608, ""pim_gwrite_waves"": 0, ""pim_mac_waves"": 0, ""pim_read_waves"": 0}",84.289608,84.240936,0.048671999999996274,0.0,0.16614187097167968,0,43399936
rb128-dual,cc5fa2d380d97dda182ca3a78f37d544a336823837d178ae929ee4c6cd5711c3,"{""gpu_read_transactions"": 2064384, ""kv_read_transactions"": 8388608, ""pim_gwrite_waves"": 2048, ""pim_mac_waves"": 768, ""pim_read_waves"": 8}",104.907816,103.918152,0.9896639999999906,0.16294681696428573,0.16965505590820312,23132032,31244800
rb128-dual,cdcaff2fdb04a5fd6014e8c0bdd542bbe1943c614df1ba1d737f25dbeb4bf2a9,"{""gpu_read_transactions"": 2359296, ""kv_read_transactions"": 2097152, ""pim_gwrite_waves"": 0, ""pim_mac_waves"": 0, ""pim_read_waves"": 0}",44.951712,43.688112,1.2636000000000038,0.16519655208333334,0.1795157431640625,13625088,9678720
rb128-dual,cdf700c1a76b5dbd55ae7847ef3095b4b4175691e5eb606f84bace92efe889c5,"{""gpu_read_transactions"": 1179648, ""kv_read_transactions"": 8388608, ""pim_gwrite_waves"": 8192, ""pim_mac_waves"": 3072, ""pim_read_waves"": 32}",98.568912,98.559552,0.009360000000000923,0.16049370052083334,0.16904230078125,11283712,38513792
rb128-dual,f6613ee99fd29306ac38ed1dfcddb7a9f4a11b218a49024de13b5a74d1e87881,"{""gpu_read_transactions"": 2064384, ""kv_read_transactions"": 0, ""pim_gwrite_waves"": 1024, ""pim_mac_waves"": 384, ""pim_read_waves"": 4}",20.607912,20.298408,0.30950400000000045,0.16444943898809525,0.0,10551296,0
rb256-single,086651f43deeb27c329b73ea5fdb2636c7cd239593e7acc1b658e39600fd7639,"{""gpu_read_transactions"": 0, ""kv_read_transactions"": 2097152, ""pim_gwrite_waves"": 0, ""pim_mac_waves"": 0, ""pim_read_waves"": 0}",20.662824,20.662824,0.0,0.0,0.32253767431640623,0,10458368
rb256-single,0fc462e51034129a5d92c1202114715804695f13840a57af0c1faec0550e2aea,"{""gpu_read_transactions"": 2064384, ""kv_read_transactions"": 2097152, ""pim_gwrite_waves"": 1024, ""pim_mac_waves"": 384, ""pim_read_waves"": 4}",53.046864,40.710072,12.336792000000003,0.3166275744047619,0.3357441826171875,10884608,10010496
rb256-single,1b902657bc662f98c6776b4b7fe03d29366b5b588b8ce1d2b751943a5efed8a8,"{""gpu_read_transactions"": 2359296, ""kv_read_transactions"": 8388608, ""pim_gwrite_waves"": 0, ""pim_mac_waves"": 0, ""pim_read_waves"": 0}",107.276208,107.276208,0.0,0.31810788411458335,0.33492508264160153,12205312,43079936
rb256-single,48b0cab302207be90ff4dae6f2bbb9fae82174adf9934ab09d10a3dc970f7903,"{""gpu_read_transactions"": 1179648, ""kv_read_transactions"": 2097152, ""pim_gwrite_waves"": 4096, ""pim_mac_waves"": 1536, ""pim_read_waves"": 16}",80.132832,49.301928,30.830903999999997,0.31176518750000004,0.39070552294921873,8080128,10465408
rb256-single,52ccb710699d573f717b10f9f89d0a7e6287c632dfb3e3159a64e267549eee5f,"{""gpu_read_transactions"": 2359296, ""kv_read_transactions"": 0, ""pim_gwrite_waves"": 0, ""pim_mac_waves"": 0, ""pim_read_waves"": 0}",23.288616,23.288616,0.0,0.3234077877604167,0.0,11812096,0
rb256-single,61a354e5410c6bc400a1b8d3592198586eb22ba9a4a79bb194fb02114ba4fe0f,"{""gpu_read_transactions"": 1179648, ""kv_read_transactions"": 0, ""pim_gwrite_waves"": 8192, ""pim_mac_waves"": 3072, ""pim_read_waves"": 32}",108.169776,98.535528,9.634248,0.4434129375,0.0,8413440,0
rb256-single,6ac70e80a43138efda6468880d2247d1b954ba6a0caf3846af8f69cdc438dbf3,"{""gpu_read_transactions"": 2359296, ""kv_read_transactions"": 4194304, ""pim_gwrite_waves"": 0, ""pim_mac_waves"": 0, ""pim_read_waves"": 0}",64.851696,64.851696,0.0,0.31772892057291663,0.3357748894042969,12372736,20993536
rb256-single,721d1ffbcce835c31d643e3ffad679cfa42c3ac840b91dc3a8f84338dbc69245,"{""gpu_read_transactions"": 2064384, ""kv_read_transactions"": 0, ""pim_gwrite_waves"": 2048, ""pim_mac_waves"": 768, ""pim_read_waves"": 8}",34.682856,24.661104,10.021752,0.3890097366071429,0.0,13439872,0
rb256-single,7481f917e97e1db6760f8506ae31d31cbe4c6a1a0469acad5569d337ef33c8ce,"{""gpu_read_transactions"": 2064384, ""kv_read_transactions"": 4194304, ""pim_gwrite_waves"": 1024, ""pim_mac_waves"": 384, ""pim_read_waves"": 4}",64.244856,61.883016,2.361840000000001,0.3161831369047619,0.35412307543945315,14130560,19543552
rb256-single,987be3fda115241bbe194b830e0005589b32a70b6852bfd1ae7b3abd93502d71,"{""gpu_read_transactions"": 1179648, ""kv_read_transactions"": 8388608, ""pim_gwrite_waves"": 4096, ""pim_mac_waves"": 1536, ""pim_read_waves"": 16}",104.871624,95.2926,9.579024000000004,0.303366375,0.37212773583984377,16897408,39500288
rb256-single,a57657f8f60627c0b42bc8893efddef5de1d5c4d963625a8d6ddb8a4c5765bb1,"{""gpu_read_transactions"": 1179648, ""kv_read_transactions"": 0, ""pim_gwrite_waves"": 4096, ""pim_mac_waves"": 1536, ""pim_read_waves"": 16}",58.918704,49.28508,9.633623999999998,0.4434129375,0.0,8413440,0
rb256-single,a69e6d5251ebb1936b42ad0ed5eac084d5e705c93ce4529f6ca527bd16cca2ce,"{""gpu_read_transactions"": 2064384, ""kv_read_transactions"": 8388608, ""pim_gwrite_waves"": 1024, ""pim_mac_waves"": 384, ""pim_read_waves"": 4}",106.407288,104.280384,2.126903999999996,0.31340676636904763,0.3438930402832031,21947264,33706880
rb256-single,a6fb6210aaef4eefd3cf865a407e648d37fa1dce41ab0a5618cb76989bc07b14,"{""gpu_read_transactions"": 0, ""kv_read_transactions"": 4194304, ""pim_gwrite_waves"": 0, ""pim_mac_waves"": 0, ""pim_read_waves"": 0}",41.860104,41.860104,0.0,0.0,0.3283321926269531,0,21390848
rb256-single,c2804e40610e68d4510163daa20ec4d6ef40aa53468413b1aed624dbbe747444,"{""gpu_read_transactions"": 1179648, ""kv_read_transactions"": 4194304, ""pim_gwrite_waves"": 4096, ""pim_mac_waves"": 1536, ""pim_read_waves"": 16}",90.616032,53.350752,37.265280000000004,0.312702609375,0.3965289580078125,12152192,20803072
rb256-single,c3898dba0eadc0cc0f7933a1ff3a0c21b9bb856f4cdb0894aa3710cfa4930c34,"{""gpu_read_transactions"": 0, ""kv_read_transactions"": 8388608, ""pim_gwrite_waves"": 0, ""pim_mac_waves"": 0, ""pim_read_waves"": 0}",84.240936,84.240936,0.0,0.0,0.33113111389160155,0,43291904
rb256-single,cc5fa2d380d97dda182ca3a78f37d544a336823837d178ae929ee4c6cd5711c3,"{""gpu_read_transactions"": 2064384, ""kv_read_transactions"": 8388608, ""pim_gwrite_waves"": 2048, ""pim_mac_waves"": 768, ""pim_read_waves"": 8}",108.513912,103.918152,4.5957599999999985,0.3112609732142857,0.35304851403808596,19901184,37613184
rb256-single,cdcaff2fdb04a5fd6014e8c0bdd542bbe1943c614df1ba1d737f25dbeb4bf2a9,"{""gpu_read_transactions"": 2359296, ""kv_read_transactions"": 2097152, ""pim_gwrite_waves"": 0, ""pim_mac_waves"": 0, ""pim_read_waves"": 0}",43.688112,43.688112,0.0,0.31920325260416665,0.335244609375,11839744,10590336
rb256-single,cdf700c1a76b5dbd55ae7847ef3095b4b4175691e5eb606f84bace92efe889c5,"{""gpu_read_transactions"": 1179648, ""kv_read_transactions"": 8388608, ""pim_gwrite_waves"": 8192, ""pim_mac_waves"": 3072, ""pim_read_waves"": 32}",160.670952,98.559552,62.1114,0.30971409895833335,0.398841650390625,19069696,42578816
rb256-single,f6613ee99fd29306ac38ed1dfcddb7a9f4a11b218a49024de13b5a74d1e87881,"{""gpu_read_transactions"": 2064384, ""kv_read_transactions"": 0, ""pim_gwrite_waves"": 1024, ""pim_mac_waves"": 384, ""pim_read_waves"": 4}",22.625616,20.298408,2.3272080000000024,0.36042616071428574,0.0,12114048,0
rb32-dual,086651f43deeb27c329b73ea5fdb2636c7cd239593e7acc1b658e39600fd7639,"{""gpu_read_transactions"": 0, ""kv_read_transactions"": 2097152, ""pim_gwrite_waves"": 0, ""pim_mac_waves"": 0, ""pim_read_waves"": 0}",21.223176,20.662824,0.5603519999999982,0.0,0.042261603515625,0,10940672
rb32-dual,0fc462e51034129a5d92c1202114715804695f13840a57af0c1faec0550e2aea,"{""gpu_read_transactions"": 2064384, ""kv_read_transactions"": 2097152, ""pim_gwrite_waves"": 1024, ""pim_mac_waves"": 384, ""pim_read_waves"": 4}",85.840872,40.710072,45.13080000000001,0.08930905208333333,0.1076019521484375,19671936,24204160
rb32-dual,1b902657bc662f98c6776b4b7fe03d29366b5b588b8ce1d2b751943a5efed8a8,"{""gpu_read_transactions"": 2359296, ""kv_read_transactions"": 8388608, ""pim_gwrite_waves"": 0, ""pim_mac_waves"": 0, ""pim_read_waves"": 0}",132.228408,107.276208,24.952200000000005,0.06966034765625001,0.051393682983398435,36697984,33884160
rb32-dual,48b0cab302207be90ff4dae6f2bbb9fae82174adf9934ab09d10a3dc970f7903,"{""gpu_read_transactions"": 1179648, ""kv_read_transactions"": 2097152, ""pim_gwrite_waves"": 4096, ""pim_mac_waves"": 1536, ""pim_read_waves"": 16}",49.33188,49.301928,0.029952000000001533,0.06770897656250001,0.06122183056640625,11148544,13099904
rb32-dual,52ccb710699d573f717b10f9f89d0a7e6287c632dfb3e3159a64e267549eee5f,"{""gpu_read_transactions"": 2359296, ""kv_read_transactions"": 0, ""pim_gwrite_waves"": 0, ""pim_mac_waves"": 0, ""pim_read_waves"": 0}",23.863944,23.288616,0.575327999999999,0.0422231875,0.0,12302848,0
rb32-dual,61a354e5410c6bc400a1b8d3592198586eb22ba9a4a79bb194fb02114ba4fe0f,"{""gpu_read_transactions"": 1179648, ""kv_read_transactions"": 0, ""pim_gwrite_waves"": 8192, ""pim_mac_waves"": 3072, ""pim_read_waves"": 32}",98.536464,98.535528,0.0009359999999958291,0.041978692708333334,0.0,6111232,0
rb32-dual,6ac70e80a43138efda6468880d2247d1b954ba6a0caf3846af8f69cdc438dbf3,"{""gpu_read_transactions"": 2359296, ""kv_read_transactions"": 4194304, ""pim_gwrite_waves"": 0, ""pim_mac_waves"": 0, ""pim_read_waves"": 0}",89.661624,64.851696,24.809928,0.06966027994791667,0.06035024340820312,27965824,20614912
rb32-dual,721d1ffbcce835c31d643e3ffad679cfa42c3ac840b91dc3a8f84338dbc69245,"{""gpu_read_transactions"": 2064384, ""kv_read_transactions"": 0, ""pim_gwrite_waves"": 2048, ""pim_mac_waves"": 768, ""pim_read_waves"": 8}",24.661104,24.661104,0.0,0.04252452827380952,0.0,10831104,0
rb32-dual,7481f917e97e1db6760f8506ae31d31cbe4c6a1a0469acad5569d337ef33c8ce,"{""gpu_read_transactions"": 2064384, ""kv_read_transactions"": 4194304, ""pim_gwrite_waves"": 1024, ""pim_mac_waves"": 384, ""pim_read_waves"": 4}",83.632224,61.883016,21.749207999999996,0.06951229613095238,0.058148923828125,16746624,28502016
rb32-dual,987be3fda115241bbe194b830e0005589b32a70b6852bfd1ae7b3abd93502d71,"{""gpu_read_transactions"": 1179648, ""kv_read_transactions"": 8388608, ""pim_gwrite_waves"": 4096, ""pim_mac_waves"": 1536, ""pim_read_waves"": 16}",108.363216,95.2926,13.070616000000001,0.06842915625,0.04700530224609375,14832384,42437248
rb32-dual,a57657f8f60627c0b42bc8893efddef5de1d5c4d963625a8d6ddb8a4c5765bb1,"{""gpu_read_transactions"": 1179648, ""kv_read_transactions"": 0, ""pim_gwrite_waves"": 4096, ""pim_mac_waves"": 1536, ""pim_read_waves"": 16}",49.286016,49.28508,0.0009359999999958291,0.042007333333333334,0.0,6114560,0
rb32-dual,a69e6d5251ebb1936b42ad0ed5eac084d5e705c93ce4529f6ca527bd16cca2ce,"{""gpu_read_transactions"": 2064384, ""kv_read_transactions"": 8388608, ""pim_gwrite_waves"": 1024, ""pim_mac_waves"": 384, ""pim_read_waves"": 4}",149.738472,104.280384,45.458088000000004,0.08930905208333333,0.05876150756835938,19671936,57234304
rb32-dual,a6fb6210aaef4eefd3cf865a407e648d37fa1dce41ab0a5618cb76989bc07b14,"{""gpu_read_transactions"": 0, ""kv_read_transactions"": 4194304, ""pim_gwrite_waves"": 0, ""pim_mac_waves"": 0, ""pim_read_waves"": 0}",42.553992,41.860104,0.6938880000000012,0.0,0.04241568017578125,0,21969408
rb32-dual,c2804e40610e68d4510163daa20ec4d6ef40aa53468413b1aed624dbbe747444,"{""gpu_read_transactions"": 1179648, ""kv_read_transactions"": 4194304, ""pim_gwrite_waves"": 4096, ""pim_mac_waves"": 1536, ""pim_read_waves"": 16}",65.840112,53.350752,12.489360000000005,0.06640731770833334,0.05216405200195313,13088384,22164480
rb32-dual,c3898dba0eadc0cc0f7933a1ff3a0c21b9bb856f4cdb0894aa3710cfa4930c34,"{""gpu_read_transactions"": 0, ""kv_read_transactions"": 8388608, ""pim_gwrite_waves"": 0, ""pim_mac_waves"": 0, ""pim_read_waves"": 0}",85.120776,84.240936,0.8798400000000015,0.0,0.04242642041015625,0,43970816
rb32-dual,cc5fa2d380d97dda182ca3a78f37d544a336823837d178ae929ee4c6cd5711c3,"{""gpu_read_transactions"": 2064384, ""kv_read_transactions"": 8388608, ""pim_gwrite_waves"": 2048, ""pim_mac_waves"": 768, ""pim_read_waves"": 8}",125.451456,103.918152,21.533303999999987,0.06850328720238096,0.05022768200683594,32307328,34623616
rb32-dual,cdcaff2fdb04a5fd6014e8c0bdd542bbe1943c614df1ba1d737f25dbeb4bf2a9,"{""gpu_read_transactions"": 2359296, ""kv_read_transactions"": 2097152, ""pim_gwrite_waves"": 0, ""pim_mac_waves"": 0, ""pim_read_waves"": 0}",65.817648,43.688112,22.12953600000001,0.06677355208333333,0.07415398681640625,22999808,13001472
rb32-dual,cdf700c1a76b5dbd55ae7847ef3095b4b4175691e5eb606f84bace92efe889c5,"{""gpu_read_transactions"": 1179648, ""kv_read_transactions"": 8388608, ""pim_gwrite_waves"": 8192, ""pim_mac_waves"": 3072, ""pim_read_waves"": 32}",108.545736,98.559552,9.986184000000009,0.06757819791666667,0.047198655029296877,17671424,39734272
rb32-dual,f6613ee99fd29306ac38ed1dfcddb7a9f4a11b218a49024de13b5a74d1e87881,"{""gpu_read_transactions"": 2064384, ""kv_read_transactions"": 0, ""pim_gwrite_waves"": 1024, ""pim_mac_waves"": 384, ""pim_read_waves"": 4}",20.965152,20.298408,0.6667440000000013,0.042423004464285714,0.0,10824704,0
rb64-dual,086651f43deeb27c329b73ea5fdb2636c7cd239593e7acc1b658e39600fd7639,"{""gpu_read_transactions"": 0, ""kv_read_transactions"": 2097152, ""pim_gwrite_waves"": 0, ""pim_mac_waves"": 0, ""pim_read_waves"": 0}",20.994792,20.662824,0.3319679999999998,0.0,0.0829314814453125,0,10780416
rb64-dual,0fc462e51034129a5d92c1202114715804695f13840a57af0c1faec0550e2aea,"{""gpu_read_transactions"": 2064384, ""kv_read_transactions"": 2097152, ""pim_gwrite_waves"": 1024, ""pim_mac_waves"": 384, ""pim_read_waves"": 4}",46.117656,40.710072,5.407584,0.09195039285714286,0.1056444111328125,12475392,12066688
rb64-dual,1b902657bc662f98c6776b4b7fe03d29366b5b588b8ce1d2b751943a5efed8a8,"{""gpu_read_transactions"": 2359296, ""kv_read_transactions"": 8388608, ""pim_gwrite_waves"": 0, ""pim_mac_waves"": 0, ""pim_read_waves"": 0}",113.583912,107.276208,6.307704000000001,0.09334997005208333,0.09009149963378907,13474304,45912832
rb64-dual,48b0cab302207be90ff4dae6f2bbb9fae82174adf9934ab09d10a3dc970f7903,"{""gpu_read_transactions"": 1179648, ""kv_read_transactions"": 2097152, ""pim_gwrite_waves"": 4096, ""pim_mac_waves"": 1536, ""pim_read_waves"": 16}",49.321272,49.301928,0.019344000000003803,0.09107133072916668,0.0958079560546875,8025344,10459520
rb64-dual,52ccb710699d573f717b10f9f89d0a7e6287c632dfb3e3159a64e267549eee5f,"{""gpu_read_transactions"": 2359296, ""kv_read_transactions"": 0, ""pim_gwrite_waves"": 0, ""pim_mac_waves"": 0, ""pim_read_waves"": 0}",23.615592,23.288616,0.3269759999999984,0.08291423697916667,0.0,12131072,0
rb64-dual,61a354e5410c6bc400a1b8d3592198586eb22ba9a4a79bb194fb02114ba4fe0f,"{""gpu_read_transactions"": 1179648, ""kv_read_transactions"": 0, ""pim_gwrite_waves"": 8192, ""pim_mac_waves"": 3072, ""pim_read_waves"": 32}",98.535528,98.535528,0.0,0.08215681770833333,0.0,5997568,0
rb64-dual,6ac70e80a43138efda6468880d2247d1b954ba6a0caf3846af8f69cdc438dbf3,"{""gpu_read_transactions"": 2359296, ""kv_read_transactions"": 4194304, ""pim_gwrite_waves"": 0, ""pim_mac_waves"": 0, ""pim_read_waves"": 0}",71.326632,64.851696,6.474936,0.09334997005208333,0.09649913012695313,13474304,24102656
rb64-dual,721d1ffbcce835c31d643e3ffad679cfa42c3ac840b91dc3a8f84338dbc69245,"{""gpu_read_transactions"": 2064384, ""kv_read_transactions"": 0, ""pim_gwrite_waves"": 2048, ""pim_mac_waves"": 768, ""pim_read_waves"": 8}",24.660792,24.661104,-0.00031200000000097816,0.08341248809523809,0.0,10679936,0
rb64-dual,7481f917e97e1db6760f8506ae31d31cbe4c6a1a0469acad5569d337ef33c8ce,"{""gpu_read_transactions"": 2064384, ""kv_read_transactions"": 4194304, ""pim_gwrite_waves"": 1024, ""pim_mac_waves"": 384, ""pim_read_waves"": 4}",67.570776,61.883016,5.687759999999997,0.09278713244047619,0.09496897045898438,12571392,23018880
rb64-dual,987be3fda115241bbe194b830e0005589b32a70b6852bfd1ae7b3abd93502d71,"{""gpu_read_transactions"": 1179648, ""kv_read_transactions"": 8388608, ""pim_gwrite_waves"": 4096, ""pim_mac_waves"": 1536, ""pim_read_waves"": 16}",98.631624,95.2926,3.339024000000009,0.09001051041666668,0.08692603454589844,14120576,37219712
rb64-dual,a57657f8f60627c0b42bc8893efddef5de1d5c4d963625a8d6ddb8a4c5765bb1,"{""gpu_read_transactions"": 1179648, ""kv_read_transactions"": 0, ""pim_gwrite_waves"": 4096, ""pim_mac_waves"": 1536, ""pim_read_waves"": 16}",49.28508,49.28508,0.0,0.08220583854166667,0.0,6000384,0
rb64-dual,a69e6d5251ebb1936b42ad0ed5eac084d5e705c93ce4529f6ca527bd16cca2ce,"{""gpu_read_transactions"": 2064384, ""kv_read_transactions"": 8388608, ""pim_gwrite_waves"": 1024, ""pim_mac_waves"": 384, ""pim_read_waves"": 4}",109.828056,104.280384,5.547672000000006,0.09278713244047619,0.08932641979980468,12571392,44829056
rb64-dual,a6fb6210aaef4eefd3cf865a407e648d37fa1dce41ab0a5618cb76989bc07b14,"{""gpu_read_transactions"": 0, ""kv_read_transactions"": 4194304, ""pim_gwrite_waves"": 0, ""pim_mac_waves"": 0, ""pim_read_waves"": 0}",42.15588,41.860104,0.2957760000000036,0.0,0.08339843408203125,0,21705472
rb64-dual,c2804e40610e68d4510163daa20ec4d6ef40aa53468413b1aed624dbbe747444,"{""gpu_read_transactions"": 1179648, ""kv_read_transactions"": 4194304, ""pim_gwrite_waves"": 4096, ""pim_mac_waves"": 1536, ""pim_read_waves"": 16}",56.366856,53.350752,3.0161039999999986,0.09042373437500001,0.09000100268554688,9594240,19838080
rb64-dual,c3898dba0eadc0cc0f7933a1ff3a0c21b9bb856f4cdb0894aa3710cfa4930c34,"{""gpu_read_transactions"": 0, ""kv_read_transactions"": 8388608, ""pim_gwrite_waves"": 0, ""pim_mac_waves"": 0, ""pim_read_waves"": 0}",84.41316,84.240936,0.17222399999999993,0.0,0.08354115161132812,0,43515648
rb64-dual,cc5fa2d380d97dda182ca3a78f37d544a336823837d178ae929ee4c6cd5711c3,"{""gpu_read_transactions"": 2064384, ""kv_read_transactions"": 8388608, ""pim_gwrite_waves"": 2048, ""pim_mac_waves"": 768, ""pim_read_waves"": 8}",109.376904,103.918152,5.45875199999999,0.09200808035714286,0.0890515869140625,24875264,32233728
rb64-dual,cdcaff2fdb04a5fd6014e8c0bdd542bbe1943c614df1ba1d737f25dbeb4bf2a9,"{""gpu_read_transactions"": 2359296, ""kv_read_transactions"": 2097152, ""pim_gwrite_waves"": 0, ""pim_mac_waves"": 0, ""pim_read_waves"": 0}",49.734984,43.688112,6.0468720000000005,0.09257701171875,0.106579001953125,13322624,12963712
rb64-dual,cdf700c1a76b5dbd55ae7847ef3095b4b4175691e5eb606f84bace92efe889c5,"{""gpu_read_transactions"": 1179648, ""kv_read_transactions"": 8388608, ""pim_gwrite_waves"": 8192, ""pim_mac_waves"": 3072, ""pim_read_waves"": 32}",98.835984,98.559552,0.2764319999999998,0.09006884114583333,0.08710232958984375,16374912,34982144
rb64-dual,f6613ee99fd29306ac38ed1dfcddb7a9f4a11b218a49024de13b5a74d1e87881,"{""gpu_read_transactions"": 2064384, ""kv_read_transactions"": 0, ""pim_gwrite_waves"": 1024, ""pim_mac_waves"": 384, ""pim_read_waves"": 4}",20.760792,20.298408,0.46238400000000013,0.08332044345238096,0.0,10683264,0
