case,policy,request_scale,layer,layer_start_us,layer_end_us,layer_span_us,attention_critical_path_us,expert_critical_path_us,cxl_critical_path_us,cxl_queue_wait_us_all_requests,cxl_link_busy_ratio
b8_c32k,gpu-only,4096,0,0.0,20.237179456000003,20.237179456000003,1.0163840000000022,3.309307456,0.0,298.850136,0.7045370370370371
b8_c32k,gpu-only,4096,1,20.237179456000003,40.474358912,20.237179455999996,1.0163840000000022,3.309307456,0.0,298.850136,0.7045370370370371
b8_c32k,gpu-only,4096,2,40.474358912,60.71153836799999,20.237179455999993,1.0163840000000022,3.309307456,0.0,298.850136,0.7045370370370371
b8_c32k,gpu-only,4096,3,60.71153836799999,80.948717824,20.237179456000007,1.0163840000000022,3.309307456,0.0,298.850136,0.7045370370370371
b8_c32k,gpu-only,4096,4,80.948717824,101.18589728,20.237179456000007,1.0163840000000022,3.309307456,0.0,298.850136,0.7045370370370371
b8_c32k,gpu-only,4096,5,101.18589728,121.42307673600001,20.237179456000007,1.0163840000000022,3.309307456,0.0,298.850136,0.7045370370370371
b8_c32k,gpu-only,4096,6,121.42307673600001,141.66025619200005,20.237179456000035,1.0163840000000022,3.309307456,0.0,298.850136,0.7045370370370371
b8_c32k,gpu-only,4096,7,141.66025619200005,161.89743564800006,20.237179456000007,1.0163840000000022,3.309307456,0.0,298.850136,0.7045370370370371
b8_c32k,gpu-only,4096,8,161.89743564800006,182.1346151040001,20.237179456000035,1.0163840000000022,3.309307456,0.0,298.850136,0.7045370370370371
b8_c32k,gpu-only,4096,9,182.1346151040001,202.37179456000013,20.237179456000035,1.0163840000000022,3.309307456,0.0,298.850136,0.7045370370370371
b8_c32k,gpu-only,4096,10,202.37179456000013,222.60897401600016,20.237179456000035,1.0163840000000022,3.309307456,0.0,298.850136,0.7045370370370371
b8_c32k,gpu-only,4096,11,222.60897401600016,242.8461534720002,20.237179456000035,1.0163840000000022,3.309307456,0.0,298.850136,0.7045370370370371
b8_c32k,gpu-only,4096,12,242.8461534720002,263.08333292800023,20.237179456000035,1.0163840000000022,3.309307456,0.0,298.850136,0.7045370370370371
b8_c32k,gpu-only,4096,13,263.08333292800023,283.3205123840003,20.237179456000092,1.0163840000000022,3.309307456,0.0,298.850136,0.7045370370370371
b8_c32k,gpu-only,4096,14,283.3205123840003,303.5576918400004,20.237179456000092,1.0163840000000022,3.309307456,0.0,298.850136,0.7045370370370371
b8_c32k,gpu-only,4096,15,303.5576918400004,323.7948712960005,20.237179456000092,1.0163840000000022,3.309307456,0.0,298.850136,0.7045370370370371
b8_c32k,gpu-only,4096,16,323.7948712960005,344.0320507520006,20.237179456000092,1.0163840000000022,3.309307456,0.0,298.850136,0.7045370370370371
b8_c32k,gpu-only,4096,17,344.0320507520006,364.2692302080007,20.237179456000092,1.0163840000000022,3.309307456,0.0,298.850136,0.7045370370370371
b8_c32k,gpu-only,4096,18,364.2692302080007,384.5064096640008,20.237179456000092,1.0163840000000022,3.309307456,0.0,298.850136,0.7045370370370371
b8_c32k,gpu-only,4096,19,384.5064096640008,404.7435891200009,20.237179456000092,1.0163840000000022,3.309307456,0.0,298.850136,0.7045370370370371
b8_c32k,gpu-only,4096,20,404.7435891200009,424.98076857600097,20.237179456000092,1.0163840000000022,3.309307456,0.0,298.850136,0.7045370370370371
b8_c32k,gpu-only,4096,21,424.98076857600097,445.21794803200106,20.237179456000092,1.0163840000000022,3.309307456,0.0,298.850136,0.7045370370370371
b8_c32k,gpu-only,4096,22,445.21794803200106,465.45512748800115,20.237179456000092,1.0163840000000022,3.309307456,0.0,298.850136,0.7045370370370371
b8_c32k,gpu-only,4096,23,465.45512748800115,485.69230694400125,20.237179456000092,1.0163840000000022,3.309307456,0.0,298.850136,0.7045370370370371
b8_c32k,gpu-only,4096,24,485.69230694400125,505.92948640000134,20.237179456000092,1.0163840000000022,3.309307456,0.0,298.850136,0.7045370370370371
b8_c32k,gpu-only,4096,25,505.92948640000134,526.1666658560015,20.23717945600015,1.0163840000000022,3.309307456,0.0,298.850136,0.7045370370370371
b8_c32k,gpu-only,4096,26,526.1666658560015,546.4038453120015,20.237179456000035,1.0163840000000022,3.309307456,0.0,298.850136,0.7045370370370371
b8_c32k,gpu-only,4096,27,546.4038453120015,566.6410247680016,20.237179456000035,1.0163840000000022,3.309307456,0.0,298.850136,0.7045370370370371
b8_c32k,gpu-only,4096,28,566.6410247680016,586.8782042240016,20.237179456000035,1.0163840000000022,3.309307456,0.0,298.850136,0.7045370370370371
b8_c32k,gpu-only,4096,29,586.8782042240016,607.1153836800016,20.237179456000035,1.0163840000000022,3.309307456,0.0,298.850136,0.7045370370370371
b8_c32k,gpu-only,4096,30,607.1153836800016,627.3525631360017,20.237179456000035,1.0163840000000022,3.309307456,0.0,298.850136,0.7045370370370371
b8_c32k,gpu-only,4096,31,627.3525631360017,647.5897425920017,20.237179456000035,1.0163840000000022,3.309307456,0.0,298.850136,0.7045370370370371
b8_c32k,gpu-only,4096,32,647.5897425920017,667.8269220480017,20.237179456000035,1.0163840000000022,3.309307456,0.0,298.850136,0.7045370370370371
b8_c32k,gpu-only,4096,33,667.8269220480017,688.0641015040018,20.237179456000035,1.0163840000000022,3.309307456,0.0,298.850136,0.7045370370370371
b8_c32k,gpu-only,4096,34,688.0641015040018,708.3012809600018,20.237179456000035,1.0163840000000022,3.309307456,0.0,298.850136,0.7045370370370371
b8_c32k,gpu-only,4096,35,708.3012809600018,728.5384604160018,20.237179456000035,1.0163840000000022,3.309307456,0.0,298.850136,0.7045370370370371
b8_c32k,gpu-only,4096,36,728.5384604160018,748.7756398720019,20.237179456000035,1.0163840000000022,3.309307456,0.0,298.850136,0.7045370370370371
b8_c32k,gpu-only,4096,37,748.7756398720019,769.0128193280019,20.237179456000035,1.0163840000000022,3.309307456,0.0,298.850136,0.7045370370370371
b8_c32k,gpu-only,4096,38,769.0128193280019,789.249998784002,20.237179456000035,1.0163840000000022,3.309307456,0.0,298.850136,0.7045370370370371
b8_c32k,gpu-only,4096,39,789.249998784002,809.487178240002,20.237179456000035,1.0163840000000022,3.309307456,0.0,298.850136,0.7045370370370371
b8_c32k,gpu-only,4096,40,809.487178240002,829.724357696002,20.237179456000035,1.0163840000000022,3.309307456,0.0,298.850136,0.7045370370370371
b8_c32k,gpu-only,4096,41,829.724357696002,849.961537152002,20.237179456000035,1.0163840000000022,3.309307456,0.0,298.850136,0.7045370370370371
b8_c32k,gpu-only,4096,42,849.961537152002,870.1987166080021,20.237179456000035,1.0163840000000022,3.309307456,0.0,298.850136,0.7045370370370371
b8_c32k,gpu-only,4096,43,870.1987166080021,890.4358960640021,20.237179456000035,1.0163840000000022,3.309307456,0.0,298.850136,0.7045370370370371
b8_c32k,gpu-only,4096,44,890.4358960640021,910.6730755200022,20.237179456000035,1.0163840000000022,3.309307456,0.0,298.850136,0.7045370370370371
b8_c32k,gpu-only,4096,45,910.6730755200022,930.9102549760022,20.237179456000035,1.0163840000000022,3.309307456,0.0,298.850136,0.7045370370370371
b8_c32k,gpu-only,4096,46,930.9102549760022,951.1474344320022,20.237179456000035,1.0163840000000022,3.309307456,0.0,298.850136,0.7045370370370371
b8_c32k,gpu-only,4096,47,951.1474344320022,971.3846138880023,20.237179456000035,1.0163840000000022,3.309307456,0.0,298.850136,0.7045370370370371
b8_c32k,sieve,4096,0,0.0,509.78284345599997,509.78284345599997,470.56204799999995,3.309307456,0.0,298.850136,0.7045370370370371
b8_c32k,sieve,4096,1,509.78284345599997,1019.5656869119999,509.78284345599997,470.56204799999995,3.309307456,0.0,298.850136,0.7045370370370371
b8_c32k,sieve,4096,2,1019.5656869119999,1529.3485303679995,509.78284345599957,470.56204799999995,3.309307456,0.0,298.850136,0.7045370370370371
b8_c32k,sieve,4096,3,1529.3485303679995,2039.1313738239992,509.7828434559997,470.56204799999995,3.309307456,0.0,298.850136,0.7045370370370371
b8_c32k,sieve,4096,4,2039.1313738239992,2548.9142172799993,509.78284345600014,470.56204799999995,3.309307456,0.0,298.850136,0.7045370370370371
b8_c32k,sieve,4096,5,2548.9142172799993,3058.697060735999,509.7828434559997,470.56204799999995,3.309307456,0.0,298.850136,0.7045370370370371
b8_c32k,sieve,4096,6,3058.697060735999,3568.4799041919987,509.7828434559997,470.56204799999995,3.309307456,0.0,298.850136,0.7045370370370371
b8_c32k,sieve,4096,7,3568.4799041919987,4078.2627476479984,509.7828434559997,470.56204799999995,3.309307456,0.0,298.850136,0.7045370370370371
b8_c32k,sieve,4096,8,4078.2627476479984,4588.045591103997,509.7828434559988,470.56204799999995,3.309307456,0.0,298.850136,0.7045370370370371
b8_c32k,sieve,4096,9,4588.045591103997,5097.828434559996,509.7828434559988,470.56204799999995,3.309307456,0.0,298.850136,0.7045370370370371
b8_c32k,sieve,4096,10,5097.828434559996,5607.611278015995,509.7828434559988,470.56204799999995,3.309307456,0.0,298.850136,0.7045370370370371
b8_c32k,sieve,4096,11,5607.611278015995,6117.3941214719935,509.7828434559988,470.56204799999995,3.309307456,0.0,298.850136,0.7045370370370371
b8_c32k,sieve,4096,12,6117.3941214719935,6627.176964927992,509.7828434559988,470.56204799999995,3.309307456,0.0,298.850136,0.7045370370370371
b8_c32k,sieve,4096,13,6627.176964927992,7136.959808383991,509.7828434559988,470.56204799999995,3.309307456,0.0,298.850136,0.7045370370370371
b8_c32k,sieve,4096,14,7136.959808383991,7646.74265183999,509.7828434559988,470.56204799999995,3.309307456,0.0,298.850136,0.7045370370370371
b8_c32k,sieve,4096,15,7646.74265183999,8156.525495295989,509.7828434559988,470.56204799999995,3.309307456,0.0,298.850136,0.7045370370370371
b8_c32k,sieve,4096,16,8156.525495295989,8666.308338751987,509.7828434559988,470.56204799999995,3.309307456,0.0,298.850136,0.7045370370370371
b8_c32k,sieve,4096,17,8666.308338751987,9176.091182207985,509.78284345599786,470.56204799999995,3.309307456,0.0,298.850136,0.7045370370370371
b8_c32k,sieve,4096,18,9176.091182207985,9685.874025663983,509.78284345599786,470.56204799999995,3.309307456,0.0,298.850136,0.7045370370370371
b8_c32k,sieve,4096,19,9685.874025663983,10195.656869119981,509.78284345599786,470.56204799999995,3.309307456,0.0,298.850136,0.7045370370370371
b8_c32k,sieve,4096,20,10195.656869119981,10705.439712575979,509.78284345599786,470.56204799999995,3.309307456,0.0,298.850136,0.7045370370370371
b8_c32k,sieve,4096,21,10705.439712575979,11215.222556031977,509.78284345599786,470.56204799999995,3.309307456,0.0,298.850136,0.7045370370370371
b8_c32k,sieve,4096,22,11215.222556031977,11725.005399487975,509.78284345599786,470.56204799999995,3.309307456,0.0,298.850136,0.7045370370370371
b8_c32k,sieve,4096,23,11725.005399487975,12234.788242943972,509.78284345599786,470.56204799999995,3.309307456,0.0,298.850136,0.7045370370370371
b8_c32k,sieve,4096,24,12234.788242943972,12744.57108639997,509.78284345599786,470.56204799999995,3.309307456,0.0,298.850136,0.7045370370370371
b8_c32k,sieve,4096,25,12744.57108639997,13254.353929855968,509.78284345599786,470.56204799999995,3.309307456,0.0,298.850136,0.7045370370370371
b8_c32k,sieve,4096,26,13254.353929855968,13764.136773311966,509.78284345599786,470.56204799999995,3.309307456,0.0,298.850136,0.7045370370370371
b8_c32k,sieve,4096,27,13764.136773311966,14273.919616767964,509.78284345599786,470.56204799999995,3.309307456,0.0,298.850136,0.7045370370370371
b8_c32k,sieve,4096,28,14273.919616767964,14783.702460223962,509.78284345599786,470.56204799999995,3.309307456,0.0,298.850136,0.7045370370370371
b8_c32k,sieve,4096,29,14783.702460223962,15293.48530367996,509.78284345599786,470.56204799999995,3.309307456,0.0,298.850136,0.7045370370370371
b8_c32k,sieve,4096,30,15293.48530367996,15803.268147135957,509.78284345599786,470.56204799999995,3.309307456,0.0,298.850136,0.7045370370370371
b8_c32k,sieve,4096,31,15803.268147135957,16313.050990591955,509.78284345599786,470.56204799999995,3.309307456,0.0,298.850136,0.7045370370370371
b8_c32k,sieve,4096,32,16313.050990591955,16822.833834047964,509.7828434560088,470.56204799999995,3.309307456,0.0,298.850136,0.7045370370370371
b8_c32k,sieve,4096,33,16822.833834047964,17332.616677503975,509.7828434560106,470.56204799999995,3.309307456,0.0,298.850136,0.7045370370370371
b8_c32k,sieve,4096,34,17332.616677503975,17842.399520959985,509.7828434560106,470.56204799999995,3.309307456,0.0,298.850136,0.7045370370370371
b8_c32k,sieve,4096,35,17842.399520959985,18352.182364415996,509.7828434560106,470.56204799999995,3.309307456,0.0,298.850136,0.7045370370370371
b8_c32k,sieve,4096,36,18352.182364415996,18861.965207872006,509.7828434560106,470.56204799999995,3.309307456,0.0,298.850136,0.7045370370370371
b8_c32k,sieve,4096,37,18861.965207872006,19371.748051328017,509.7828434560106,470.56204799999995,3.309307456,0.0,298.850136,0.7045370370370371
b8_c32k,sieve,4096,38,19371.748051328017,19881.530894784028,509.7828434560106,470.56204799999995,3.309307456,0.0,298.850136,0.7045370370370371
b8_c32k,sieve,4096,39,19881.530894784028,20391.31373824004,509.7828434560106,470.56204799999995,3.309307456,0.0,298.850136,0.7045370370370371
b8_c32k,sieve,4096,40,20391.31373824004,20901.09658169605,509.7828434560106,470.56204799999995,3.309307456,0.0,298.850136,0.7045370370370371
b8_c32k,sieve,4096,41,20901.09658169605,21410.87942515206,509.7828434560106,470.56204799999995,3.309307456,0.0,298.850136,0.7045370370370371
b8_c32k,sieve,4096,42,21410.87942515206,21920.66226860807,509.7828434560106,470.56204799999995,3.309307456,0.0,298.850136,0.7045370370370371
b8_c32k,sieve,4096,43,21920.66226860807,22430.44511206408,509.7828434560106,470.56204799999995,3.309307456,0.0,298.850136,0.7045370370370371
b8_c32k,sieve,4096,44,22430.44511206408,22940.22795552009,509.7828434560106,470.56204799999995,3.309307456,0.0,298.850136,0.7045370370370371
b8_c32k,sieve,4096,45,22940.22795552009,23450.0107989761,509.7828434560106,470.56204799999995,3.309307456,0.0,298.850136,0.7045370370370371
b8_c32k,sieve,4096,46,23450.0107989761,23959.793642432112,509.7828434560106,470.56204799999995,3.309307456,0.0,298.850136,0.7045370370370371
b8_c32k,sieve,4096,47,23959.793642432112,24469.576485888123,509.7828434560106,470.56204799999995,3.309307456,0.0,298.850136,0.7045370370370371
b8_c32k,gpu-only,1,0,0.0,2472.255275456,2472.255275456,2429.786736,26.557051456,2429.786736,2487538.33536,0.9998977885604854
b8_c32k,gpu-only,1,1,2472.255275456,4944.5105509119985,2472.2552754559983,2429.786736,26.557051456,2429.786736,2487538.33536,0.9998977885604854
b8_c32k,gpu-only,1,2,4944.5105509119985,7416.765826367998,2472.2552754559993,2429.786736,26.557051456,2429.786736,2487538.33536,0.9998977885604854
b8_c32k,gpu-only,1,3,7416.765826367998,9889.021101823997,2472.2552754559993,2429.786736,26.557051456,2429.786736,2487538.33536,0.9998977885604854
b8_c32k,gpu-only,1,4,9889.021101823997,12361.276377279995,2472.2552754559983,2429.786736,26.557051456,2429.786736,2487538.33536,0.9998977885604854
b8_c32k,gpu-only,1,5,12361.276377279995,14833.531652735994,2472.2552754559983,2429.786736,26.557051456,2429.786736,2487538.33536,0.9998977885604854
b8_c32k,gpu-only,1,6,14833.531652735994,17305.786928192003,2472.2552754560093,2429.786736,26.557051456,2429.786736,2487538.33536,0.9998977885604854
b8_c32k,gpu-only,1,7,17305.786928192003,19778.042203648012,2472.2552754560093,2429.786736,26.557051456,2429.786736,2487538.33536,0.9998977885604854
b8_c32k,gpu-only,1,8,19778.042203648012,22250.29747910402,2472.2552754560093,2429.786736,26.557051456,2429.786736,2487538.33536,0.9998977885604854
b8_c32k,gpu-only,1,9,22250.29747910402,24722.55275456003,2472.2552754560093,2429.786736,26.557051456,2429.786736,2487538.33536,0.9998977885604854
b8_c32k,gpu-only,1,10,24722.55275456003,27194.80803001604,2472.2552754560093,2429.786736,26.557051456,2429.786736,2487538.33536,0.9998977885604854
b8_c32k,gpu-only,1,11,27194.80803001604,29667.06330547205,2472.2552754560093,2429.786736,26.557051456,2429.786736,2487538.33536,0.9998977885604854
b8_c32k,gpu-only,1,12,29667.06330547205,32139.31858092806,2472.2552754560093,2429.786736,26.557051456,2429.786736,2487538.33536,0.9998977885604854
b8_c32k,gpu-only,1,13,32139.31858092806,34611.57385638405,2472.255275455991,2429.786736,26.557051456,2429.786736,2487538.33536,0.9998977885604854
b8_c32k,gpu-only,1,14,34611.57385638405,37083.829131840044,2472.2552754559947,2429.786736,26.557051456,2429.786736,2487538.33536,0.9998977885604854
b8_c32k,gpu-only,1,15,37083.829131840044,39556.08440729604,2472.2552754559947,2429.786736,26.557051456,2429.786736,2487538.33536,0.9998977885604854
b8_c32k,gpu-only,1,16,39556.08440729604,42028.339682752034,2472.2552754559947,2429.786736,26.557051456,2429.786736,2487538.33536,0.9998977885604854
b8_c32k,gpu-only,1,17,42028.339682752034,44500.59495820803,2472.2552754559947,2429.786736,26.557051456,2429.786736,2487538.33536,0.9998977885604854
b8_c32k,gpu-only,1,18,44500.59495820803,46972.85023366402,2472.2552754559947,2429.786736,26.557051456,2429.786736,2487538.33536,0.9998977885604854
b8_c32k,gpu-only,1,19,46972.85023366402,49445.10550912002,2472.2552754559947,2429.786736,26.557051456,2429.786736,2487538.33536,0.9998977885604854
b8_c32k,gpu-only,1,20,49445.10550912002,51917.36078457601,2472.2552754559947,2429.786736,26.557051456,2429.786736,2487538.33536,0.9998977885604854
b8_c32k,gpu-only,1,21,51917.36078457601,54389.61606003201,2472.2552754559947,2429.786736,26.557051456,2429.786736,2487538.33536,0.9998977885604854
b8_c32k,gpu-only,1,22,54389.61606003201,56861.871335488,2472.2552754559947,2429.786736,26.557051456,2429.786736,2487538.33536,0.9998977885604854
b8_c32k,gpu-only,1,23,56861.871335488,59334.126610944,2472.2552754559947,2429.786736,26.557051456,2429.786736,2487538.33536,0.9998977885604854
b8_c32k,gpu-only,1,24,59334.126610944,61806.38188639999,2472.2552754559947,2429.786736,26.557051456,2429.786736,2487538.33536,0.9998977885604854
b8_c32k,gpu-only,1,25,61806.38188639999,64278.637161855986,2472.2552754559947,2429.786736,26.557051456,2429.786736,2487538.33536,0.9998977885604854
b8_c32k,gpu-only,1,26,64278.637161855986,66750.89243731198,2472.2552754559947,2429.786736,26.557051456,2429.786736,2487538.33536,0.9998977885604854
b8_c32k,gpu-only,1,27,66750.89243731198,69223.14771276795,2472.255275455973,2429.786736,26.557051456,2429.786736,2487538.33536,0.9998977885604854
b8_c32k,gpu-only,1,28,69223.14771276795,71695.40298822393,2472.255275455973,2429.786736,26.557051456,2429.786736,2487538.33536,0.9998977885604854
b8_c32k,gpu-only,1,29,71695.40298822393,74167.6582636799,2472.255275455973,2429.786736,26.557051456,2429.786736,2487538.33536,0.9998977885604854
b8_c32k,gpu-only,1,30,74167.6582636799,76639.91353913587,2472.255275455973,2429.786736,26.557051456,2429.786736,2487538.33536,0.9998977885604854
b8_c32k,gpu-only,1,31,76639.91353913587,79112.16881459185,2472.255275455973,2429.786736,26.557051456,2429.786736,2487538.33536,0.9998977885604854
b8_c32k,gpu-only,1,32,79112.16881459185,81584.42409004782,2472.255275455973,2429.786736,26.557051456,2429.786736,2487538.33536,0.9998977885604854
b8_c32k,gpu-only,1,33,81584.42409004782,84056.67936550379,2472.255275455973,2429.786736,26.557051456,2429.786736,2487538.33536,0.9998977885604854
b8_c32k,gpu-only,1,34,84056.67936550379,86528.93464095976,2472.255275455973,2429.786736,26.557051456,2429.786736,2487538.33536,0.9998977885604854
b8_c32k,gpu-only,1,35,86528.93464095976,89001.18991641574,2472.255275455973,2429.786736,26.557051456,2429.786736,2487538.33536,0.9998977885604854
b8_c32k,gpu-only,1,36,89001.18991641574,91473.44519187171,2472.255275455973,2429.786736,26.557051456,2429.786736,2487538.33536,0.9998977885604854
b8_c32k,gpu-only,1,37,91473.44519187171,93945.70046732768,2472.255275455973,2429.786736,26.557051456,2429.786736,2487538.33536,0.9998977885604854
b8_c32k,gpu-only,1,38,93945.70046732768,96417.95574278366,2472.255275455973,2429.786736,26.557051456,2429.786736,2487538.33536,0.9998977885604854
b8_c32k,gpu-only,1,39,96417.95574278366,98890.21101823963,2472.255275455973,2429.786736,26.557051456,2429.786736,2487538.33536,0.9998977885604854
b8_c32k,gpu-only,1,40,98890.21101823963,101362.4662936956,2472.255275455973,2429.786736,26.557051456,2429.786736,2487538.33536,0.9998977885604854
b8_c32k,gpu-only,1,41,101362.4662936956,103834.72156915157,2472.255275455973,2429.786736,26.557051456,2429.786736,2487538.33536,0.9998977885604854
b8_c32k,gpu-only,1,42,103834.72156915157,106306.97684460755,2472.255275455973,2429.786736,26.557051456,2429.786736,2487538.33536,0.9998977885604854
b8_c32k,gpu-only,1,43,106306.97684460755,108779.23212006352,2472.255275455973,2429.786736,26.557051456,2429.786736,2487538.33536,0.9998977885604854
b8_c32k,gpu-only,1,44,108779.23212006352,111251.48739551949,2472.255275455973,2429.786736,26.557051456,2429.786736,2487538.33536,0.9998977885604854
b8_c32k,gpu-only,1,45,111251.48739551949,113723.74267097547,2472.255275455973,2429.786736,26.557051456,2429.786736,2487538.33536,0.9998977885604854
b8_c32k,gpu-only,1,46,113723.74267097547,116195.99794643144,2472.255275455973,2429.786736,26.557051456,2429.786736,2487538.33536,0.9998977885604854
b8_c32k,gpu-only,1,47,116195.99794643144,118668.25322188741,2472.255275455973,2429.786736,26.557051456,2429.786736,2487538.33536,0.9998977885604854
b8_c32k,sieve,1,0,0.0,2492.255275456,2492.255275456,2429.786736,26.557051456,2429.786736,2487538.33536,0.9998977885604854
b8_c32k,sieve,1,1,2492.255275456,4984.5105509119985,2492.2552754559983,2429.786736,26.557051456,2429.786736,2487538.33536,0.9998977885604854
b8_c32k,sieve,1,2,4984.5105509119985,7476.765826367998,2492.2552754559993,2429.786736,26.557051456,2429.786736,2487538.33536,0.9998977885604854
b8_c32k,sieve,1,3,7476.765826367998,9969.021101823997,2492.2552754559993,2429.786736,26.557051456,2429.786736,2487538.33536,0.9998977885604854
b8_c32k,sieve,1,4,9969.021101823997,12461.276377279995,2492.2552754559983,2429.786736,26.557051456,2429.786736,2487538.33536,0.9998977885604854
b8_c32k,sieve,1,5,12461.276377279995,14953.531652735994,2492.2552754559983,2429.786736,26.557051456,2429.786736,2487538.33536,0.9998977885604854
b8_c32k,sieve,1,6,14953.531652735994,17445.786928192003,2492.2552754560093,2429.786736,26.557051456,2429.786736,2487538.33536,0.9998977885604854
b8_c32k,sieve,1,7,17445.786928192003,19938.042203648012,2492.2552754560093,2429.786736,26.557051456,2429.786736,2487538.33536,0.9998977885604854
b8_c32k,sieve,1,8,19938.042203648012,22430.29747910402,2492.2552754560093,2429.786736,26.557051456,2429.786736,2487538.33536,0.9998977885604854
b8_c32k,sieve,1,9,22430.29747910402,24922.55275456003,2492.2552754560093,2429.786736,26.557051456,2429.786736,2487538.33536,0.9998977885604854
b8_c32k,sieve,1,10,24922.55275456003,27414.80803001604,2492.2552754560093,2429.786736,26.557051456,2429.786736,2487538.33536,0.9998977885604854
b8_c32k,sieve,1,11,27414.80803001604,29907.06330547205,2492.2552754560093,2429.786736,26.557051456,2429.786736,2487538.33536,0.9998977885604854
b8_c32k,sieve,1,12,29907.06330547205,32399.31858092806,2492.2552754560093,2429.786736,26.557051456,2429.786736,2487538.33536,0.9998977885604854
b8_c32k,sieve,1,13,32399.31858092806,34891.57385638405,2492.255275455991,2429.786736,26.557051456,2429.786736,2487538.33536,0.9998977885604854
b8_c32k,sieve,1,14,34891.57385638405,37383.829131840044,2492.2552754559947,2429.786736,26.557051456,2429.786736,2487538.33536,0.9998977885604854
b8_c32k,sieve,1,15,37383.829131840044,39876.08440729604,2492.2552754559947,2429.786736,26.557051456,2429.786736,2487538.33536,0.9998977885604854
b8_c32k,sieve,1,16,39876.08440729604,42368.339682752034,2492.2552754559947,2429.786736,26.557051456,2429.786736,2487538.33536,0.9998977885604854
b8_c32k,sieve,1,17,42368.339682752034,44860.59495820803,2492.2552754559947,2429.786736,26.557051456,2429.786736,2487538.33536,0.9998977885604854
b8_c32k,sieve,1,18,44860.59495820803,47352.85023366402,2492.2552754559947,2429.786736,26.557051456,2429.786736,2487538.33536,0.9998977885604854
b8_c32k,sieve,1,19,47352.85023366402,49845.10550912002,2492.2552754559947,2429.786736,26.557051456,2429.786736,2487538.33536,0.9998977885604854
b8_c32k,sieve,1,20,49845.10550912002,52337.36078457601,2492.2552754559947,2429.786736,26.557051456,2429.786736,2487538.33536,0.9998977885604854
b8_c32k,sieve,1,21,52337.36078457601,54829.61606003201,2492.2552754559947,2429.786736,26.557051456,2429.786736,2487538.33536,0.9998977885604854
b8_c32k,sieve,1,22,54829.61606003201,57321.871335488,2492.2552754559947,2429.786736,26.557051456,2429.786736,2487538.33536,0.9998977885604854
b8_c32k,sieve,1,23,57321.871335488,59814.126610944,2492.2552754559947,2429.786736,26.557051456,2429.786736,2487538.33536,0.9998977885604854
b8_c32k,sieve,1,24,59814.126610944,62306.38188639999,2492.2552754559947,2429.786736,26.557051456,2429.786736,2487538.33536,0.9998977885604854
b8_c32k,sieve,1,25,62306.38188639999,64798.637161855986,2492.2552754559947,2429.786736,26.557051456,2429.786736,2487538.33536,0.9998977885604854
b8_c32k,sieve,1,26,64798.637161855986,67290.89243731198,2492.2552754559947,2429.786736,26.557051456,2429.786736,2487538.33536,0.9998977885604854
b8_c32k,sieve,1,27,67290.89243731198,69783.14771276795,2492.255275455973,2429.786736,26.557051456,2429.786736,2487538.33536,0.9998977885604854
b8_c32k,sieve,1,28,69783.14771276795,72275.40298822393,2492.255275455973,2429.786736,26.557051456,2429.786736,2487538.33536,0.9998977885604854
b8_c32k,sieve,1,29,72275.40298822393,74767.6582636799,2492.255275455973,2429.786736,26.557051456,2429.786736,2487538.33536,0.9998977885604854
b8_c32k,sieve,1,30,74767.6582636799,77259.91353913587,2492.255275455973,2429.786736,26.557051456,2429.786736,2487538.33536,0.9998977885604854
b8_c32k,sieve,1,31,77259.91353913587,79752.16881459185,2492.255275455973,2429.786736,26.557051456,2429.786736,2487538.33536,0.9998977885604854
b8_c32k,sieve,1,32,79752.16881459185,82244.42409004782,2492.255275455973,2429.786736,26.557051456,2429.786736,2487538.33536,0.9998977885604854
b8_c32k,sieve,1,33,82244.42409004782,84736.67936550379,2492.255275455973,2429.786736,26.557051456,2429.786736,2487538.33536,0.9998977885604854
b8_c32k,sieve,1,34,84736.67936550379,87228.93464095976,2492.255275455973,2429.786736,26.557051456,2429.786736,2487538.33536,0.9998977885604854
b8_c32k,sieve,1,35,87228.93464095976,89721.18991641574,2492.255275455973,2429.786736,26.557051456,2429.786736,2487538.33536,0.9998977885604854
b8_c32k,sieve,1,36,89721.18991641574,92213.44519187171,2492.255275455973,2429.786736,26.557051456,2429.786736,2487538.33536,0.9998977885604854
b8_c32k,sieve,1,37,92213.44519187171,94705.70046732768,2492.255275455973,2429.786736,26.557051456,2429.786736,2487538.33536,0.9998977885604854
b8_c32k,sieve,1,38,94705.70046732768,97197.95574278366,2492.255275455973,2429.786736,26.557051456,2429.786736,2487538.33536,0.9998977885604854
b8_c32k,sieve,1,39,97197.95574278366,99690.21101823963,2492.255275455973,2429.786736,26.557051456,2429.786736,2487538.33536,0.9998977885604854
b8_c32k,sieve,1,40,99690.21101823963,102182.4662936956,2492.255275455973,2429.786736,26.557051456,2429.786736,2487538.33536,0.9998977885604854
b8_c32k,sieve,1,41,102182.4662936956,104674.72156915157,2492.255275455973,2429.786736,26.557051456,2429.786736,2487538.33536,0.9998977885604854
b8_c32k,sieve,1,42,104674.72156915157,107166.97684460755,2492.255275455973,2429.786736,26.557051456,2429.786736,2487538.33536,0.9998977885604854
b8_c32k,sieve,1,43,107166.97684460755,109659.23212006352,2492.255275455973,2429.786736,26.557051456,2429.786736,2487538.33536,0.9998977885604854
b8_c32k,sieve,1,44,109659.23212006352,112151.48739551949,2492.255275455973,2429.786736,26.557051456,2429.786736,2487538.33536,0.9998977885604854
b8_c32k,sieve,1,45,112151.48739551949,114643.74267097547,2492.255275455973,2429.786736,26.557051456,2429.786736,2487538.33536,0.9998977885604854
b8_c32k,sieve,1,46,114643.74267097547,117135.99794643144,2492.255275455973,2429.786736,26.557051456,2429.786736,2487538.33536,0.9998977885604854
b8_c32k,sieve,1,47,117135.99794643144,119628.25322188741,2492.255275455973,2429.786736,26.557051456,2429.786736,2487538.33536,0.9998977885604854
