design_id,channels,total_pseudo_channels,mac_interval_ps,partial_scalar_bytes,overlap_fraction,merge_us_per_layer,query_link_us_per_layer,pim_gwrite_us_per_layer,pim_mac_us_per_layer,pim_read_us_per_layer,result_link_us_per_layer,cxl_pim_branch_us_per_layer,local_gpu_attention_ms,cxl_pim_branch_ms_per_decode,estimated_attention_ms,estimated_decode_ms,estimated_throughput_tokens_per_s,beats_memory_only_cxl,beats_resident_counterfactual
c2_mac12288_p2,2,4,12288,2,0.0,0.0,1.36656,2.097888,2278.269552,2.143128,4.791072,2288.6682000000005,446.91723091624647,109.85607360000003,556.7733045162465,683.1673729759162,11.710161106130613,True,True
c2_mac12288_p2,2,4,12288,2,0.0,5.0,1.36656,2.097888,2278.269552,2.143128,4.791072,2288.6682000000005,446.91723091624647,109.85607360000003,557.0133045162465,683.4073729759162,11.706048714639673,True,True
c2_mac12288_p2,2,4,12288,2,0.0,20.0,1.36656,2.097888,2278.269552,2.143128,4.791072,2288.6682000000005,446.91723091624647,109.85607360000003,557.7333045162466,684.1273729759163,11.693728852275624,True,True
c2_mac12288_p2,2,4,12288,2,0.5,0.0,1.36656,2.097888,2278.269552,2.143128,4.791072,2288.6682000000005,446.91723091624647,109.85607360000003,501.8452677162465,628.2393361759162,12.73400046659906,True,True
c2_mac12288_p2,2,4,12288,2,0.5,5.0,1.36656,2.097888,2278.269552,2.143128,4.791072,2288.6682000000005,446.91723091624647,109.85607360000003,502.0852677162465,628.4793361759162,12.72913768124389,True,True
c2_mac12288_p2,2,4,12288,2,0.5,20.0,1.36656,2.097888,2278.269552,2.143128,4.791072,2288.6682000000005,446.91723091624647,109.85607360000003,502.8052677162465,629.1993361759162,12.714571583342073,True,True
c2_mac12288_p2,2,4,12288,2,1.0,0.0,1.36656,2.097888,2278.269552,2.143128,4.791072,2288.6682000000005,446.91723091624647,109.85607360000003,446.91723091624647,573.3112993759162,13.954024643694414,True,True
c2_mac12288_p2,2,4,12288,2,1.0,5.0,1.36656,2.097888,2278.269552,2.143128,4.791072,2288.6682000000005,446.91723091624647,109.85607360000003,447.1572309162465,573.5512993759162,13.948185643908115,True,True
c2_mac12288_p2,2,4,12288,2,1.0,20.0,1.36656,2.097888,2278.269552,2.143128,4.791072,2288.6682000000005,446.91723091624647,109.85607360000003,447.87723091624645,574.2712993759162,13.930697927432423,True,True
c2_mac12288_p4,2,4,12288,4,0.0,0.0,1.36656,2.097888,2278.269552,4.273152,9.333792,2295.3409440000005,446.91723091624647,110.17636531200003,557.0935962282465,683.4876646879162,11.704673563717991,True,True
c2_mac12288_p4,2,4,12288,4,0.0,5.0,1.36656,2.097888,2278.269552,4.273152,9.333792,2295.3409440000005,446.91723091624647,110.17636531200003,557.3335962282465,683.7276646879162,11.700565024894168,True,True
c2_mac12288_p4,2,4,12288,4,0.0,20.0,1.36656,2.097888,2278.269552,4.273152,9.333792,2295.3409440000005,446.91723091624647,110.17636531200003,558.0535962282465,684.4476646879162,11.688256696219009,True,True
c2_mac12288_p4,2,4,12288,4,0.5,0.0,1.36656,2.097888,2278.269552,4.273152,9.333792,2295.3409440000005,446.91723091624647,110.17636531200003,502.0054135722465,628.3994820319162,12.730755242082905,True,True
c2_mac12288_p4,2,4,12288,4,0.5,5.0,1.36656,2.097888,2278.269552,4.273152,9.333792,2295.3409440000005,446.91723091624647,110.17636531200003,502.2454135722465,628.6394820319163,12.725894934473487,True,True
c2_mac12288_p4,2,4,12288,4,0.5,20.0,1.36656,2.097888,2278.269552,4.273152,9.333792,2295.3409440000005,446.91723091624647,110.17636531200003,502.96541357224646,629.3594820319162,12.71133625280679,True,True
c2_mac12288_p4,2,4,12288,4,1.0,0.0,1.36656,2.097888,2278.269552,4.273152,9.333792,2295.3409440000005,446.91723091624647,110.17636531200003,446.91723091624647,573.3112993759162,13.954024643694414,True,True
c2_mac12288_p4,2,4,12288,4,1.0,5.0,1.36656,2.097888,2278.269552,4.273152,9.333792,2295.3409440000005,446.91723091624647,110.17636531200003,447.1572309162465,573.5512993759162,13.948185643908115,True,True
c2_mac12288_p4,2,4,12288,4,1.0,20.0,1.36656,2.097888,2278.269552,4.273152,9.333792,2295.3409440000005,446.91723091624647,110.17636531200003,447.87723091624645,574.2712993759162,13.930697927432423,True,True
c2_mac24576_p2,2,4,24576,2,0.0,0.0,1.36656,2.097888,4556.53848,2.143128,4.791072,4566.937128,446.91723091624647,219.21298214399997,666.1302130602464,792.5242815199161,10.094327942429056,True,False
c2_mac24576_p2,2,4,24576,2,0.0,5.0,1.36656,2.097888,4556.53848,2.143128,4.791072,4566.937128,446.91723091624647,219.21298214399997,666.3702130602464,792.7642815199162,10.091272004160068,True,False
c2_mac24576_p2,2,4,24576,2,0.0,20.0,1.36656,2.097888,4556.53848,2.143128,4.791072,4566.937128,446.91723091624647,219.21298214399997,667.0902130602465,793.4842815199162,10.082115281068996,True,False
c2_mac24576_p2,2,4,24576,2,0.5,0.0,1.36656,2.097888,4556.53848,2.143128,4.791072,4566.937128,446.91723091624647,219.21298214399997,556.5237219882465,682.9177904479162,11.714440759777121,True,True
c2_mac24576_p2,2,4,24576,2,0.5,5.0,1.36656,2.097888,4556.53848,2.143128,4.791072,4566.937128,446.91723091624647,219.21298214399997,556.7637219882465,683.1577904479162,11.710325362395055,True,True
c2_mac24576_p2,2,4,24576,2,0.5,20.0,1.36656,2.097888,4556.53848,2.143128,4.791072,4566.937128,446.91723091624647,219.21298214399997,557.4837219882465,683.8777904479163,11.697996501334364,True,True
c2_mac24576_p2,2,4,24576,2,1.0,0.0,1.36656,2.097888,4556.53848,2.143128,4.791072,4566.937128,446.91723091624647,219.21298214399997,446.91723091624647,573.3112993759162,13.954024643694414,True,True
c2_mac24576_p2,2,4,24576,2,1.0,5.0,1.36656,2.097888,4556.53848,2.143128,4.791072,4566.937128,446.91723091624647,219.21298214399997,447.1572309162465,573.5512993759162,13.948185643908115,True,True
c2_mac24576_p2,2,4,24576,2,1.0,20.0,1.36656,2.097888,4556.53848,2.143128,4.791072,4566.937128,446.91723091624647,219.21298214399997,447.87723091624645,574.2712993759162,13.930697927432423,True,True
c2_mac24576_p4,2,4,24576,4,0.0,0.0,1.36656,2.097888,4556.53848,4.273152,9.333792,4573.609872,446.91723091624647,219.533273856,666.4505047722464,792.8445732319161,10.090250056690378,True,False
c2_mac24576_p4,2,4,24576,4,0.0,5.0,1.36656,2.097888,4556.53848,4.273152,9.333792,4573.609872,446.91723091624647,219.533273856,666.6905047722464,793.0845732319161,10.08719658661248,True,False
c2_mac24576_p4,2,4,24576,4,0.0,20.0,1.36656,2.097888,4556.53848,4.273152,9.333792,4573.609872,446.91723091624647,219.533273856,667.4105047722464,793.8045732319162,10.078047254664453,True,False
c2_mac24576_p4,2,4,24576,4,0.5,0.0,1.36656,2.097888,4556.53848,4.273152,9.333792,4573.609872,446.91723091624647,219.533273856,556.6838678442464,683.0779363039161,11.711694339429853,True,True
c2_mac24576_p4,2,4,24576,4,0.5,5.0,1.36656,2.097888,4556.53848,4.273152,9.333792,4573.609872,446.91723091624647,219.533273856,556.9238678442464,683.3179363039161,11.707580871171334,True,True
c2_mac24576_p4,2,4,24576,4,0.5,20.0,1.36656,2.097888,4556.53848,4.273152,9.333792,4573.609872,446.91723091624647,219.533273856,557.6438678442464,684.0379363039161,11.695257785301578,True,True
c2_mac24576_p4,2,4,24576,4,1.0,0.0,1.36656,2.097888,4556.53848,4.273152,9.333792,4573.609872,446.91723091624647,219.533273856,446.9172309162464,573.3112993759162,13.954024643694414,True,True
c2_mac24576_p4,2,4,24576,4,1.0,5.0,1.36656,2.097888,4556.53848,4.273152,9.333792,4573.609872,446.91723091624647,219.533273856,447.1572309162464,573.5512993759162,13.948185643908115,True,True
c2_mac24576_p4,2,4,24576,4,1.0,20.0,1.36656,2.097888,4556.53848,4.273152,9.333792,4573.609872,446.91723091624647,219.533273856,447.8772309162464,574.2712993759161,13.930697927432425,True,True
c2_mac49152_p2,2,4,49152,2,0.0,0.0,1.36656,2.097888,9113.076336,2.143128,4.791072,9123.474984,446.91723091624647,437.926799232,884.8440301482465,1011.2380986079162,7.911094341691543,False,False
c2_mac49152_p2,2,4,49152,2,0.0,5.0,1.36656,2.097888,9113.076336,2.143128,4.791072,9123.474984,446.91723091624647,437.926799232,885.0840301482465,1011.4780986079162,7.909217224782517,False,False
c2_mac49152_p2,2,4,49152,2,0.0,20.0,1.36656,2.097888,9113.076336,2.143128,4.791072,9123.474984,446.91723091624647,437.926799232,885.8040301482465,1012.1980986079162,7.903591215002736,False,False
c2_mac49152_p2,2,4,49152,2,0.5,0.0,1.36656,2.097888,9113.076336,2.143128,4.791072,9123.474984,446.91723091624647,437.926799232,665.8806305322464,792.2746989919161,10.097507859558226,True,False
c2_mac49152_p2,2,4,49152,2,0.5,5.0,1.36656,2.097888,9113.076336,2.143128,4.791072,9123.474984,446.91723091624647,437.926799232,666.1206305322464,792.5146989919161,10.094449995913076,True,False
c2_mac49152_p2,2,4,49152,2,0.5,20.0,1.36656,2.097888,9113.076336,2.143128,4.791072,9123.474984,446.91723091624647,437.926799232,666.8406305322465,793.2346989919162,10.085287507173874,True,False
c2_mac49152_p2,2,4,49152,2,1.0,0.0,1.36656,2.097888,9113.076336,2.143128,4.791072,9123.474984,446.91723091624647,437.926799232,446.91723091624647,573.3112993759162,13.954024643694414,True,True
c2_mac49152_p2,2,4,49152,2,1.0,5.0,1.36656,2.097888,9113.076336,2.143128,4.791072,9123.474984,446.91723091624647,437.926799232,447.1572309162465,573.5512993759162,13.948185643908115,True,True
c2_mac49152_p2,2,4,49152,2,1.0,20.0,1.36656,2.097888,9113.076336,2.143128,4.791072,9123.474984,446.91723091624647,437.926799232,447.87723091624645,574.2712993759162,13.930697927432423,True,True
c2_mac49152_p4,2,4,49152,4,0.0,0.0,1.36656,2.097888,9113.076336,4.273152,9.333792,9130.147728,446.91723091624647,438.247090944,885.1643218602464,1011.5583903199162,7.908589436413962,False,False
c2_mac49152_p4,2,4,49152,4,0.0,5.0,1.36656,2.097888,9113.076336,4.273152,9.333792,9130.147728,446.91723091624647,438.247090944,885.4043218602465,1011.7983903199162,7.906713507886205,False,False
c2_mac49152_p4,2,4,49152,4,0.0,20.0,1.36656,2.097888,9113.076336,4.273152,9.333792,9130.147728,446.91723091624647,438.247090944,886.1243218602465,1012.5183903199162,7.901091058180497,False,False
c2_mac49152_p4,2,4,49152,4,0.5,0.0,1.36656,2.097888,9113.076336,4.273152,9.333792,9130.147728,446.91723091624647,438.247090944,666.0407763882465,792.4348448479162,10.09546721981333,True,False
c2_mac49152_p4,2,4,49152,4,0.5,5.0,1.36656,2.097888,9113.076336,4.273152,9.333792,9130.147728,446.91723091624647,438.247090944,666.2807763882465,792.6748448479162,10.092410591804375,True,False
c2_mac49152_p4,2,4,49152,4,0.5,20.0,1.36656,2.097888,9113.076336,4.273152,9.333792,9130.147728,446.91723091624647,438.247090944,667.0007763882465,793.3948448479163,10.083251803247473,True,False
c2_mac49152_p4,2,4,49152,4,1.0,0.0,1.36656,2.097888,9113.076336,4.273152,9.333792,9130.147728,446.91723091624647,438.247090944,446.91723091624647,573.3112993759162,13.954024643694414,True,True
c2_mac49152_p4,2,4,49152,4,1.0,5.0,1.36656,2.097888,9113.076336,4.273152,9.333792,9130.147728,446.91723091624647,438.247090944,447.1572309162465,573.5512993759162,13.948185643908115,True,True
c2_mac49152_p4,2,4,49152,4,1.0,20.0,1.36656,2.097888,9113.076336,4.273152,9.333792,9130.147728,446.91723091624647,438.247090944,447.87723091624645,574.2712993759162,13.930697927432423,True,True
c4_mac12288_p2,4,8,12288,2,0.0,0.0,1.36656,2.097888,1139.135088,2.143128,9.333792,1154.0764559999998,446.91723091624647,55.395669887999986,502.31290080424645,628.7069692639161,12.724528899952105,True,True
c4_mac12288_p2,4,8,12288,2,0.0,5.0,1.36656,2.097888,1139.135088,2.143128,9.333792,1154.0764559999998,446.91723091624647,55.395669887999986,502.55290080424646,628.9469692639161,12.719673344420034,True,True
c4_mac12288_p2,4,8,12288,2,0.0,20.0,1.36656,2.097888,1139.135088,2.143128,9.333792,1154.0764559999998,446.91723091624647,55.395669887999986,503.27290080424643,629.6669692639161,12.705128886389007,True,True
c4_mac12288_p2,4,8,12288,2,0.5,0.0,1.36656,2.097888,1139.135088,2.143128,9.333792,1154.0764559999998,446.91723091624647,55.395669887999986,474.61506586024643,601.0091343199161,13.310945779638706,True,True
c4_mac12288_p2,4,8,12288,2,0.5,5.0,1.36656,2.097888,1139.135088,2.143128,9.333792,1154.0764559999998,446.91723091624647,55.395669887999986,474.85506586024644,601.2491343199162,13.305632463070314,True,True
c4_mac12288_p2,4,8,12288,2,0.5,20.0,1.36656,2.097888,1139.135088,2.143128,9.333792,1154.0764559999998,446.91723091624647,55.395669887999986,475.5750658602464,601.9691343199161,13.289717933857396,True,True
c4_mac12288_p2,4,8,12288,2,1.0,0.0,1.36656,2.097888,1139.135088,2.143128,9.333792,1154.0764559999998,446.91723091624647,55.395669887999986,446.91723091624647,573.3112993759162,13.954024643694414,True,True
c4_mac12288_p2,4,8,12288,2,1.0,5.0,1.36656,2.097888,1139.135088,2.143128,9.333792,1154.0764559999998,446.91723091624647,55.395669887999986,447.1572309162465,573.5512993759162,13.948185643908115,True,True
c4_mac12288_p2,4,8,12288,2,1.0,20.0,1.36656,2.097888,1139.135088,2.143128,9.333792,1154.0764559999998,446.91723091624647,55.395669887999986,447.87723091624645,574.2712993759162,13.930697927432423,True,True
c4_mac12288_p4,4,8,12288,4,0.0,0.0,1.36656,2.097888,1139.135088,4.273152,18.419232,1165.29192,446.91723091624647,55.93401216,502.8512430762465,629.2453115359162,12.713642602235542,True,True
c4_mac12288_p4,4,8,12288,4,0.0,5.0,1.36656,2.097888,1139.135088,4.273152,18.419232,1165.29192,446.91723091624647,55.93401216,503.0912430762465,629.4853115359163,12.70879534977608,True,True
c4_mac12288_p4,4,8,12288,4,0.0,20.0,1.36656,2.097888,1139.135088,4.273152,18.419232,1165.29192,446.91723091624647,55.93401216,503.81124307624646,630.2053115359162,12.694275744047058,True,True
c4_mac12288_p4,4,8,12288,4,0.5,0.0,1.36656,2.097888,1139.135088,4.273152,18.419232,1165.29192,446.91723091624647,55.93401216,474.8842369962465,601.2783054559162,13.304986937677787,True,True
c4_mac12288_p4,4,8,12288,4,0.5,5.0,1.36656,2.097888,1139.135088,4.273152,18.419232,1165.29192,446.91723091624647,55.93401216,475.1242369962465,601.5183054559162,13.299678376265641,True,True
c4_mac12288_p4,4,8,12288,4,0.5,20.0,1.36656,2.097888,1139.135088,4.273152,18.419232,1165.29192,446.91723091624647,55.93401216,475.8442369962465,602.2383054559161,13.283778078419823,True,True
c4_mac12288_p4,4,8,12288,4,1.0,0.0,1.36656,2.097888,1139.135088,4.273152,18.419232,1165.29192,446.91723091624647,55.93401216,446.91723091624647,573.3112993759162,13.954024643694414,True,True
c4_mac12288_p4,4,8,12288,4,1.0,5.0,1.36656,2.097888,1139.135088,4.273152,18.419232,1165.29192,446.91723091624647,55.93401216,447.1572309162465,573.5512993759162,13.948185643908115,True,True
c4_mac12288_p4,4,8,12288,4,1.0,20.0,1.36656,2.097888,1139.135088,4.273152,18.419232,1165.29192,446.91723091624647,55.93401216,447.87723091624645,574.2712993759162,13.930697927432423,True,True
c4_mac24576_p2,4,8,24576,2,0.0,0.0,1.36656,2.097888,2278.269552,2.143128,9.333792,2293.2109200000004,446.91723091624647,110.07412416000003,556.9913550762465,683.3854235359162,11.7064246975112,True,True
c4_mac24576_p2,4,8,24576,2,0.0,5.0,1.36656,2.097888,2278.269552,2.143128,9.333792,2293.2109200000004,446.91723091624647,110.07412416000003,557.2313550762465,683.6254235359162,11.702314929455952,True,True
c4_mac24576_p2,4,8,24576,2,0.0,20.0,1.36656,2.097888,2278.269552,2.143128,9.333792,2293.2109200000004,446.91723091624647,110.07412416000003,557.9513550762465,684.3454235359162,11.690002920842415,True,True
c4_mac24576_p2,4,8,24576,2,0.5,0.0,1.36656,2.097888,2278.269552,2.143128,9.333792,2293.2109200000004,446.91723091624647,110.07412416000003,501.95429299624647,628.3483614559161,12.731790978914276,True,True
c4_mac24576_p2,4,8,24576,2,0.5,5.0,1.36656,2.097888,2278.269552,2.143128,9.333792,2293.2109200000004,446.91723091624647,110.07412416000003,502.1942929962465,628.5883614559161,12.72692988058299,True,True
c4_mac24576_p2,4,8,24576,2,0.5,20.0,1.36656,2.097888,2278.269552,2.143128,9.333792,2293.2109200000004,446.91723091624647,110.07412416000003,502.91429299624644,629.3083614559162,12.7123688321761,True,True
c4_mac24576_p2,4,8,24576,2,1.0,0.0,1.36656,2.097888,2278.269552,2.143128,9.333792,2293.2109200000004,446.91723091624647,110.07412416000003,446.91723091624647,573.3112993759162,13.954024643694414,True,True
c4_mac24576_p2,4,8,24576,2,1.0,5.0,1.36656,2.097888,2278.269552,2.143128,9.333792,2293.2109200000004,446.91723091624647,110.07412416000003,447.1572309162465,573.5512993759162,13.948185643908115,True,True
c4_mac24576_p2,4,8,24576,2,1.0,20.0,1.36656,2.097888,2278.269552,2.143128,9.333792,2293.2109200000004,446.91723091624647,110.07412416000003,447.87723091624645,574.2712993759162,13.930697927432423,True,True
c4_mac24576_p4,4,8,24576,4,0.0,0.0,1.36656,2.097888,2278.269552,4.273152,18.419232,2304.426384000001,446.91723091624647,110.61246643200005,557.5296973482465,683.9237658079162,11.69721012772474,True,True
c4_mac24576_p4,4,8,24576,4,0.0,5.0,1.36656,2.097888,2278.269552,4.273152,18.419232,2304.426384000001,446.91723091624647,110.61246643200005,557.7696973482465,684.1637658079162,11.693106825897086,True,True
c4_mac24576_p4,4,8,24576,4,0.0,20.0,1.36656,2.097888,2278.269552,4.273152,18.419232,2304.426384000001,446.91723091624647,110.61246643200005,558.4896973482465,684.8837658079162,11.68081417518034,True,True
c4_mac24576_p4,4,8,24576,4,0.5,0.0,1.36656,2.097888,2278.269552,4.273152,18.419232,2304.426384000001,446.91723091624647,110.61246643200005,502.2234641322465,628.6175325919162,12.7263392845796,True,True
c4_mac24576_p4,4,8,24576,4,0.5,5.0,1.36656,2.097888,2278.269552,4.273152,18.419232,2304.426384000001,446.91723091624647,110.61246643200005,502.4634641322465,628.8575325919162,12.721482347562864,True,True
c4_mac24576_p4,4,8,24576,4,0.5,20.0,1.36656,2.097888,2278.269552,4.273152,18.419232,2304.426384000001,446.91723091624647,110.61246643200005,503.18346413224646,629.5775325919162,12.706933754552345,True,True
c4_mac24576_p4,4,8,24576,4,1.0,0.0,1.36656,2.097888,2278.269552,4.273152,18.419232,2304.426384000001,446.91723091624647,110.61246643200005,446.91723091624647,573.3112993759162,13.954024643694414,True,True
c4_mac24576_p4,4,8,24576,4,1.0,5.0,1.36656,2.097888,2278.269552,4.273152,18.419232,2304.426384000001,446.91723091624647,110.61246643200005,447.1572309162465,573.5512993759162,13.948185643908115,True,True
c4_mac24576_p4,4,8,24576,4,1.0,20.0,1.36656,2.097888,2278.269552,4.273152,18.419232,2304.426384000001,446.91723091624647,110.61246643200005,447.87723091624645,574.2712993759162,13.930697927432423,True,True
c4_mac49152_p2,4,8,49152,2,0.0,0.0,1.36656,2.097888,4556.53848,2.143128,9.333792,4571.479848,446.91723091624647,219.43103270400002,666.3482636202465,792.7423320799162,10.09155141117596,True,False
c4_mac49152_p2,4,8,49152,2,0.0,5.0,1.36656,2.097888,4556.53848,2.143128,9.333792,4571.479848,446.91723091624647,219.43103270400002,666.5882636202465,792.9823320799162,10.088497153545365,True,False
c4_mac49152_p2,4,8,49152,2,0.0,20.0,1.36656,2.097888,4556.53848,2.143128,9.333792,4571.479848,446.91723091624647,219.43103270400002,667.3082636202465,793.7023320799162,10.079345463223984,True,False
c4_mac49152_p2,4,8,49152,2,0.5,0.0,1.36656,2.097888,4556.53848,2.143128,9.333792,4571.479848,446.91723091624647,219.43103270400002,556.6327472682465,683.0268157279162,11.712570891487225,True,True
c4_mac49152_p2,4,8,49152,2,0.5,5.0,1.36656,2.097888,4556.53848,2.143128,9.333792,4571.479848,446.91723091624647,219.43103270400002,556.8727472682465,683.2668157279162,11.708456807575566,True,True
c4_mac49152_p2,4,8,49152,2,0.5,20.0,1.36656,2.097888,4556.53848,2.143128,9.333792,4571.479848,446.91723091624647,219.43103270400002,557.5927472682465,683.9868157279162,11.696131878633064,True,True
c4_mac49152_p2,4,8,49152,2,1.0,0.0,1.36656,2.097888,4556.53848,2.143128,9.333792,4571.479848,446.91723091624647,219.43103270400002,446.91723091624647,573.3112993759162,13.954024643694414,True,True
c4_mac49152_p2,4,8,49152,2,1.0,5.0,1.36656,2.097888,4556.53848,2.143128,9.333792,4571.479848,446.91723091624647,219.43103270400002,447.1572309162465,573.5512993759162,13.948185643908115,True,True
c4_mac49152_p2,4,8,49152,2,1.0,20.0,1.36656,2.097888,4556.53848,2.143128,9.333792,4571.479848,446.91723091624647,219.43103270400002,447.87723091624645,574.2712993759162,13.930697927432423,True,True
c4_mac49152_p4,4,8,49152,4,0.0,0.0,1.36656,2.097888,4556.53848,4.273152,18.419232,4582.695312,446.91723091624647,219.96937497599998,666.8866058922465,793.2806743519162,10.084703004438792,True,False
c4_mac49152_p4,4,8,49152,4,0.0,5.0,1.36656,2.097888,4556.53848,4.273152,18.419232,4582.695312,446.91723091624647,219.96937497599998,667.1266058922465,793.5206743519162,10.08165289018305,True,False
c4_mac49152_p4,4,8,49152,4,0.0,20.0,1.36656,2.097888,4556.53848,4.273152,18.419232,4582.695312,446.91723091624647,219.96937497599998,667.8466058922465,794.2406743519163,10.072513607450075,True,False
c4_mac49152_p4,4,8,49152,4,0.5,0.0,1.36656,2.097888,4556.53848,4.273152,18.419232,4582.695312,446.91723091624647,219.96937497599998,556.9019184042465,683.2959868639163,11.707956952472578,True,True
c4_mac49152_p4,4,8,49152,4,0.5,5.0,1.36656,2.097888,4556.53848,4.273152,18.419232,4582.695312,446.91723091624647,219.96937497599998,557.1419184042466,683.5359868639163,11.703846108680015,True,True
c4_mac49152_p4,4,8,49152,4,0.5,20.0,1.36656,2.097888,4556.53848,4.273152,18.419232,4582.695312,446.91723091624647,219.96937497599998,557.8619184042466,684.2559868639163,11.691530879642894,True,True
c4_mac49152_p4,4,8,49152,4,1.0,0.0,1.36656,2.097888,4556.53848,4.273152,18.419232,4582.695312,446.91723091624647,219.96937497599998,446.9172309162465,573.3112993759162,13.954024643694414,True,True
c4_mac49152_p4,4,8,49152,4,1.0,5.0,1.36656,2.097888,4556.53848,4.273152,18.419232,4582.695312,446.91723091624647,219.96937497599998,447.15723091624653,573.5512993759162,13.948185643908115,True,True
c4_mac49152_p4,4,8,49152,4,1.0,20.0,1.36656,2.097888,4556.53848,4.273152,18.419232,4582.695312,446.91723091624647,219.96937497599998,447.8772309162465,574.2712993759162,13.930697927432423,True,True
c8_mac12288_p2,8,16,12288,2,0.0,0.0,1.36656,2.097888,569.574096,2.143128,18.419232,593.600904,446.91723091624647,28.492843392,475.41007430824646,601.8041427679161,13.293361463424114,True,True
c8_mac12288_p2,8,16,12288,2,0.0,5.0,1.36656,2.097888,569.574096,2.143128,18.419232,593.600904,446.91723091624647,28.492843392,475.6500743082465,602.0441427679161,13.288062173015684,True,True
c8_mac12288_p2,8,16,12288,2,0.0,20.0,1.36656,2.097888,569.574096,2.143128,18.419232,593.600904,446.91723091624647,28.492843392,476.37007430824644,602.7641427679162,13.27218962173777,True,True
c8_mac12288_p2,8,16,12288,2,0.5,0.0,1.36656,2.097888,569.574096,2.143128,18.419232,593.600904,446.91723091624647,28.492843392,461.16365261224644,587.5577210719161,13.61568355429851,True,True
c8_mac12288_p2,8,16,12288,2,0.5,5.0,1.36656,2.097888,569.574096,2.143128,18.419232,593.600904,446.91723091624647,28.492843392,461.40365261224645,587.7977210719162,13.6101242199631,True,True
c8_mac12288_p2,8,16,12288,2,0.5,20.0,1.36656,2.097888,569.574096,2.143128,18.419232,593.600904,446.91723091624647,28.492843392,462.1236526122464,588.5177210719162,13.593473422395737,True,True
c8_mac12288_p2,8,16,12288,2,1.0,0.0,1.36656,2.097888,569.574096,2.143128,18.419232,593.600904,446.91723091624647,28.492843392,446.91723091624647,573.3112993759162,13.954024643694414,True,True
c8_mac12288_p2,8,16,12288,2,1.0,5.0,1.36656,2.097888,569.574096,2.143128,18.419232,593.600904,446.91723091624647,28.492843392,447.1572309162465,573.5512993759162,13.948185643908115,True,True
c8_mac12288_p2,8,16,12288,2,1.0,20.0,1.36656,2.097888,569.574096,2.143128,18.419232,593.600904,446.91723091624647,28.492843392,447.87723091624645,574.2712993759162,13.930697927432423,True,True
c8_mac12288_p4,8,16,12288,4,0.0,0.0,1.36656,2.097888,569.574096,4.273152,36.590112,613.901808,446.91723091624647,29.467286783999995,476.3845177002465,602.7785861599161,13.271871602083777,True,True
c8_mac12288_p4,8,16,12288,4,0.0,5.0,1.36656,2.097888,569.574096,4.273152,36.590112,613.901808,446.91723091624647,29.467286783999995,476.6245177002465,603.0185861599161,13.266589427939222,True,True
c8_mac12288_p4,8,16,12288,4,0.0,20.0,1.36656,2.097888,569.574096,4.273152,36.590112,613.901808,446.91723091624647,29.467286783999995,477.34451770024646,603.7385861599162,13.250768102936837,True,True
c8_mac12288_p4,8,16,12288,4,0.5,0.0,1.36656,2.097888,569.574096,4.273152,36.590112,613.901808,446.91723091624647,29.467286783999995,461.6508743082465,588.0449427679162,13.604402347793615,True,True
c8_mac12288_p4,8,16,12288,4,0.5,5.0,1.36656,2.097888,569.574096,4.273152,36.590112,613.901808,446.91723091624647,29.467286783999995,461.8908743082465,588.2849427679162,13.59885222008151,True,True
c8_mac12288_p4,8,16,12288,4,0.5,20.0,1.36656,2.097888,569.574096,4.273152,36.590112,613.901808,446.91723091624647,29.467286783999995,462.6108743082465,589.0049427679162,13.582228974863146,True,True
c8_mac12288_p4,8,16,12288,4,1.0,0.0,1.36656,2.097888,569.574096,4.273152,36.590112,613.901808,446.91723091624647,29.467286783999995,446.91723091624647,573.3112993759162,13.954024643694414,True,True
c8_mac12288_p4,8,16,12288,4,1.0,5.0,1.36656,2.097888,569.574096,4.273152,36.590112,613.901808,446.91723091624647,29.467286783999995,447.1572309162465,573.5512993759162,13.948185643908115,True,True
c8_mac12288_p4,8,16,12288,4,1.0,20.0,1.36656,2.097888,569.574096,4.273152,36.590112,613.901808,446.91723091624647,29.467286783999995,447.87723091624645,574.2712993759162,13.930697927432423,True,True
c8_mac24576_p2,8,16,24576,2,0.0,0.0,1.36656,2.097888,1139.147256,2.143128,18.419232,1163.1740639999998,446.91723091624647,55.83235507199999,502.74958598824645,629.1436544479161,12.715696873745204,True,True
c8_mac24576_p2,8,16,24576,2,0.0,5.0,1.36656,2.097888,1139.147256,2.143128,18.419232,1163.1740639999998,446.91723091624647,55.83235507199999,502.98958598824646,629.3836544479161,12.710848055018928,True,True
c8_mac24576_p2,8,16,24576,2,0.0,20.0,1.36656,2.097888,1139.147256,2.143128,18.419232,1163.1740639999998,446.91723091624647,55.83235507199999,503.70958598824643,630.1036544479161,12.696323761222168,True,True
c8_mac24576_p2,8,16,24576,2,0.5,0.0,1.36656,2.097888,1139.147256,2.143128,18.419232,1163.1740639999998,446.91723091624647,55.83235507199999,474.83340845224643,601.2274769119161,13.306111758382016,True,True
c8_mac24576_p2,8,16,24576,2,0.5,5.0,1.36656,2.097888,1139.147256,2.143128,18.419232,1163.1740639999998,446.91723091624647,55.83235507199999,475.07340845224644,601.4674769119162,13.300802299525808,True,True
c8_mac24576_p2,8,16,24576,2,0.5,20.0,1.36656,2.097888,1139.147256,2.143128,18.419232,1163.1740639999998,446.91723091624647,55.83235507199999,475.7934084522464,602.1874769119161,13.28489931578266,True,True
c8_mac24576_p2,8,16,24576,2,1.0,0.0,1.36656,2.097888,1139.147256,2.143128,18.419232,1163.1740639999998,446.91723091624647,55.83235507199999,446.91723091624647,573.3112993759162,13.954024643694414,True,True
c8_mac24576_p2,8,16,24576,2,1.0,5.0,1.36656,2.097888,1139.147256,2.143128,18.419232,1163.1740639999998,446.91723091624647,55.83235507199999,447.1572309162465,573.5512993759162,13.948185643908115,True,True
c8_mac24576_p2,8,16,24576,2,1.0,20.0,1.36656,2.097888,1139.147256,2.143128,18.419232,1163.1740639999998,446.91723091624647,55.83235507199999,447.87723091624645,574.2712993759162,13.930697927432423,True,True
c8_mac24576_p4,8,16,24576,4,0.0,0.0,1.36656,2.097888,1139.147256,4.273152,36.590112,1183.474968,446.91723091624647,56.806798463999996,503.72402938024646,630.1180978399161,12.69603273961579,True,True
c8_mac24576_p4,8,16,24576,4,0.0,5.0,1.36656,2.097888,1139.147256,4.273152,36.590112,1183.474968,446.91723091624647,56.806798463999996,503.9640293802465,630.3580978399161,12.691198903312346,True,True
c8_mac24576_p4,8,16,24576,4,0.0,20.0,1.36656,2.097888,1139.147256,4.273152,36.590112,1183.474968,446.91723091624647,56.806798463999996,504.68402938024644,631.0780978399162,12.67671945418923,True,True
c8_mac24576_p4,8,16,24576,4,0.5,0.0,1.36656,2.097888,1139.147256,4.273152,36.590112,1183.474968,446.91723091624647,56.806798463999996,475.32063014824644,601.7146986079161,13.2953375054793,True,True
c8_mac24576_p4,8,16,24576,4,0.5,5.0,1.36656,2.097888,1139.147256,4.273152,36.590112,1183.474968,446.91723091624647,56.806798463999996,475.56063014824645,601.9546986079162,13.290036639801707,True,True
c8_mac24576_p4,8,16,24576,4,0.5,20.0,1.36656,2.097888,1139.147256,4.273152,36.590112,1183.474968,446.91723091624647,56.806798463999996,476.2806301482464,602.6746986079161,13.274159374001835,True,True
c8_mac24576_p4,8,16,24576,4,1.0,0.0,1.36656,2.097888,1139.147256,4.273152,36.590112,1183.474968,446.91723091624647,56.806798463999996,446.91723091624647,573.3112993759162,13.954024643694414,True,True
c8_mac24576_p4,8,16,24576,4,1.0,5.0,1.36656,2.097888,1139.147256,4.273152,36.590112,1183.474968,446.91723091624647,56.806798463999996,447.1572309162465,573.5512993759162,13.948185643908115,True,True
c8_mac24576_p4,8,16,24576,4,1.0,20.0,1.36656,2.097888,1139.147256,4.273152,36.590112,1183.474968,446.91723091624647,56.806798463999996,447.87723091624645,574.2712993759162,13.930697927432423,True,True
c8_mac49152_p2,8,16,49152,2,0.0,0.0,1.36656,2.097888,2278.2942,2.143128,18.419232,2302.3210080000003,446.91723091624647,110.511408384,557.4286393002465,683.8227077599162,11.698938788105771,True,True
c8_mac49152_p2,8,16,49152,2,0.0,5.0,1.36656,2.097888,2278.2942,2.143128,18.419232,2302.3210080000003,446.91723091624647,110.511408384,557.6686393002465,684.0627077599162,11.694834273596655,True,True
c8_mac49152_p2,8,16,49152,2,0.0,20.0,1.36656,2.097888,2278.2942,2.143128,18.419232,2302.3210080000003,446.91723091624647,110.511408384,558.3886393002465,684.7827077599162,11.682537992482118,True,True
c8_mac49152_p2,8,16,49152,2,0.5,0.0,1.36656,2.097888,2278.2942,2.143128,18.419232,2302.3210080000003,446.91723091624647,110.511408384,502.17293510824646,628.5670035679161,12.727362325082034,True,True
c8_mac49152_p2,8,16,49152,2,0.5,5.0,1.36656,2.097888,2278.2942,2.143128,18.419232,2302.3210080000003,446.91723091624647,110.511408384,502.4129351082465,628.8070035679161,12.722504607307442,True,True
c8_mac49152_p2,8,16,49152,2,0.5,20.0,1.36656,2.097888,2278.2942,2.143128,18.419232,2302.3210080000003,446.91723091624647,110.511408384,503.13293510824644,629.5270035679162,12.707953677378551,True,True
c8_mac49152_p2,8,16,49152,2,1.0,0.0,1.36656,2.097888,2278.2942,2.143128,18.419232,2302.3210080000003,446.91723091624647,110.511408384,446.91723091624647,573.3112993759162,13.954024643694414,True,True
c8_mac49152_p2,8,16,49152,2,1.0,5.0,1.36656,2.097888,2278.2942,2.143128,18.419232,2302.3210080000003,446.91723091624647,110.511408384,447.1572309162465,573.5512993759162,13.948185643908115,True,True
c8_mac49152_p2,8,16,49152,2,1.0,20.0,1.36656,2.097888,2278.2942,2.143128,18.419232,2302.3210080000003,446.91723091624647,110.511408384,447.87723091624645,574.2712993759162,13.930697927432423,True,True
c8_mac49152_p4,8,16,49152,4,0.0,0.0,1.36656,2.097888,2278.2942,4.273152,36.590112,2322.621912,446.91723091624647,111.48585177599999,558.4030826922465,684.7971511519162,11.682291590353405,True,True
c8_mac49152_p4,8,16,49152,4,0.0,5.0,1.36656,2.097888,2278.2942,4.273152,36.590112,2322.621912,446.91723091624647,111.48585177599999,558.6430826922465,685.0371511519162,11.678198746663146,True,True
c8_mac49152_p4,8,16,49152,4,0.0,20.0,1.36656,2.097888,2278.2942,4.273152,36.590112,2322.621912,446.91723091624647,111.48585177599999,559.3630826922465,685.7571511519162,11.665937404461356,True,True
c8_mac49152_p4,8,16,49152,4,0.5,0.0,1.36656,2.097888,2278.2942,4.273152,36.590112,2322.621912,446.91723091624647,111.48585177599999,502.66015680424647,629.0542252639161,12.717504594526243,True,True
c8_mac49152_p4,8,16,49152,4,0.5,5.0,1.36656,2.097888,2278.2942,4.273152,36.590112,2322.621912,446.91723091624647,111.48585177599999,502.9001568042465,629.2942252639161,12.712654397305053,True,True
c8_mac49152_p4,8,16,49152,4,0.5,20.0,1.36656,2.097888,2278.2942,4.273152,36.590112,2322.621912,446.91723091624647,111.48585177599999,503.62015680424645,630.0142252639162,12.698125977471,True,True
c8_mac49152_p4,8,16,49152,4,1.0,0.0,1.36656,2.097888,2278.2942,4.273152,36.590112,2322.621912,446.91723091624647,111.48585177599999,446.91723091624647,573.3112993759162,13.954024643694414,True,True
c8_mac49152_p4,8,16,49152,4,1.0,5.0,1.36656,2.097888,2278.2942,4.273152,36.590112,2322.621912,446.91723091624647,111.48585177599999,447.1572309162465,573.5512993759162,13.948185643908115,True,True
c8_mac49152_p4,8,16,49152,4,1.0,20.0,1.36656,2.097888,2278.2942,4.273152,36.590112,2322.621912,446.91723091624647,111.48585177599999,447.87723091624645,574.2712993759162,13.930697927432423,True,True
