step,layer,batch_size,context_min,context_max,total_assignments,active_experts,inactive_experts,max_expert_load,mean_active_expert_load,cv_all_experts,cv_active_experts,gini_all_experts,hot_expert_count,hot_experts,hot_assignment_share,load_signature
0,0,16,8192,8192,128,8,120,16,16,3.872983346,0.0,0.9375,8,"43,45,65,73,85,98,100,114",1.0,"16,16,16,16,16,16,16,16"
0,1,16,8192,8192,128,8,120,16,16,3.872983346,0.0,0.9375,8,"18,26,38,42,43,49,51,94",1.0,"16,16,16,16,16,16,16,16"
0,2,16,8192,8192,128,8,120,16,16,3.872983346,0.0,0.9375,8,"38,40,57,82,88,95,113,123",1.0,"16,16,16,16,16,16,16,16"
0,3,16,8192,8192,128,8,120,16,16,3.872983346,0.0,0.9375,8,"51,56,67,71,80,87,101,117",1.0,"16,16,16,16,16,16,16,16"
0,4,16,8192,8192,128,9,119,16,14.222222222,3.816084381,0.306982542,0.937255859,8,"12,61,64,65,108,110,121,95",0.984375,"16,16,16,16,16,16,16,14,2"
0,5,16,8192,8192,128,9,119,16,14.222222222,3.842606537,0.32942451,0.93737793,8,"9,38,45,64,73,84,104,94",0.9921875,"16,16,16,16,16,16,16,15,1"
0,6,16,8192,8192,128,8,120,16,16,3.872983346,0.0,0.9375,8,"12,41,58,62,107,112,116,126",1.0,"16,16,16,16,16,16,16,16"
0,7,16,8192,8192,128,10,118,16,12.8,3.727012879,0.404141161,0.936401367,8,"10,15,19,24,52,75,114,29",0.9375,"16,16,16,16,16,16,16,8,7,1"
0,8,16,8192,8192,128,10,118,16,12.8,3.722818153,0.401109302,0.936401367,8,"9,17,45,58,77,92,102,85",0.9453125,"16,16,16,16,16,16,16,9,5,2"
0,9,16,8192,8192,128,8,120,16,16,3.872983346,0.0,0.9375,8,"2,11,13,16,23,58,69,125",1.0,"16,16,16,16,16,16,16,16"
0,10,16,8192,8192,128,8,120,16,16,3.872983346,0.0,0.9375,8,"1,5,12,36,68,78,92,98",1.0,"16,16,16,16,16,16,16,16"
0,11,16,8192,8192,128,9,119,16,14.222222222,3.70599177,0.189764966,0.936035156,8,"3,15,32,54,76,125,62,121",0.9296875,"16,16,16,16,16,16,13,10,9"
0,12,16,8192,8192,128,8,120,16,16,3.872983346,0.0,0.9375,8,"11,18,23,39,49,57,65,78",1.0,"16,16,16,16,16,16,16,16"
0,13,16,8192,8192,128,9,119,16,14.222222222,3.766629793,0.260520813,0.936767578,8,"33,34,58,63,110,122,103,104",0.96875,"16,16,16,16,16,16,14,14,4"
0,14,16,8192,8192,128,8,120,16,16,3.872983346,0.0,0.9375,8,"2,5,61,63,67,81,104,109",1.0,"16,16,16,16,16,16,16,16"
0,15,16,8192,8192,128,8,120,16,16,3.872983346,0.0,0.9375,8,"2,33,49,58,84,106,122,127",1.0,"16,16,16,16,16,16,16,16"
0,16,16,8192,8192,128,8,120,16,16,3.872983346,0.0,0.9375,8,"42,46,48,54,97,98,107,122",1.0,"16,16,16,16,16,16,16,16"
0,17,16,8192,8192,128,8,120,16,16,3.872983346,0.0,0.9375,8,"21,59,80,88,105,122,123,124",1.0,"16,16,16,16,16,16,16,16"
0,18,16,8192,8192,128,8,120,16,16,3.872983346,0.0,0.9375,8,"12,24,58,82,104,112,122,126",1.0,"16,16,16,16,16,16,16,16"
0,19,16,8192,8192,128,9,119,16,14.222222222,3.793497726,0.286624005,0.937133789,8,"24,52,56,59,75,112,119,29",0.9765625,"16,16,16,16,16,16,16,13,3"
0,20,16,8192,8192,128,10,118,16,12.8,3.693321676,0.379208159,0.935913086,8,"9,45,48,65,85,114,16,53",0.9375,"16,16,16,16,16,16,12,12,7,1"
0,21,16,8192,8192,128,10,118,16,12.8,3.814036576,0.463248971,0.937133789,8,"0,2,13,50,56,58,63,11",0.984375,"16,16,16,16,16,16,16,14,1,1"
0,22,16,8192,8192,128,8,120,16,16,3.872983346,0.0,0.9375,8,"6,12,31,36,68,75,78,90",1.0,"16,16,16,16,16,16,16,16"
0,23,16,8192,8192,128,8,120,16,16,3.872983346,0.0,0.9375,8,"3,4,14,32,48,54,56,121",1.0,"16,16,16,16,16,16,16,16"
0,24,16,8192,8192,128,10,118,16,12.8,3.766629793,0.431883593,0.936767578,8,"11,21,23,57,89,108,111,28",0.96875,"16,16,16,16,16,16,16,12,2,2"
0,25,16,8192,8192,128,9,119,16,14.222222222,3.816084381,0.306982542,0.937255859,8,"1,33,52,87,91,110,122,53",0.984375,"16,16,16,16,16,16,16,14,2"
0,26,16,8192,8192,128,9,119,16,14.222222222,3.842606537,0.32942451,0.93737793,8,"61,67,81,94,104,109,121,4",0.9921875,"16,16,16,16,16,16,16,15,1"
0,27,16,8192,8192,128,9,119,16,14.222222222,3.741657387,0.233853587,0.936523438,8,"2,33,49,51,106,122,127,15",0.9375,"16,16,16,16,16,16,16,8,8"
0,28,16,8192,8192,128,8,120,16,16,3.872983346,0.0,0.9375,8,"42,48,58,91,97,98,109,122",1.0,"16,16,16,16,16,16,16,16"
0,29,16,8192,8192,128,8,120,16,16,3.872983346,0.0,0.9375,8,"33,34,50,59,75,80,105,120",1.0,"16,16,16,16,16,16,16,16"
0,30,16,8192,8192,128,9,119,16,14.222222222,3.70599177,0.189764966,0.936035156,8,"24,58,71,107,122,126,84,63",0.9296875,"16,16,16,16,16,16,13,10,9"
0,31,16,8192,8192,128,11,117,16,11.636363636,3.644344934,0.476754572,0.934936523,8,"10,24,59,79,114,38,47,82",0.9140625,"16,16,16,16,16,14,13,10,9,1,1"
0,32,16,8192,8192,128,9,119,16,14.222222222,3.793497726,0.286624005,0.937133789,8,"5,16,30,48,83,92,114,10",0.9765625,"16,16,16,16,16,16,16,13,3"
0,33,16,8192,8192,128,8,120,16,16,3.872983346,0.0,0.9375,8,"0,2,13,14,34,50,51,63",1.0,"16,16,16,16,16,16,16,16"
0,34,16,8192,8192,128,10,118,16,12.8,3.70599177,0.388745478,0.936035156,8,"12,29,58,67,68,75,84,22",0.9296875,"16,16,16,16,16,16,16,7,6,3"
0,35,16,8192,8192,128,9,119,16,14.222222222,3.747916088,0.240797422,0.936645508,8,"3,14,15,32,54,62,31,17",0.9609375,"16,16,16,16,16,16,14,13,5"
0,36,16,8192,8192,128,9,119,16,14.222222222,3.743744783,0.236190882,0.936645508,8,"20,21,62,85,89,111,122,78",0.9453125,"16,16,16,16,16,16,16,9,7"
0,37,16,8192,8192,128,10,118,16,12.8,3.789376598,0.447159001,0.937011719,8,"0,25,26,71,91,110,122,73",0.9765625,"16,16,16,16,16,16,16,13,2,1"
0,38,16,8192,8192,128,10,118,16,12.8,3.70599177,0.388745478,0.936035156,8,"12,76,81,100,104,109,110,4",0.9296875,"16,16,16,16,16,16,16,7,6,3"
0,39,16,8192,8192,128,9,119,16,14.222222222,3.842606537,0.32942451,0.93737793,8,"2,49,59,70,106,118,127,16",0.9921875,"16,16,16,16,16,16,16,15,1"
0,40,16,8192,8192,128,10,118,16,12.8,3.684850743,0.372714389,0.935791016,8,"34,48,58,65,91,122,87,115",0.9296875,"16,16,16,16,16,16,15,8,5,4"
0,41,16,8192,8192,128,8,120,16,16,3.872983346,0.0,0.9375,8,"1,10,21,33,37,80,105,123",1.0,"16,16,16,16,16,16,16,16"
0,42,16,8192,8192,128,9,119,16,14.222222222,3.739568825,0.231492694,0.936645508,8,"30,35,43,76,81,114,39,115",0.953125,"16,16,16,16,16,16,15,11,6"
0,43,16,8192,8192,128,8,120,16,16,3.872983346,0.0,0.9375,8,"10,11,37,45,83,92,94,96",1.0,"16,16,16,16,16,16,16,16"
0,44,16,8192,8192,128,10,118,16,12.8,3.789376598,0.447159001,0.937011719,8,"7,12,15,79,90,102,107,65",0.9765625,"16,16,16,16,16,16,16,13,2,1"
0,45,16,8192,8192,128,8,120,16,16,3.872983346,0.0,0.9375,8,"1,2,4,18,53,64,92,107",1.0,"16,16,16,16,16,16,16,16"
0,46,16,8192,8192,128,9,119,16,14.222222222,3.760402239,0.254116499,0.936889648,8,"21,34,35,38,97,102,103,4",0.9609375,"16,16,16,16,16,16,16,11,5"
0,47,16,8192,8192,128,8,120,16,16,3.872983346,0.0,0.9375,8,"20,46,57,58,73,105,109,110",1.0,"16,16,16,16,16,16,16,16"
1,0,16,8193,8193,128,8,120,16,16,3.872983346,0.0,0.9375,8,"14,21,50,51,57,103,106,110",1.0,"16,16,16,16,16,16,16,16"
1,1,16,8193,8193,128,8,120,16,16,3.872983346,0.0,0.9375,8,"3,6,9,33,42,49,51,95",1.0,"16,16,16,16,16,16,16,16"
1,2,16,8193,8193,128,8,120,16,16,3.872983346,0.0,0.9375,8,"56,72,82,90,92,95,122,123",1.0,"16,16,16,16,16,16,16,16"
1,3,16,8193,8193,128,8,120,16,16,3.872983346,0.0,0.9375,8,"30,39,56,71,87,108,114,117",1.0,"16,16,16,16,16,16,16,16"
1,4,16,8193,8193,128,8,120,16,16,3.872983346,0.0,0.9375,8,"12,19,64,65,100,108,110,114",1.0,"16,16,16,16,16,16,16,16"
1,5,16,8193,8193,128,8,120,16,16,3.872983346,0.0,0.9375,8,"4,38,46,53,65,73,84,104",1.0,"16,16,16,16,16,16,16,16"
1,6,16,8193,8193,128,8,120,16,16,3.872983346,0.0,0.9375,8,"33,43,49,58,82,112,116,126",1.0,"16,16,16,16,16,16,16,16"
1,7,16,8193,8193,128,8,120,16,16,3.872983346,0.0,0.9375,8,"15,19,29,44,52,56,75,114",1.0,"16,16,16,16,16,16,16,16"
1,8,16,8193,8193,128,9,119,16,14.222222222,3.816084381,0.306982542,0.937255859,8,"11,50,53,85,92,102,123,83",0.984375,"16,16,16,16,16,16,16,14,2"
1,9,16,8193,8193,128,8,120,16,16,3.872983346,0.0,0.9375,8,"2,11,13,16,38,92,124,125",1.0,"16,16,16,16,16,16,16,16"
1,10,16,8193,8193,128,9,119,16,14.222222222,3.774917218,0.268822665,0.937011719,8,"1,6,29,42,48,84,98,9",0.96875,"16,16,16,16,16,16,16,12,4"
1,11,16,8193,8193,128,9,119,16,14.222222222,3.814036576,0.30518789,0.937133789,8,"17,62,76,81,108,109,3,121",0.984375,"16,16,16,16,16,16,15,15,2"
1,12,16,8193,8193,128,8,120,16,16,3.872983346,0.0,0.9375,8,"11,24,41,57,78,106,111,125",1.0,"16,16,16,16,16,16,16,16"
1,13,16,8193,8193,128,9,119,16,14.222222222,3.708099244,0.192637938,0.936035156,8,"34,93,104,110,117,119,31,33",0.9375,"16,16,16,16,16,16,12,12,8"
1,14,16,8193,8193,128,9,119,16,14.222222222,3.793497726,0.286624005,0.937133789,8,"2,5,61,97,105,109,121,113",0.9765625,"16,16,16,16,16,16,16,13,3"
1,15,16,8193,8193,128,8,120,16,16,3.872983346,0.0,0.9375,8,"15,21,58,63,64,84,122,127",1.0,"16,16,16,16,16,16,16,16"
1,16,16,8193,8193,128,10,118,16,12.8,3.722818153,0.401109302,0.936401367,8,"12,42,48,97,98,107,119,53",0.9453125,"16,16,16,16,16,16,16,9,5,2"
1,17,16,8193,8193,128,9,119,16,14.222222222,3.793497726,0.286624005,0.937133789,8,"75,80,90,94,105,122,124,123",0.9765625,"16,16,16,16,16,16,16,13,3"
1,18,16,8193,8193,128,9,119,16,14.222222222,3.816084381,0.306982542,0.937255859,8,"58,82,87,91,104,112,126,12",0.984375,"16,16,16,16,16,16,16,14,2"
1,19,16,8193,8193,128,9,119,16,14.222222222,3.752082755,0.245317476,0.936767578,8,"10,29,52,56,75,119,114,28",0.9609375,"16,16,16,16,16,16,15,12,5"
1,20,16,8193,8193,128,8,120,16,16,3.872983346,0.0,0.9375,8,"9,10,48,76,85,92,114,123",1.0,"16,16,16,16,16,16,16,16"
1,21,16,8193,8193,128,9,119,16,14.222222222,3.768703358,0.26262088,0.936889648,8,"11,13,32,38,44,63,53,2",0.96875,"16,16,16,16,16,16,15,13,4"
1,22,16,8193,8193,128,9,119,16,14.222222222,3.793497726,0.286624005,0.937133789,8,"1,29,42,48,54,75,84,12",0.9765625,"16,16,16,16,16,16,16,13,3"
1,23,16,8193,8193,128,10,118,16,12.8,3.81198767,0.461929547,0.937011719,8,"14,32,36,62,76,109,4,31",0.984375,"16,16,16,16,16,16,15,15,1,1"
1,24,16,8193,8193,128,8,120,16,16,3.872983346,0.0,0.9375,8,"11,18,20,24,54,57,111,125",1.0,"16,16,16,16,16,16,16,16"
1,25,16,8193,8193,128,8,120,16,16,3.872983346,0.0,0.9375,8,"13,31,34,72,74,110,119,126",1.0,"16,16,16,16,16,16,16,16"
1,26,16,8193,8193,128,9,119,16,14.222222222,3.842606537,0.32942451,0.93737793,8,"61,72,81,91,97,105,121,87",0.9921875,"16,16,16,16,16,16,16,15,1"
1,27,16,8193,8193,128,10,118,16,12.8,3.712310601,0.393427447,0.936279297,8,"26,33,63,79,84,122,118,15",0.9375,"16,16,16,16,16,16,15,9,7,1"
1,28,16,8193,8193,128,10,118,16,12.8,3.789376598,0.447159001,0.937011719,8,"12,42,53,91,98,119,122,107",0.9765625,"16,16,16,16,16,16,16,13,2,1"
1,29,16,8193,8193,128,8,120,16,16,3.872983346,0.0,0.9375,8,"3,13,34,78,94,105,120,124",1.0,"16,16,16,16,16,16,16,16"
1,30,16,8193,8193,128,8,120,16,16,3.872983346,0.0,0.9375,8,"6,58,82,91,107,120,125,126",1.0,"16,16,16,16,16,16,16,16"
1,31,16,8193,8193,128,11,117,16,11.636363636,3.631459762,0.468228877,0.934936523,8,"24,36,41,56,59,79,28,29",0.9140625,"16,16,16,16,16,16,11,10,7,3,1"
1,32,16,8193,8193,128,10,118,16,12.8,3.747916088,0.41897149,0.936645508,8,"5,10,11,72,78,85,92,48",0.9609375,"16,16,16,16,16,16,16,11,3,2"
1,33,16,8193,8193,128,10,118,16,12.8,3.678484742,0.367768822,0.935546875,8,"11,13,32,44,53,63,2,115",0.921875,"16,16,16,16,16,16,11,11,9,1"
1,34,16,8193,8193,128,8,120,16,16,3.872983346,0.0,0.9375,8,"1,22,29,42,54,75,84,92",1.0,"16,16,16,16,16,16,16,16"
1,35,16,8193,8193,128,8,120,16,16,3.872983346,0.0,0.9375,8,"28,31,32,36,62,76,109,120",1.0,"16,16,16,16,16,16,16,16"
1,36,16,8193,8193,128,8,120,16,16,3.872983346,0.0,0.9375,8,"11,18,20,24,54,57,62,125",1.0,"16,16,16,16,16,16,16,16"
1,37,16,8193,8193,128,8,120,16,16,3.872983346,0.0,0.9375,8,"11,13,27,53,82,91,110,119",1.0,"16,16,16,16,16,16,16,16"
1,38,16,8193,8193,128,8,120,16,16,3.872983346,0.0,0.9375,8,"2,5,16,91,97,105,109,110",1.0,"16,16,16,16,16,16,16,16"
1,39,16,8193,8193,128,9,119,16,14.222222222,3.816084381,0.306982542,0.937255859,8,"5,16,48,63,72,84,118,59",0.984375,"16,16,16,16,16,16,16,14,2"
1,40,16,8193,8193,128,8,120,16,16,3.872983346,0.0,0.9375,8,"12,34,48,91,98,115,119,122",1.0,"16,16,16,16,16,16,16,16"
1,41,16,8193,8193,128,10,118,16,12.8,3.650770467,0.345521006,0.935302734,8,"78,80,94,120,123,124,82,68",0.9140625,"16,16,16,16,16,16,13,8,7,4"
1,42,16,8193,8193,128,9,119,16,14.222222222,3.842606537,0.32942451,0.93737793,8,"14,27,30,43,60,76,109,63",0.9921875,"16,16,16,16,16,16,16,15,1"
1,43,16,8193,8193,128,11,117,16,11.636363636,3.689088641,0.505463316,0.935913086,8,"6,11,29,45,94,98,32,106",0.9375,"16,16,16,16,16,16,14,10,6,1,1"
1,44,16,8193,8193,128,9,119,16,14.222222222,3.816084381,0.306982542,0.937255859,8,"15,49,50,79,108,112,127,2",0.984375,"16,16,16,16,16,16,16,14,2"
1,45,16,8193,8193,128,9,119,16,14.222222222,3.760402239,0.254116499,0.936889648,8,"1,2,4,18,53,58,107,126",0.9609375,"16,16,16,16,16,16,16,11,5"
1,46,16,8193,8193,128,8,120,16,16,3.872983346,0.0,0.9375,8,"4,15,64,70,76,102,107,112",1.0,"16,16,16,16,16,16,16,16"
1,47,16,8193,8193,128,8,120,16,16,3.872983346,0.0,0.9375,8,"7,22,36,46,48,58,110,112",1.0,"16,16,16,16,16,16,16,16"
2,0,16,8194,8194,128,8,120,16,16,3.872983346,0.0,0.9375,8,"23,30,41,79,86,105,112,125",1.0,"16,16,16,16,16,16,16,16"
2,1,16,8194,8194,128,8,120,16,16,3.872983346,0.0,0.9375,8,"9,16,28,29,48,68,88,101",1.0,"16,16,16,16,16,16,16,16"
2,2,16,8194,8194,128,8,120,16,16,3.872983346,0.0,0.9375,8,"23,25,44,56,71,72,74,126",1.0,"16,16,16,16,16,16,16,16"
2,3,16,8194,8194,128,8,120,16,16,3.872983346,0.0,0.9375,8,"3,30,32,53,56,99,101,114",1.0,"16,16,16,16,16,16,16,16"
2,4,16,8194,8194,128,8,120,16,16,3.872983346,0.0,0.9375,8,"12,19,26,60,64,65,100,108",1.0,"16,16,16,16,16,16,16,16"
2,5,16,8194,8194,128,8,120,16,16,3.872983346,0.0,0.9375,8,"4,17,20,46,63,65,73,104",1.0,"16,16,16,16,16,16,16,16"
2,6,16,8194,8194,128,8,120,16,16,3.872983346,0.0,0.9375,8,"22,33,39,49,58,74,82,112",1.0,"16,16,16,16,16,16,16,16"
2,7,16,8194,8194,128,8,120,16,16,3.872983346,0.0,0.9375,8,"15,19,29,44,56,63,114,115",1.0,"16,16,16,16,16,16,16,16"
2,8,16,8194,8194,128,8,120,16,16,3.872983346,0.0,0.9375,8,"11,17,22,45,50,85,100,124",1.0,"16,16,16,16,16,16,16,16"
2,9,16,8194,8194,128,9,119,16,14.222222222,3.739568825,0.231492694,0.936645508,8,"6,13,23,38,67,92,63,39",0.953125,"16,16,16,16,16,16,15,11,6"
2,10,16,8194,8194,128,9,119,16,14.222222222,3.743744783,0.236190882,0.936645508,8,"1,5,6,19,36,42,48,66",0.9453125,"16,16,16,16,16,16,16,9,7"
2,11,16,8194,8194,128,8,120,16,16,3.872983346,0.0,0.9375,8,"14,17,22,36,52,62,117,121",1.0,"16,16,16,16,16,16,16,16"
2,12,16,8194,8194,128,8,120,16,16,3.872983346,0.0,0.9375,8,"11,19,20,28,41,57,59,111",1.0,"16,16,16,16,16,16,16,16"
2,13,16,8194,8194,128,10,118,16,12.8,3.722818153,0.401109302,0.936401367,8,"13,34,52,84,93,104,110,117",0.9453125,"16,16,16,16,16,16,16,9,5,2"
2,14,16,8194,8194,128,9,119,16,14.222222222,3.743744783,0.236190882,0.936645508,8,"2,5,24,61,97,102,109,14",0.9453125,"16,16,16,16,16,16,16,9,7"
2,15,16,8194,8194,128,9,119,16,14.222222222,3.743744783,0.236190882,0.936645508,8,"58,63,64,79,84,111,127,122",0.9453125,"16,16,16,16,16,16,16,9,7"
2,16,16,8194,8194,128,9,119,16,14.222222222,3.75,0.243067956,0.936767578,8,"42,48,70,93,97,107,122,6",0.953125,"16,16,16,16,16,16,16,10,6"
2,17,16,8194,8194,128,10,118,16,12.8,3.684850743,0.372714389,0.935791016,8,"73,75,80,94,122,124,123,105",0.9296875,"16,16,16,16,16,16,12,11,8,1"
2,18,16,8194,8194,128,8,120,16,16,3.872983346,0.0,0.9375,8,"32,33,58,74,82,104,112,126",1.0,"16,16,16,16,16,16,16,16"
2,19,16,8194,8194,128,11,117,16,11.636363636,3.603383826,0.449201766,0.934326172,8,"10,28,29,44,52,92,63,56",0.8984375,"16,16,16,16,16,16,11,8,7,4,2"
2,20,16,8194,8194,128,10,118,16,12.8,3.689088641,0.375975294,0.935913086,8,"0,76,85,92,123,124,114,48",0.9296875,"16,16,16,16,16,16,13,10,8,1"
2,21,16,8194,8194,128,9,119,16,14.222222222,3.71441449,0.20101063,0.936157227,8,"2,32,38,44,63,6,11,39",0.9453125,"16,16,16,16,16,15,14,12,7"
2,22,16,8194,8194,128,9,119,16,14.222222222,3.760402239,0.254116499,0.936889648,8,"1,36,42,48,71,75,89,122",0.9609375,"16,16,16,16,16,16,16,11,5"
2,23,16,8194,8194,128,10,118,16,12.8,3.731202889,0.407150444,0.936523438,8,"14,31,36,62,65,76,117,108",0.9453125,"16,16,16,16,16,16,16,9,6,1"
2,24,16,8194,8194,128,8,120,16,16,3.872983346,0.0,0.9375,8,"11,18,19,20,28,57,59,108",1.0,"16,16,16,16,16,16,16,16"
2,25,16,8194,8194,128,9,119,16,14.222222222,3.842606537,0.32942451,0.93737793,8,"13,34,50,72,84,87,110,52",0.9921875,"16,16,16,16,16,16,16,15,1"
2,26,16,8194,8194,128,8,120,16,16,3.872983346,0.0,0.9375,8,"5,24,27,59,72,91,97,113",1.0,"16,16,16,16,16,16,16,16"
2,27,16,8194,8194,128,8,120,16,16,3.872983346,0.0,0.9375,8,"15,63,64,79,84,111,118,122",1.0,"16,16,16,16,16,16,16,16"
2,28,16,8194,8194,128,10,118,16,12.8,3.699662147,0.384006429,0.935791016,8,"6,11,42,70,91,98,122,97",0.921875,"16,16,16,16,16,16,16,6,6,4"
2,29,16,8194,8194,128,8,120,16,16,3.872983346,0.0,0.9375,8,"13,37,46,70,94,105,120,124",1.0,"16,16,16,16,16,16,16,16"
2,30,16,8194,8194,128,9,119,16,14.222222222,3.689088641,0.164989938,0.935546875,8,"6,25,58,74,82,39,98,48",0.921875,"16,16,16,16,16,15,12,11,10"
2,31,16,8194,8194,128,10,118,16,12.8,3.693321676,0.379208159,0.935913086,8,"24,28,29,44,63,115,59,2",0.9453125,"16,16,16,16,16,16,13,12,4,3"
2,32,16,8194,8194,128,9,119,16,14.222222222,3.741657387,0.233853587,0.936523438,8,"0,72,85,90,108,113,124,10",0.9375,"16,16,16,16,16,16,16,8,8"
2,33,16,8194,8194,128,9,119,16,14.222222222,3.760402239,0.254116499,0.936889648,8,"2,13,32,38,53,63,115,6",0.9609375,"16,16,16,16,16,16,16,11,5"
2,34,16,8194,8194,128,9,119,16,14.222222222,3.75,0.243067956,0.936767578,8,"1,5,29,36,42,75,89,35",0.953125,"16,16,16,16,16,16,16,10,6"
2,35,16,8194,8194,128,10,118,16,12.8,3.659320292,0.352516068,0.935424805,8,"6,31,36,62,110,117,120,17",0.9140625,"16,16,16,16,16,16,13,8,8,3"
2,36,16,8194,8194,128,9,119,16,14.222222222,3.760402239,0.254116499,0.936889648,8,"11,18,19,20,57,59,62,101",0.9609375,"16,16,16,16,16,16,16,11,5"
2,37,16,8194,8194,128,8,120,16,16,3.872983346,0.0,0.9375,8,"2,13,27,50,82,84,91,110",1.0,"16,16,16,16,16,16,16,16"
2,38,16,8194,8194,128,10,118,16,12.8,3.789376598,0.447159001,0.937011719,8,"2,16,24,102,109,110,113,91",0.9765625,"16,16,16,16,16,16,16,13,2,1"
2,39,16,8194,8194,128,10,118,16,12.8,3.727012879,0.404141161,0.936401367,8,"5,16,48,63,72,84,118,58",0.9375,"16,16,16,16,16,16,16,8,7,1"
2,40,16,8194,8194,128,9,119,16,14.222222222,3.842606537,0.32942451,0.93737793,8,"11,48,70,91,97,98,122,69",0.9921875,"16,16,16,16,16,16,16,15,1"
2,41,16,8194,8194,128,8,120,16,16,3.872983346,0.0,0.9375,8,"37,46,80,81,94,105,123,124",1.0,"16,16,16,16,16,16,16,16"
2,42,16,8194,8194,128,9,119,16,14.222222222,3.842606537,0.32942451,0.93737793,8,"0,30,60,63,70,76,109,58",0.9921875,"16,16,16,16,16,16,16,15,1"
2,43,16,8194,8194,128,9,119,16,14.222222222,3.741657387,0.233853587,0.936523438,8,"11,18,45,51,56,96,99,80",0.9375,"16,16,16,16,16,16,16,8,8"
2,44,16,8194,8194,128,8,120,16,16,3.872983346,0.0,0.9375,8,"7,12,15,79,99,103,104,119",1.0,"16,16,16,16,16,16,16,16"
2,45,16,8194,8194,128,10,118,16,12.8,3.731202889,0.407150444,0.936523438,8,"1,4,16,53,58,77,92,13",0.9453125,"16,16,16,16,16,16,16,9,6,1"
2,46,16,8194,8194,128,9,119,16,14.222222222,3.764555087,0.258403678,0.936645508,8,"4,42,48,81,102,40,46,29",0.96875,"16,16,16,16,16,15,15,14,4"
2,47,16,8194,8194,128,10,118,16,12.8,3.697549864,0.382413695,0.936035156,8,"10,46,58,71,108,110,51,67",0.9453125,"16,16,16,16,16,16,14,11,4,3"
3,0,16,8195,8195,128,8,120,16,16,3.872983346,0.0,0.9375,8,"23,66,70,77,86,87,91,112",1.0,"16,16,16,16,16,16,16,16"
3,1,16,8195,8195,128,8,120,16,16,3.872983346,0.0,0.9375,8,"13,14,29,78,86,101,104,107",1.0,"16,16,16,16,16,16,16,16"
3,2,16,8195,8195,128,8,120,16,16,3.872983346,0.0,0.9375,8,"15,23,56,64,71,72,115,119",1.0,"16,16,16,16,16,16,16,16"
3,3,16,8195,8195,128,8,120,16,16,3.872983346,0.0,0.9375,8,"23,46,53,56,80,90,117,119",1.0,"16,16,16,16,16,16,16,16"
3,4,16,8195,8195,128,8,120,16,16,3.872983346,0.0,0.9375,8,"12,19,64,65,93,108,110,127",1.0,"16,16,16,16,16,16,16,16"
3,5,16,8195,8195,128,8,120,16,16,3.872983346,0.0,0.9375,8,"4,41,45,46,53,63,65,120",1.0,"16,16,16,16,16,16,16,16"
3,6,16,8195,8195,128,9,119,16,14.222222222,3.774917218,0.268822665,0.937011719,8,"22,33,49,58,74,82,116,121",0.96875,"16,16,16,16,16,16,16,12,4"
3,7,16,8195,8195,128,8,120,16,16,3.872983346,0.0,0.9375,8,"15,19,24,29,44,52,63,114",1.0,"16,16,16,16,16,16,16,16"
3,8,16,8195,8195,128,8,120,16,16,3.872983346,0.0,0.9375,8,"22,45,68,85,92,97,123,124",1.0,"16,16,16,16,16,16,16,16"
3,9,16,8195,8195,128,8,120,16,16,3.872983346,0.0,0.9375,8,"6,13,23,38,44,67,69,92",1.0,"16,16,16,16,16,16,16,16"
3,10,16,8195,8195,128,8,120,16,16,3.872983346,0.0,0.9375,8,"0,1,5,19,36,42,48,92",1.0,"16,16,16,16,16,16,16,16"
3,11,16,8195,8195,128,8,120,16,16,3.872983346,0.0,0.9375,8,"14,15,17,52,62,81,110,121",1.0,"16,16,16,16,16,16,16,16"
3,12,16,8195,8195,128,9,119,16,14.222222222,3.793497726,0.286624005,0.937133789,8,"11,18,37,41,57,106,125,85",0.9765625,"16,16,16,16,16,16,16,13,3"
3,13,16,8195,8195,128,8,120,16,16,3.872983346,0.0,0.9375,8,"20,33,37,52,92,93,104,110",1.0,"16,16,16,16,16,16,16,16"
3,14,16,8195,8195,128,8,120,16,16,3.872983346,0.0,0.9375,8,"2,5,9,24,29,61,92,109",1.0,"16,16,16,16,16,16,16,16"
3,15,16,8195,8195,128,9,119,16,14.222222222,3.842606537,0.32942451,0.93737793,8,"0,2,51,58,79,84,127,122",0.9921875,"16,16,16,16,16,16,16,15,1"
3,16,16,8195,8195,128,8,120,16,16,3.872983346,0.0,0.9375,8,"23,42,48,91,93,97,98,122",1.0,"16,16,16,16,16,16,16,16"
3,17,16,8195,8195,128,9,119,16,14.222222222,3.842606537,0.32942451,0.93737793,8,"70,80,90,116,122,123,124,73",0.9921875,"16,16,16,16,16,16,16,15,1"
3,18,16,8195,8195,128,8,120,16,16,3.872983346,0.0,0.9375,8,"25,58,74,82,91,107,112,126",1.0,"16,16,16,16,16,16,16,16"
3,19,16,8195,8195,128,8,120,16,16,3.872983346,0.0,0.9375,8,"15,28,29,52,56,92,102,114",1.0,"16,16,16,16,16,16,16,16"
3,20,16,8195,8195,128,8,120,16,16,3.872983346,0.0,0.9375,8,"45,68,72,76,85,92,114,123",1.0,"16,16,16,16,16,16,16,16"
3,21,16,8195,8195,128,8,120,16,16,3.872983346,0.0,0.9375,8,"2,32,38,44,51,56,63,67",1.0,"16,16,16,16,16,16,16,16"
3,22,16,8195,8195,128,8,120,16,16,3.872983346,0.0,0.9375,8,"0,1,36,42,48,71,75,77",1.0,"16,16,16,16,16,16,16,16"
3,23,16,8195,8195,128,8,120,16,16,3.872983346,0.0,0.9375,8,"6,14,15,17,31,36,110,121",1.0,"16,16,16,16,16,16,16,16"
3,24,16,8195,8195,128,8,120,16,16,3.872983346,0.0,0.9375,8,"11,18,28,37,62,101,106,125",1.0,"16,16,16,16,16,16,16,16"
3,25,16,8195,8195,128,8,120,16,16,3.872983346,0.0,0.9375,8,"37,52,53,72,84,91,110,122",1.0,"16,16,16,16,16,16,16,16"
3,26,16,8195,8195,128,8,120,16,16,3.872983346,0.0,0.9375,8,"5,9,24,29,72,87,97,109",1.0,"16,16,16,16,16,16,16,16"
3,27,16,8195,8195,128,9,119,16,14.222222222,3.842606537,0.32942451,0.93737793,8,"2,14,24,51,84,102,118,99",0.9921875,"16,16,16,16,16,16,16,15,1"
3,28,16,8195,8195,128,9,119,16,14.222222222,3.793497726,0.286624005,0.937133789,8,"23,42,63,70,91,107,122,97",0.9765625,"16,16,16,16,16,16,16,13,3"
3,29,16,8195,8195,128,8,120,16,16,3.872983346,0.0,0.9375,8,"13,14,34,37,51,70,120,124",1.0,"16,16,16,16,16,16,16,16"
3,30,16,8195,8195,128,10,118,16,12.8,3.701773224,0.385592584,0.936157227,8,"6,25,48,58,79,82,33,39",0.9375,"16,16,16,16,16,16,15,9,6,2"
3,31,16,8195,8195,128,8,120,16,16,3.872983346,0.0,0.9375,8,"24,28,29,39,59,63,87,115",1.0,"16,16,16,16,16,16,16,16"
3,32,16,8195,8195,128,9,119,16,14.222222222,3.842606537,0.32942451,0.93737793,8,"5,6,24,48,51,85,124,18",0.9921875,"16,16,16,16,16,16,16,15,1"
3,33,16,8195,8195,128,9,119,16,14.222222222,3.842606537,0.32942451,0.93737793,8,"13,44,53,56,63,67,115,6",0.9921875,"16,16,16,16,16,16,16,15,1"
3,34,16,8195,8195,128,9,119,16,14.222222222,3.842606537,0.32942451,0.93737793,8,"1,36,42,70,75,77,92,5",0.9921875,"16,16,16,16,16,16,16,15,1"
3,35,16,8195,8195,128,10,118,16,12.8,3.747916088,0.41897149,0.936645508,8,"6,15,17,28,31,48,110,87",0.9609375,"16,16,16,16,16,16,16,11,3,2"
3,36,16,8195,8195,128,9,119,16,14.222222222,3.774917218,0.268822665,0.937011719,8,"11,18,37,57,62,101,106,85",0.96875,"16,16,16,16,16,16,16,12,4"
3,37,16,8195,8195,128,8,120,16,16,3.872983346,0.0,0.9375,8,"13,27,36,37,72,82,91,110",1.0,"16,16,16,16,16,16,16,16"
3,38,16,8195,8195,128,9,119,16,14.222222222,3.789376598,0.282765017,0.937011719,8,"2,5,24,29,62,110,109,97",0.9765625,"16,16,16,16,16,16,15,14,3"
3,39,16,8195,8195,128,9,119,16,14.222222222,3.789376598,0.282765017,0.937011719,8,"5,14,16,48,51,84,58,118",0.9765625,"16,16,16,16,16,16,15,14,3"
3,40,16,8195,8195,128,9,119,16,14.222222222,3.774917218,0.268822665,0.937011719,8,"19,23,48,69,91,105,122,123",0.96875,"16,16,16,16,16,16,16,12,4"
3,41,16,8195,8195,128,8,120,16,16,3.872983346,0.0,0.9375,8,"49,51,58,80,81,100,116,124",1.0,"16,16,16,16,16,16,16,16"
3,42,16,8195,8195,128,9,119,16,14.222222222,3.747916088,0.240797422,0.936645508,8,"25,30,63,76,88,119,28,115",0.9609375,"16,16,16,16,16,16,14,13,5"
3,43,16,8195,8195,128,9,119,16,14.222222222,3.774917218,0.268822665,0.937011719,8,"2,11,18,45,46,86,91,96",0.96875,"16,16,16,16,16,16,16,12,4"
3,44,16,8195,8195,128,10,118,16,12.8,3.766629793,0.431883593,0.936767578,8,"2,12,15,49,79,104,113,112",0.96875,"16,16,16,16,16,16,16,12,2,2"
3,45,16,8195,8195,128,9,119,16,14.222222222,3.774917218,0.268822665,0.937011719,8,"1,2,3,4,53,65,127,54",0.96875,"16,16,16,16,16,16,16,12,4"
3,46,16,8195,8195,128,9,119,16,14.222222222,3.842606537,0.32942451,0.93737793,8,"4,13,17,40,48,74,102,64",0.9921875,"16,16,16,16,16,16,16,15,1"
3,47,16,8195,8195,128,8,120,16,16,3.872983346,0.0,0.9375,8,"39,41,45,46,54,58,79,110",1.0,"16,16,16,16,16,16,16,16"
4,0,16,8196,8196,128,8,120,16,16,3.872983346,0.0,0.9375,8,"0,27,33,37,64,68,72,79",1.0,"16,16,16,16,16,16,16,16"
4,1,16,8196,8196,128,8,120,16,16,3.872983346,0.0,0.9375,8,"14,19,28,88,90,96,101,111",1.0,"16,16,16,16,16,16,16,16"
4,2,16,8196,8196,128,8,120,16,16,3.872983346,0.0,0.9375,8,"46,56,71,72,74,77,94,107",1.0,"16,16,16,16,16,16,16,16"
4,3,16,8196,8196,128,8,120,16,16,3.872983346,0.0,0.9375,8,"3,37,51,56,71,99,101,109",1.0,"16,16,16,16,16,16,16,16"
4,4,16,8196,8196,128,8,120,16,16,3.872983346,0.0,0.9375,8,"12,19,52,53,65,107,108,110",1.0,"16,16,16,16,16,16,16,16"
4,5,16,8196,8196,128,9,119,16,14.222222222,3.768703358,0.26262088,0.936889648,8,"4,32,63,65,73,84,46,41",0.96875,"16,16,16,16,16,16,15,13,4"
4,6,16,8196,8196,128,8,120,16,16,3.872983346,0.0,0.9375,8,"33,49,58,74,82,92,112,116",1.0,"16,16,16,16,16,16,16,16"
4,7,16,8196,8196,128,9,119,16,14.222222222,3.743744783,0.236190882,0.936645508,8,"15,19,24,44,52,63,114,56",0.9453125,"16,16,16,16,16,16,16,9,7"
4,8,16,8196,8196,128,9,119,16,14.222222222,3.842606537,0.32942451,0.93737793,8,"22,23,50,53,68,100,123,76",0.9921875,"16,16,16,16,16,16,16,15,1"
4,9,16,8196,8196,128,8,120,16,16,3.872983346,0.0,0.9375,8,"2,13,23,34,39,69,82,95",1.0,"16,16,16,16,16,16,16,16"
4,10,16,8196,8196,128,9,119,16,14.222222222,3.842606537,0.32942451,0.93737793,8,"0,1,6,19,36,48,67,92",0.9921875,"16,16,16,16,16,16,16,15,1"
4,11,16,8196,8196,128,9,119,16,14.222222222,3.774917218,0.268822665,0.937011719,8,"3,48,52,75,81,104,121,110",0.96875,"16,16,16,16,16,16,16,12,4"
4,12,16,8196,8196,128,11,117,16,11.636363636,3.693321676,0.508112892,0.935913086,8,"11,41,78,92,111,122,18,37",0.9453125,"16,16,16,16,16,16,14,11,4,2,1"
4,13,16,8196,8196,128,9,119,16,14.222222222,3.743744783,0.236190882,0.936645508,8,"1,43,52,61,63,104,117,31",0.9453125,"16,16,16,16,16,16,16,9,7"
4,14,16,8196,8196,128,10,118,16,12.8,3.789376598,0.447159001,0.937011719,8,"2,19,49,66,92,109,113,97",0.9765625,"16,16,16,16,16,16,16,13,2,1"
4,15,16,8196,8196,128,8,120,16,16,3.872983346,0.0,0.9375,8,"0,26,58,79,84,122,125,127",1.0,"16,16,16,16,16,16,16,16"
4,16,16,8196,8196,128,8,120,16,16,3.872983346,0.0,0.9375,8,"35,42,48,82,91,97,107,122",1.0,"16,16,16,16,16,16,16,16"
4,17,16,8196,8196,128,11,117,16,11.636363636,3.701773224,0.51337102,0.935913086,8,"73,80,90,118,122,123,124,13",0.9375,"16,16,16,16,16,16,16,8,4,3,1"
4,18,16,8196,8196,128,10,118,16,12.8,3.731202889,0.407150444,0.936523438,8,"58,74,82,87,104,112,126,49",0.9453125,"16,16,16,16,16,16,16,9,6,1"
4,19,16,8196,8196,128,9,119,16,14.222222222,3.842606537,0.32942451,0.93737793,8,"15,24,29,52,56,114,119,10",0.9921875,"16,16,16,16,16,16,16,15,1"
4,20,16,8196,8196,128,9,119,16,14.222222222,3.816084381,0.306982542,0.937255859,8,"10,48,76,85,92,114,123,53",0.984375,"16,16,16,16,16,16,16,14,2"
4,21,16,8196,8196,128,8,120,16,16,3.872983346,0.0,0.9375,8,"2,8,13,34,39,51,63,67",1.0,"16,16,16,16,16,16,16,16"
4,22,16,8196,8196,128,9,119,16,14.222222222,3.842606537,0.32942451,0.93737793,8,"0,1,9,12,36,48,67,118",0.9921875,"16,16,16,16,16,16,16,15,1"
4,23,16,8196,8196,128,9,119,16,14.222222222,3.789376598,0.282765017,0.937011719,8,"5,15,31,75,104,117,48,6",0.9765625,"16,16,16,16,16,16,15,14,3"
4,24,16,8196,8196,128,8,120,16,16,3.872983346,0.0,0.9375,8,"11,18,28,37,57,59,101,122",1.0,"16,16,16,16,16,16,16,16"
4,25,16,8196,8196,128,8,120,16,16,3.872983346,0.0,0.9375,8,"1,13,43,52,72,91,108,110",1.0,"16,16,16,16,16,16,16,16"
4,26,16,8196,8196,128,8,120,16,16,3.872983346,0.0,0.9375,8,"2,19,27,29,49,59,78,113",1.0,"16,16,16,16,16,16,16,16"
4,27,16,8196,8196,128,9,119,16,14.222222222,3.774917218,0.268822665,0.937011719,8,"0,15,26,33,63,79,84,111",0.96875,"16,16,16,16,16,16,16,12,4"
4,28,16,8196,8196,128,9,119,16,14.222222222,3.816084381,0.306982542,0.937255859,8,"10,42,70,82,91,109,122,116",0.984375,"16,16,16,16,16,16,16,14,2"
4,29,16,8196,8196,128,10,118,16,12.8,3.70599177,0.388745478,0.936035156,8,"3,13,51,54,105,120,124,59",0.9296875,"16,16,16,16,16,16,16,7,6,3"
4,30,16,8196,8196,128,11,117,16,11.636363636,3.689088641,0.505463316,0.935791016,8,"6,48,58,82,93,98,111,25",0.9453125,"16,16,16,16,16,16,13,12,4,2,1"
4,31,16,8196,8196,128,9,119,16,14.222222222,3.842606537,0.32942451,0.93737793,8,"24,29,38,41,47,87,114,56",0.9921875,"16,16,16,16,16,16,16,15,1"
4,32,16,8196,8196,128,12,116,16,10.666666667,3.601215073,0.556390432,0.934204102,8,"10,48,50,51,85,92,78,108",0.8984375,"16,16,16,16,16,16,11,8,7,4,1,1"
4,33,16,8196,8196,128,10,118,16,12.8,3.701773224,0.385592584,0.936157227,8,"13,34,39,51,63,67,15,4",0.9453125,"16,16,16,16,16,16,14,11,5,2"
4,34,16,8196,8196,128,8,120,16,16,3.872983346,0.0,0.9375,8,"0,1,9,22,67,81,92,118",1.0,"16,16,16,16,16,16,16,16"
4,35,16,8196,8196,128,9,119,16,14.222222222,3.752082755,0.245317476,0.936767578,8,"5,6,75,77,104,110,15,51",0.9609375,"16,16,16,16,16,16,15,12,5"
4,36,16,8196,8196,128,10,118,16,12.8,3.789376598,0.447159001,0.937011719,8,"18,28,57,59,62,101,122,11",0.9765625,"16,16,16,16,16,16,16,13,2,1"
4,37,16,8196,8196,128,9,119,16,14.222222222,3.75,0.243067956,0.936767578,8,"1,13,27,43,86,91,110,61",0.953125,"16,16,16,16,16,16,16,10,6"
4,38,16,8196,8196,128,8,120,16,16,3.872983346,0.0,0.9375,8,"2,19,26,27,49,78,92,113",1.0,"16,16,16,16,16,16,16,16"
4,39,16,8196,8196,128,9,119,16,14.222222222,3.842606537,0.32942451,0.93737793,8,"0,14,25,48,51,63,84,26",0.9921875,"16,16,16,16,16,16,16,15,1"
4,40,16,8196,8196,128,9,119,16,14.222222222,3.774917218,0.268822665,0.937011719,8,"35,49,82,98,109,116,122,19",0.96875,"16,16,16,16,16,16,16,12,4"
4,41,16,8196,8196,128,8,120,16,16,3.872983346,0.0,0.9375,8,"6,37,54,99,116,118,123,124",1.0,"16,16,16,16,16,16,16,16"
4,42,16,8196,8196,128,9,119,16,14.222222222,3.774917218,0.268822665,0.937011719,8,"4,30,33,66,70,106,116,71",0.96875,"16,16,16,16,16,16,16,12,4"
4,43,16,8196,8196,128,8,120,16,16,3.872983346,0.0,0.9375,8,"41,45,61,69,86,106,111,119",1.0,"16,16,16,16,16,16,16,16"
4,44,16,8196,8196,128,8,120,16,16,3.872983346,0.0,0.9375,8,"24,42,49,62,79,82,96,103",1.0,"16,16,16,16,16,16,16,16"
4,45,16,8196,8196,128,8,120,16,16,3.872983346,0.0,0.9375,8,"1,3,34,43,48,51,67,88",1.0,"16,16,16,16,16,16,16,16"
4,46,16,8196,8196,128,9,119,16,14.222222222,3.816084381,0.306982542,0.937255859,8,"4,26,33,40,54,79,102,13",0.984375,"16,16,16,16,16,16,16,14,2"
4,47,16,8196,8196,128,9,119,16,14.222222222,3.793497726,0.286624005,0.937133789,8,"0,17,23,39,42,80,106,96",0.9765625,"16,16,16,16,16,16,16,13,3"
5,0,16,8197,8197,128,8,120,16,16,3.872983346,0.0,0.9375,8,"4,18,38,79,86,100,101,118",1.0,"16,16,16,16,16,16,16,16"
5,1,16,8197,8197,128,9,119,16,14.222222222,3.760402239,0.254116499,0.936889648,8,"2,13,21,34,67,91,101,36",0.9609375,"16,16,16,16,16,16,16,11,5"
5,2,16,8197,8197,128,8,120,16,16,3.872983346,0.0,0.9375,8,"46,56,64,71,72,77,81,95",1.0,"16,16,16,16,16,16,16,16"
5,3,16,8197,8197,128,8,120,16,16,3.872983346,0.0,0.9375,8,"3,37,56,71,97,101,108,118",1.0,"16,16,16,16,16,16,16,16"
5,4,16,8197,8197,128,9,119,16,14.222222222,3.75,0.243067956,0.936767578,8,"12,33,52,53,107,108,121,82",0.953125,"16,16,16,16,16,16,16,10,6"
5,5,16,8197,8197,128,8,120,16,16,3.872983346,0.0,0.9375,8,"4,12,17,41,63,65,73,104",1.0,"16,16,16,16,16,16,16,16"
5,6,16,8197,8197,128,8,120,16,16,3.872983346,0.0,0.9375,8,"25,32,33,39,58,62,74,112",1.0,"16,16,16,16,16,16,16,16"
5,7,16,8197,8197,128,10,118,16,12.8,3.731202889,0.407150444,0.936523438,8,"19,24,44,63,88,119,125,52",0.9453125,"16,16,16,16,16,16,16,9,6,1"
5,8,16,8197,8197,128,11,117,16,11.636363636,3.572901482,0.427765588,0.93371582,8,"22,45,53,68,92,100,9,23",0.8984375,"16,16,16,16,16,14,11,10,6,5,2"
5,9,16,8197,8197,128,9,119,16,14.222222222,3.71441449,0.20101063,0.936157227,8,"2,8,13,39,69,82,0,6",0.9296875,"16,16,16,16,16,16,14,9,9"
5,10,16,8197,8197,128,10,118,16,12.8,3.637908053,0.334754458,0.935058594,8,"1,5,6,9,19,98,92,36",0.9140625,"16,16,16,16,16,16,12,9,6,5"
5,11,16,8197,8197,128,8,120,16,16,3.872983346,0.0,0.9375,8,"3,4,25,48,52,72,108,121",1.0,"16,16,16,16,16,16,16,16"
5,12,16,8197,8197,128,9,119,16,14.222222222,3.727012879,0.216788077,0.936401367,8,"8,18,28,65,78,92,91,41",0.9375,"16,16,16,16,16,16,15,9,8"
5,13,16,8197,8197,128,11,117,16,11.636363636,3.676360292,0.497429918,0.935668945,8,"20,52,91,104,117,119,92,61",0.9375,"16,16,16,16,16,16,14,10,4,3,1"
5,14,16,8197,8197,128,9,119,16,14.222222222,3.70599177,0.189764966,0.936035156,8,"2,19,49,66,92,109,113,14",0.9296875,"16,16,16,16,16,16,13,10,9"
5,15,16,8197,8197,128,9,119,16,14.222222222,3.75,0.243067956,0.936767578,8,"0,14,25,58,84,125,127,50",0.953125,"16,16,16,16,16,16,16,10,6"
5,16,16,8197,8197,128,9,119,16,14.222222222,3.842606537,0.32942451,0.93737793,8,"42,48,82,93,97,100,107,35",0.9921875,"16,16,16,16,16,16,16,15,1"
5,17,16,8197,8197,128,10,118,16,12.8,3.789376598,0.447159001,0.937011719,8,"73,75,80,90,100,116,124,22",0.9765625,"16,16,16,16,16,16,16,13,2,1"
5,18,16,8197,8197,128,9,119,16,14.222222222,3.842606537,0.32942451,0.93737793,8,"25,32,58,74,82,87,112,20",0.9921875,"16,16,16,16,16,16,16,15,1"
5,19,16,8197,8197,128,10,118,16,12.8,3.743744783,0.416047717,0.936645508,8,"19,28,29,44,52,75,63,114",0.9609375,"16,16,16,16,16,16,15,12,4,1"
5,20,16,8197,8197,128,13,115,16,9.846153846,3.559757716,0.623337633,0.933105469,8,"9,85,118,123,76,124,92,68",0.8984375,"16,16,16,16,15,15,11,10,6,4,1,1,1"
5,21,16,8197,8197,128,11,117,16,11.636363636,3.699662147,0.51206155,0.935913086,8,"2,6,8,13,39,63,11,69",0.9453125,"16,16,16,16,16,16,15,10,3,3,1"
5,22,16,8197,8197,128,13,115,16,9.846153846,3.695436375,0.698945914,0.934814453,8,"1,9,71,114,54,66,92,0",0.953125,"16,16,16,16,15,15,15,13,2,1,1,1,1"
5,23,16,8197,8197,128,12,116,16,10.666666667,3.667850188,0.595802374,0.935302734,8,"4,14,31,65,121,15,120,76",0.9296875,"16,16,16,16,16,15,15,9,6,1,1,1"
5,24,16,8197,8197,128,12,116,16,10.666666667,3.665719575,0.5945718,0.935058594,8,"11,28,92,109,37,59,101,91",0.9375,"16,16,16,16,15,15,15,11,5,1,1,1"
5,25,16,8197,8197,128,15,113,16,8.533333333,3.278719262,0.613965085,0.923706055,8,"85,99,119,13,20,86,52,31",0.7890625,"16,16,16,15,12,10,9,7,7,6,5,4,3,1,1"
5,26,16,8197,8197,128,10,118,16,12.8,3.785250982,0.444420708,0.936889648,8,"2,19,29,49,113,116,91,59",0.9765625,"16,16,16,16,16,16,15,14,2,1"
5,27,16,8197,8197,128,13,115,16,9.846153846,3.644344934,0.671147862,0.934448242,8,"15,79,84,111,26,50,63,21",0.9296875,"16,16,16,16,15,15,15,10,5,1,1,1,1"
5,28,16,8197,8197,128,11,117,16,11.636363636,3.65718471,0.485130459,0.935302734,8,"70,82,98,107,122,42,49,10",0.921875,"16,16,16,16,16,15,13,10,8,1,1"
5,29,16,8197,8197,128,14,114,16,9.142857143,3.601215073,0.726520496,0.933105469,8,"50,72,75,120,124,13,116,61",0.9140625,"16,16,16,16,16,15,14,8,3,2,2,2,1,1"
5,30,16,8197,8197,128,15,113,16,8.533333333,3.436931771,0.708141825,0.929199219,8,"58,74,82,104,39,120,6,55",0.8515625,"16,16,16,16,15,13,10,7,6,4,3,3,1,1,1"
5,31,16,8197,8197,128,18,110,16,7.111111111,3.257203555,0.795341662,0.92175293,8,"28,29,10,44,63,31,24,56",0.8125,"16,15,14,14,13,12,11,9,7,5,3,3,1,1,1,1,1,1"
5,32,16,8197,8197,128,16,112,16,8,3.25,0.667317391,0.922363281,8,"118,92,6,9,85,124,10,90",0.796875,"16,15,14,14,14,11,9,9,8,5,4,4,2,1,1,1"
5,33,16,8197,8197,128,16,112,16,8,3.432382554,0.773082305,0.927734375,8,"8,39,13,63,11,69,14,51",0.8671875,"16,16,15,14,13,13,12,12,8,2,2,1,1,1,1,1"
5,34,16,8197,8197,128,17,111,16,7.529411765,3.254804142,0.734707372,0.922119141,8,"114,1,92,5,7,29,9,22",0.796875,"16,15,15,14,13,13,9,7,7,5,4,4,2,1,1,1,1"
5,35,16,8197,8197,128,16,112,16,8,3.092329219,0.565961571,0.914916992,8,"36,4,15,121,51,120,14,94",0.75,"16,13,13,13,12,12,9,8,8,5,4,4,4,3,3,1"
5,36,16,8197,8197,128,16,112,15,8,3.159806165,0.610775634,0.918457031,8,"57,28,59,108,18,92,62,91",0.78125,"15,14,14,13,12,12,11,9,7,5,5,4,3,2,1,1"
5,37,16,8197,8197,128,19,109,16,6.736842105,3.201562119,0.818487553,0.91809082,8,"27,119,91,52,110,13,86,20",0.8046875,"16,16,15,12,12,11,11,10,4,4,3,3,3,3,1,1,1,1,1"
5,38,16,8197,8197,128,20,108,16,6.4,3.03623945,0.772450443,0.911132812,8,"49,19,92,2,27,113,91,125",0.7265625,"16,14,13,12,11,11,8,8,7,7,7,3,2,2,2,1,1,1,1,1"
5,39,16,8197,8197,128,14,114,16,9.142857143,3.379626459,0.598867747,0.927734375,8,"0,25,125,14,48,84,50,11",0.828125,"16,16,16,15,14,11,10,8,7,7,3,2,2,1"
5,40,16,8197,8197,128,16,112,16,8,3.309550574,0.702951367,0.924682617,8,"35,42,82,28,122,49,94,98",0.8125,"16,16,16,13,13,12,9,9,7,7,3,2,2,1,1,1"
5,41,16,8197,8197,128,16,112,16,8,3.283481384,0.6875,0.922241211,8,"49,116,99,118,37,124,80,61",0.8203125,"16,16,14,14,13,13,12,7,4,4,3,3,3,3,2,1"
5,42,16,8197,8197,128,15,113,16,8.533333333,3.361082415,0.664108454,0.926269531,8,"4,66,70,30,106,63,33,53",0.84375,"16,16,16,15,13,12,11,9,5,3,3,3,3,2,1"
5,43,16,8197,8197,128,19,109,16,6.736842105,3.328381739,0.890419384,0.923583984,8,"18,80,111,45,61,11,41,75",0.828125,"16,16,16,14,14,13,9,8,6,4,3,2,1,1,1,1,1,1,1"
5,44,16,8197,8197,128,14,114,16,9.142857143,3.497767145,0.668961707,0.931274414,8,"15,42,62,79,96,50,49,40",0.875,"16,16,16,16,16,12,11,9,7,3,2,2,1,1"
5,45,16,8197,8197,128,16,112,16,8,3.34710696,0.724838344,0.926025391,8,"48,51,89,88,1,4,34,67",0.828125,"16,16,16,15,13,13,9,8,6,5,3,3,2,1,1,1"
5,46,16,8197,8197,128,11,117,16,11.636363636,3.596873642,0.444695296,0.934082031,8,"33,40,43,54,107,102,4,26",0.9140625,"16,16,16,16,16,14,12,11,5,3,3"
5,47,16,8197,8197,128,10,118,16,12.8,3.814036576,0.463248971,0.937133789,8,"17,23,39,42,61,80,110,48",0.984375,"16,16,16,16,16,16,16,14,1,1"
6,0,16,8198,8198,128,8,120,16,16,3.872983346,0.0,0.9375,8,"12,24,29,47,66,67,77,86",1.0,"16,16,16,16,16,16,16,16"
6,1,16,8198,8198,128,8,120,16,16,3.872983346,0.0,0.9375,8,"13,14,36,38,67,91,101,109",1.0,"16,16,16,16,16,16,16,16"
6,2,16,8198,8198,128,8,120,16,16,3.872983346,0.0,0.9375,8,"49,56,60,70,71,72,74,121",1.0,"16,16,16,16,16,16,16,16"
6,3,16,8198,8198,128,8,120,16,16,3.872983346,0.0,0.9375,8,"3,37,56,71,73,97,117,118",1.0,"16,16,16,16,16,16,16,16"
6,4,16,8198,8198,128,8,120,16,16,3.872983346,0.0,0.9375,8,"6,12,14,37,43,60,108,127",1.0,"16,16,16,16,16,16,16,16"
6,5,16,8198,8198,128,8,120,16,16,3.872983346,0.0,0.9375,8,"4,6,12,46,63,65,73,85",1.0,"16,16,16,16,16,16,16,16"
6,6,16,8198,8198,128,8,120,16,16,3.872983346,0.0,0.9375,8,"32,33,39,49,74,82,92,121",1.0,"16,16,16,16,16,16,16,16"
6,7,16,8198,8198,128,8,120,16,16,3.872983346,0.0,0.9375,8,"15,19,28,29,44,63,68,114",1.0,"16,16,16,16,16,16,16,16"
6,8,16,8198,8198,128,9,119,16,14.222222222,3.752082755,0.245317476,0.936767578,8,"23,50,54,68,76,123,22,4",0.9609375,"16,16,16,16,16,16,15,12,5"
6,9,16,8198,8198,128,8,120,16,16,3.872983346,0.0,0.9375,8,"0,7,8,23,39,67,82,95",1.0,"16,16,16,16,16,16,16,16"
6,10,16,8198,8198,128,10,118,16,12.8,3.766629793,0.431883593,0.936767578,8,"1,6,19,36,48,71,92,59",0.96875,"16,16,16,16,16,16,16,12,2,2"
6,11,16,8198,8198,128,8,120,16,16,3.872983346,0.0,0.9375,8,"22,25,31,48,52,75,81,121",1.0,"16,16,16,16,16,16,16,16"
6,12,16,8198,8198,128,9,119,16,14.222222222,3.793497726,0.286624005,0.937133789,8,"18,28,37,41,59,92,109,11",0.9765625,"16,16,16,16,16,16,16,13,3"
6,13,16,8198,8198,128,8,120,16,16,3.872983346,0.0,0.9375,8,"1,20,27,52,91,92,104,119",1.0,"16,16,16,16,16,16,16,16"
6,14,16,8198,8198,128,9,119,16,14.222222222,3.71020552,0.195468688,0.936157227,8,"2,5,24,61,87,113,109,15",0.9375,"16,16,16,16,16,16,13,11,8"
6,15,16,8198,8198,128,10,118,16,12.8,3.71441449,0.394975771,0.936157227,8,"21,26,50,58,84,106,125,46",0.9296875,"16,16,16,16,16,16,16,7,7,2"
6,16,16,8198,8198,128,8,120,16,16,3.872983346,0.0,0.9375,8,"23,42,48,93,97,109,116,122",1.0,"16,16,16,16,16,16,16,16"
6,17,16,8198,8198,128,8,120,16,16,3.872983346,0.0,0.9375,8,"13,26,73,75,116,118,122,124",1.0,"16,16,16,16,16,16,16,16"
6,18,16,8198,8198,128,8,120,16,16,3.872983346,0.0,0.9375,8,"20,32,74,82,87,90,112,121",1.0,"16,16,16,16,16,16,16,16"
6,19,16,8198,8198,128,8,120,16,16,3.872983346,0.0,0.9375,8,"15,19,28,44,52,63,92,114",1.0,"16,16,16,16,16,16,16,16"
6,20,16,8198,8198,128,9,119,16,14.222222222,3.774917218,0.268822665,0.937011719,8,"4,10,50,68,76,85,123,124",0.96875,"16,16,16,16,16,16,16,12,4"
6,21,16,8198,8198,128,8,120,16,16,3.872983346,0.0,0.9375,8,"8,13,14,39,63,67,95,124",1.0,"16,16,16,16,16,16,16,16"
6,22,16,8198,8198,128,8,120,16,16,3.872983346,0.0,0.9375,8,"0,1,36,48,59,71,92,122",1.0,"16,16,16,16,16,16,16,16"
6,23,16,8198,8198,128,9,119,16,14.222222222,3.842606537,0.32942451,0.93737793,8,"25,31,36,38,48,81,121,51",0.9921875,"16,16,16,16,16,16,16,15,1"
6,24,16,8198,8198,128,9,119,16,14.222222222,3.816084381,0.306982542,0.937255859,8,"18,28,37,91,92,109,122,57",0.984375,"16,16,16,16,16,16,16,14,2"
6,25,16,8198,8198,128,10,118,16,12.8,3.768703358,0.433294519,0.936889648,8,"1,52,72,91,108,110,119,31",0.96875,"16,16,16,16,16,16,16,12,3,1"
6,26,16,8198,8198,128,8,120,16,16,3.872983346,0.0,0.9375,8,"2,5,24,29,31,72,87,113",1.0,"16,16,16,16,16,16,16,16"
6,27,16,8198,8198,128,9,119,16,14.222222222,3.816084381,0.306982542,0.937255859,8,"26,27,50,84,106,118,125,111",0.984375,"16,16,16,16,16,16,16,14,2"
6,28,16,8198,8198,128,9,119,16,14.222222222,3.816084381,0.306982542,0.937255859,8,"10,42,91,98,100,109,122,107",0.984375,"16,16,16,16,16,16,16,14,2"
6,29,16,8198,8198,128,8,120,16,16,3.872983346,0.0,0.9375,8,"13,26,37,50,70,105,116,124",1.0,"16,16,16,16,16,16,16,16"
6,30,16,8198,8198,128,9,119,16,14.222222222,3.743744783,0.236190882,0.936645508,8,"6,18,55,58,74,82,94,93",0.9453125,"16,16,16,16,16,16,16,9,7"
6,31,16,8198,8198,128,8,120,16,16,3.872983346,0.0,0.9375,8,"19,24,28,38,41,63,76,114",1.0,"16,16,16,16,16,16,16,16"
6,32,16,8198,8198,128,9,119,16,14.222222222,3.842606537,0.32942451,0.93737793,8,"4,10,54,68,74,76,85,48",0.9921875,"16,16,16,16,16,16,16,15,1"
6,33,16,8198,8198,128,9,119,16,14.222222222,3.774917218,0.268822665,0.937011719,8,"8,13,14,39,63,67,124,51",0.96875,"16,16,16,16,16,16,16,12,4"
6,34,16,8198,8198,128,9,119,16,14.222222222,3.741657387,0.233853587,0.936523438,8,"0,1,5,36,59,75,92,8",0.9375,"16,16,16,16,16,16,16,8,8"
6,35,16,8198,8198,128,8,120,16,16,3.872983346,0.0,0.9375,8,"6,15,17,31,36,48,51,70",1.0,"16,16,16,16,16,16,16,16"
6,36,16,8198,8198,128,8,120,16,16,3.872983346,0.0,0.9375,8,"11,18,37,57,59,62,91,109",1.0,"16,16,16,16,16,16,16,16"
6,37,16,8198,8198,128,9,119,16,14.222222222,3.774917218,0.268822665,0.937011719,8,"1,27,72,86,91,110,119,53",0.96875,"16,16,16,16,16,16,16,12,4"
6,38,16,8198,8198,128,9,119,16,14.222222222,3.75,0.243067956,0.936767578,8,"2,24,29,31,87,91,113,19",0.953125,"16,16,16,16,16,16,16,10,6"
6,39,16,8198,8198,128,9,119,16,14.222222222,3.842606537,0.32942451,0.93737793,8,"14,26,46,48,50,84,106,125",0.9921875,"16,16,16,16,16,16,16,15,1"
6,40,16,8198,8198,128,9,119,16,14.222222222,3.774917218,0.268822665,0.937011719,8,"19,46,69,91,98,109,122,48",0.96875,"16,16,16,16,16,16,16,12,4"
6,41,16,8198,8198,128,9,119,16,14.222222222,3.842606537,0.32942451,0.93737793,8,"6,75,81,100,105,116,124,80",0.9921875,"16,16,16,16,16,16,16,15,1"
6,42,16,8198,8198,128,9,119,16,14.222222222,3.722818153,0.211659644,0.936401367,8,"0,30,47,66,76,88,95,63",0.9453125,"16,16,16,16,16,16,14,11,7"
6,43,16,8198,8198,128,10,118,16,12.8,3.71441449,0.394975771,0.936157227,8,"11,32,45,61,86,91,111,82",0.9296875,"16,16,16,16,16,16,16,7,7,2"
6,44,16,8198,8198,128,9,119,16,14.222222222,3.774917218,0.268822665,0.937011719,8,"15,50,70,79,96,112,114,49",0.96875,"16,16,16,16,16,16,16,12,4"
6,45,16,8198,8198,128,9,119,16,14.222222222,3.816084381,0.306982542,0.937255859,8,"1,7,19,64,73,110,121,98",0.984375,"16,16,16,16,16,16,16,14,2"
6,46,16,8198,8198,128,9,119,16,14.222222222,3.793497726,0.286624005,0.937133789,8,"4,13,18,48,62,102,110,40",0.9765625,"16,16,16,16,16,16,16,13,3"
6,47,16,8198,8198,128,8,120,16,16,3.872983346,0.0,0.9375,8,"22,24,30,38,41,46,58,110",1.0,"16,16,16,16,16,16,16,16"
7,0,16,8199,8199,128,8,120,16,16,3.872983346,0.0,0.9375,8,"3,12,64,67,79,112,122,126",1.0,"16,16,16,16,16,16,16,16"
7,1,16,8199,8199,128,8,120,16,16,3.872983346,0.0,0.9375,8,"13,14,20,36,67,68,98,101",1.0,"16,16,16,16,16,16,16,16"
7,2,16,8199,8199,128,8,120,16,16,3.872983346,0.0,0.9375,8,"23,44,56,62,71,72,76,120",1.0,"16,16,16,16,16,16,16,16"
7,3,16,8199,8199,128,9,119,16,14.222222222,3.816084381,0.306982542,0.937255859,8,"11,42,71,90,118,119,126,56",0.984375,"16,16,16,16,16,16,16,14,2"
7,4,16,8199,8199,128,8,120,16,16,3.872983346,0.0,0.9375,8,"12,14,26,33,82,100,108,127",1.0,"16,16,16,16,16,16,16,16"
7,5,16,8199,8199,128,9,119,16,14.222222222,3.75,0.243067956,0.936767578,8,"4,12,41,46,52,53,65,43",0.953125,"16,16,16,16,16,16,16,10,6"
7,6,16,8199,8199,128,10,118,16,12.8,3.716517187,0.396518048,0.936279297,8,"33,49,74,82,92,101,121,20",0.9375,"16,16,16,16,16,16,16,8,6,2"
7,7,16,8199,8199,128,9,119,16,14.222222222,3.716517187,0.203725075,0.936279297,8,"15,19,24,56,63,114,44,29",0.9375,"16,16,16,16,16,16,14,10,8"
7,8,16,8199,8199,128,10,118,16,12.8,3.701773224,0.385592584,0.936157227,8,"6,23,50,54,68,78,11,45",0.9375,"16,16,16,16,16,16,14,10,7,1"
7,9,16,8199,8199,128,11,117,16,11.636363636,3.70599177,0.515979991,0.936035156,8,"0,11,23,39,63,67,107,95",0.9375,"16,16,16,16,16,16,16,8,5,2,1"
7,10,16,8199,8199,128,8,120,16,16,3.872983346,0.0,0.9375,8,"1,6,19,36,48,59,84,92",1.0,"16,16,16,16,16,16,16,16"
7,11,16,8199,8199,128,8,120,16,16,3.872983346,0.0,0.9375,8,"17,22,48,52,76,81,99,121",1.0,"16,16,16,16,16,16,16,16"
7,12,16,8199,8199,128,9,119,16,14.222222222,3.814036576,0.30518789,0.937133789,8,"11,18,41,49,77,109,27,40",0.984375,"16,16,16,16,16,16,15,15,2"
7,13,16,8199,8199,128,12,116,16,10.666666667,3.561951712,0.532168324,0.933105469,8,"27,49,63,92,110,119,91,20",0.890625,"16,16,16,16,16,15,12,7,5,4,3,2"
7,14,16,8199,8199,128,9,119,16,14.222222222,3.743744783,0.236190882,0.936645508,8,"2,5,9,59,87,97,109,14",0.9453125,"16,16,16,16,16,16,16,9,7"
7,15,16,8199,8199,128,9,119,16,14.222222222,3.793497726,0.286624005,0.937133789,8,"2,15,21,50,58,79,84,64",0.9765625,"16,16,16,16,16,16,16,13,3"
7,16,16,8199,8199,128,8,120,16,16,3.872983346,0.0,0.9375,8,"23,42,48,70,93,97,107,122",1.0,"16,16,16,16,16,16,16,16"
7,17,16,8199,8199,128,10,118,16,12.8,3.70599177,0.388745478,0.936157227,8,"34,54,73,96,116,122,80,124",0.9453125,"16,16,16,16,16,16,15,10,4,3"
7,18,16,8199,8199,128,10,118,16,12.8,3.731202889,0.407150444,0.936523438,8,"32,33,58,74,82,87,112,66",0.9453125,"16,16,16,16,16,16,16,9,6,1"
7,19,16,8199,8199,128,8,120,16,16,3.872983346,0.0,0.9375,8,"15,28,29,44,52,56,63,114",1.0,"16,16,16,16,16,16,16,16"
7,20,16,8199,8199,128,10,118,16,12.8,3.735388199,0.410137648,0.936401367,8,"6,68,76,85,92,114,0,69",0.9609375,"16,16,16,16,16,16,14,13,3,2"
7,21,16,8199,8199,128,10,118,16,12.8,3.625,0.323629925,0.934692383,8,"2,11,39,51,63,67,56,107",0.90625,"16,16,16,16,16,16,11,9,6,6"
7,22,16,8199,8199,128,10,118,16,12.8,3.697549864,0.382413695,0.935668945,8,"1,36,48,59,75,84,92,122",0.921875,"16,16,16,16,16,16,16,6,5,5"
7,23,16,8199,8199,128,11,117,16,11.636363636,3.557562368,0.416634113,0.933349609,8,"31,38,48,81,121,14,52,36",0.890625,"16,16,16,16,16,14,11,9,6,5,3"
7,24,16,8199,8199,128,11,117,16,11.636363636,3.71441449,0.521158753,0.935913086,8,"11,18,77,91,101,109,28,37",0.953125,"16,16,16,16,16,16,15,11,2,2,2"
7,25,16,8199,8199,128,8,120,16,16,3.872983346,0.0,0.9375,8,"31,49,50,72,91,110,119,124",1.0,"16,16,16,16,16,16,16,16"
7,26,16,8199,8199,128,9,119,16,14.222222222,3.842606537,0.32942451,0.93737793,8,"5,29,31,59,72,87,97,2",0.9921875,"16,16,16,16,16,16,16,15,1"
7,27,16,8199,8199,128,9,119,16,14.222222222,3.789376598,0.282765017,0.937011719,8,"21,50,64,84,111,118,14,26",0.9765625,"16,16,16,16,16,16,15,14,3"
7,28,16,8199,8199,128,9,119,16,14.222222222,3.842606537,0.32942451,0.93737793,8,"23,42,70,91,98,107,122,74",0.9921875,"16,16,16,16,16,16,16,15,1"
7,29,16,8199,8199,128,9,119,16,14.222222222,3.816084381,0.306982542,0.937255859,8,"13,34,37,70,96,120,124,123",0.984375,"16,16,16,16,16,16,16,14,2"
7,30,16,8199,8199,128,10,118,16,12.8,3.650770467,0.345521006,0.935302734,8,"6,18,58,63,82,94,120,39",0.9140625,"16,16,16,16,16,16,13,8,7,4"
7,31,16,8199,8199,128,9,119,16,14.222222222,3.789376598,0.282765017,0.937011719,8,"28,29,38,41,63,114,24,15",0.9765625,"16,16,16,16,16,16,15,14,3"
7,32,16,8199,8199,128,11,117,16,11.636363636,3.633610463,0.469660574,0.934570312,8,"6,48,51,68,85,124,11,90",0.90625,"16,16,16,16,16,16,14,6,5,4,3"
7,33,16,8199,8199,128,10,118,16,12.8,3.814036576,0.463248971,0.937133789,8,"11,39,53,63,67,115,124,56",0.984375,"16,16,16,16,16,16,16,14,1,1"
7,34,16,8199,8199,128,8,120,16,16,3.872983346,0.0,0.9375,8,"1,8,10,29,36,75,84,92",1.0,"16,16,16,16,16,16,16,16"
7,35,16,8199,8199,128,10,118,16,12.8,3.722818153,0.401109302,0.936401367,8,"6,17,31,51,70,77,48,110",0.953125,"16,16,16,16,16,16,14,12,5,1"
7,36,16,8199,8199,128,10,118,16,12.8,3.712310601,0.393427447,0.936279297,8,"11,18,62,77,101,109,49,91",0.9375,"16,16,16,16,16,16,15,9,7,1"
7,37,16,8199,8199,128,9,119,16,14.222222222,3.760402239,0.254116499,0.936889648,8,"27,34,49,50,72,91,110,31",0.9609375,"16,16,16,16,16,16,16,11,5"
7,38,16,8199,8199,128,9,119,16,14.222222222,3.760402239,0.254116499,0.936889648,8,"2,29,31,87,97,109,110,113",0.9609375,"16,16,16,16,16,16,16,11,5"
7,39,16,8199,8199,128,9,119,16,14.222222222,3.697549864,0.177809479,0.935668945,8,"14,48,63,84,110,118,16,99",0.921875,"16,16,16,16,16,16,11,11,10"
7,40,16,8199,8199,128,8,120,16,16,3.872983346,0.0,0.9375,8,"19,23,27,70,91,94,97,122",1.0,"16,16,16,16,16,16,16,16"
7,41,16,8199,8199,128,9,119,16,14.222222222,3.816084381,0.306982542,0.937255859,8,"80,81,96,100,116,118,124,123",0.984375,"16,16,16,16,16,16,16,14,2"
7,42,16,8199,8199,128,10,118,16,12.8,3.70599177,0.388745478,0.936157227,8,"0,30,63,66,76,88,28,47",0.9453125,"16,16,16,16,16,16,15,10,4,3"
7,43,16,8199,8199,128,10,118,16,12.8,3.727012879,0.404141161,0.936401367,8,"11,72,74,94,96,98,106,10",0.9375,"16,16,16,16,16,16,16,8,7,1"
7,44,16,8199,8199,128,9,119,16,14.222222222,3.743744783,0.236190882,0.936645508,8,"7,15,50,60,79,94,114,100",0.9453125,"16,16,16,16,16,16,16,9,7"
7,45,16,8199,8199,128,10,118,16,12.8,3.686970301,0.374348392,0.935791016,8,"4,54,65,67,113,121,110,41",0.921875,"16,16,16,16,16,16,15,7,7,3"
7,46,16,8199,8199,128,9,119,16,14.222222222,3.842606537,0.32942451,0.93737793,8,"4,15,18,48,70,90,122,20",0.9921875,"16,16,16,16,16,16,16,15,1"
7,47,16,8199,8199,128,9,119,16,14.222222222,3.75,0.243067956,0.936767578,8,"7,30,41,46,58,65,79,84",0.953125,"16,16,16,16,16,16,16,10,6"
